{"type": "FeatureCollection", "features": [{"type": "Feature", "geometry": {"type": "Polygon", "coordinates": [[[94.02706848754815, 23.050866736227015], [94.02705615623766, 23.04924098850471], [94.02647056669329, 23.049244791126927], [94.02646645884745, 23.048702875044366], [94.02588087152135, 23.04870667539924], [94.02587676614212, 23.048164759179443], [94.0252911810343, 23.04816855726709], [94.02528707812152, 23.047626640910114], [94.02470149523201, 23.047630436730643], [94.02468099423935, 23.044920853882033], [94.02526656541822, 23.04491705855806], [94.02526246324966, 23.044375141974225], [94.02584803196258, 23.044371344582146], [94.02582340750578, 23.041119844881344], [94.02640896204466, 23.041116045918372], [94.02639253885664, 23.038948379092727], [94.02756362883137, 23.03894077546159], [94.02755951866249, 23.038398858859672], [94.02814506112233, 23.03839505389344], [94.02812450043764, 23.035685470814688], [94.02871003106857, 23.035681664179865], [94.02870591696397, 23.035139747550346], [94.0292914451298, 23.035135938848725], [94.02928732880899, 23.034594022281098], [94.0298728545097, 23.0345902115128], [94.02986873597284, 23.03404829500711], [94.0292832126127, 23.034052105675674], [94.02926674907225, 23.031884438875956], [94.02985226307091, 23.03188062860638], [94.02984814515679, 23.0313387119117], [94.0310191681, 23.03133108507394], [94.03101092328504, 23.030247251970493], [94.02866889562118, 23.03026249618372], [94.02867712171542, 23.031346330085324], [94.0257495609362, 23.031365337613753], [94.02575366246889, 23.031907255005443], [94.0251681476004, 23.031911050112342], [94.02517224691684, 23.03245296756559], [94.0245867295841, 23.03245676060568], [94.02459082668416, 23.03299867812043], [94.02400530688715, 23.03300246909359], [94.0240094017707, 23.033544386669774], [94.02342387950941, 23.033548175575895], [94.0234361578814, 23.035173928375237], [94.02460721632359, 23.035166347801464], [94.02461131404323, 23.035708265127237], [94.02519684541919, 23.035704471491396], [94.02520914634424, 23.037330222944043], [94.02462360794574, 23.037334016877775], [94.0246277061611, 23.037875934052373], [94.02287108319926, 23.03788730315109], [94.02285471917212, 23.03571963303576], [94.02226918730089, 23.03572341800559], [94.02227736438539, 23.036807253336985], [94.01993521693815, 23.036822372342602], [94.01993113769755, 23.036280454300094], [94.01934560286804, 23.036284228536143], [94.0193415260916, 23.035742310357055], [94.0187559934796, 23.035746082327798], [94.01873969696922, 23.03357840883867], [94.02108178922722, 23.033563309537577], [94.02107362298798, 23.032479473356766], [94.02048810478935, 23.032483251233685], [94.02047586337731, 23.0308574963824], [94.02106137455526, 23.03085371880216], [94.0210572919913, 23.030311800541714], [94.0222283092965, 23.030304239081172], [94.02222422217599, 23.0297623209809], [94.02280972830319, 23.029758537100776], [94.02280563896635, 23.029216619061767], [94.02397664616973, 23.029209045002165], [94.02394799151976, 23.025415619059178], [94.02628993892988, 23.02540044773081], [94.02631045270945, 23.0281100358928], [94.02572495434501, 23.028113832470005], [94.02572905513345, 23.028655750088433], [94.0269000564178, 23.028648154569467], [94.02689595094978, 23.028106237149895], [94.02748144906595, 23.028102436241287], [94.02747734138241, 23.027560518883426], [94.0280628370346, 23.027556715908688], [94.02805050771073, 23.02593096390708], [94.02863599621992, 23.025927159065567], [94.02862777261343, 23.024843324408128], [94.03038422335814, 23.024831897489197], [94.03039658000921, 23.02645764852106], [94.02981108953388, 23.026461459958764], [94.02981932324504, 23.027545293990638], [94.02923382796598, 23.027549103462288], [94.02924205749578, 23.028632937542472], [94.03041305728829, 23.028625316034464], [94.03040893778163, 23.028083399212804], [94.03216542951641, 23.028071951007423], [94.03217780946876, 23.029697700459838], [94.03334881737366, 23.029690056894193], [94.03334055458781, 23.02860622436392], [94.03509705146861, 23.028594743372732], [94.03510118981853, 23.029136659356187], [94.03685769259229, 23.029125158572334], [94.0368494019789, 23.02804132716979], [94.03860588958553, 23.028029807497088], [94.03859343354937, 23.026404061014524], [94.04034989896934, 23.026392522757156], [94.04037069475254, 23.02910209852855], [94.03978519470661, 23.02910594728362], [94.03980182423777, 23.031273607623234], [94.03863080504888, 23.031281299441467], [94.03864326447616, 23.032907044903236], [94.03922878115415, 23.03290319977517], [94.03923293688817, 23.033445114752823], [94.03981845578086, 23.033441267357876], [94.0398392480392, 23.03615084117537], [94.04042477850903, 23.036146991110357], [94.04044142394308, 23.03831464908057], [94.03751372351884, 23.038333879753683], [94.03752202357974, 23.039417709518474], [94.03693647843589, 23.039421549353857], [94.03695307069832, 23.041589208831592], [94.03578196130368, 23.041596882805024], [94.03579853684006, 23.043764542480922], [94.03521297258825, 23.04376837661831], [94.03522539853057, 23.045394121279102], [94.03463982712792, 23.045397953549983], [94.0346522471711, 23.0470236981712], [94.03582340390372, 23.047016030860128], [94.03581925907983, 23.04647411622482], [94.03757598621227, 23.046462599302124], [94.03758844213988, 23.048088342190557], [94.03583169392742, 23.04809986001727], [94.0358441299029, 23.04972560346927], [94.03408735948057, 23.04973710268855], [94.03408322105764, 23.049195187941542], [94.03349763300908, 23.049199016578577], [94.03349349705368, 23.048657101693575], [94.03290791122252, 23.048660928062606], [94.03291617857334, 23.049744757995004], [94.03233058793224, 23.04974858239631], [94.03233471945252, 23.050290497405822], [94.03057793975228, 23.050301957901823], [94.03057381525979, 23.049760042592496], [94.0294026328546, 23.0497676718835], [94.0294108725937, 23.050851502863534], [94.02706848754815, 23.050866736227015]], [[94.0305037179632, 23.040547476547708], [94.03108926916543, 23.040543660348145], [94.03108514457567, 23.040001744458003], [94.03049959571477, 23.040005560557688], [94.0305037179632, 23.040547476547708]], [[94.03339427163098, 23.035651133107855], [94.0339798011396, 23.035647306974703], [94.03397566596884, 23.035105391244446], [94.03456119301171, 23.035101563045025], [94.03455705562538, 23.034559647377158], [94.03514258020255, 23.03455581711158], [94.03513430112427, 23.03347198586295], [94.03571982089524, 23.033468153631638], [94.03570739619579, 23.03184240677607], [94.03395085757026, 23.031853896068977], [94.03395499199074, 23.03239581202607], [94.03336947652514, 23.032399637558367], [94.03337360873034, 23.032941553577793], [94.03278809079943, 23.032945377044037], [94.0327922207892, 23.033487293125745], [94.032206700393, 23.033491114525834], [94.03221082816721, 23.034033030669764], [94.03279635090388, 23.034029209169653], [94.03280461150797, 23.035113041144047], [94.0333901388009, 23.03510921727745], [94.03339427163098, 23.035651133107855]]]}, "properties": {"id": 375, "label": "temporary radar change (return toward T1)", "class_id": 2, "direction": "increase", "area_ha": 317.68656864644544, "pixel_count": 882, "mean_change_db": 3.841984510421753, "max_change_db": 6.483979225158691, "mean_signed_db": 3.841984510421753, "first_observed": "2024-11-20T11:46:56.693237Z", "observation_interval": ["2024-04-18T11:46:55.497558Z", "2024-11-20T11:46:56.693237Z"], "persists_into_T3": false, "mean_power_by_date": [0.10581700503826141, 0.25707247853279114, 0.11755575239658356], "interpretation": "Unvalidated radar-change candidate; terrain, registration and moisture may explain the signal.", "mean_slope_deg": 0.1, "max_slope_deg": 0.62, "mean_elevation_m": 117.5, "terrain_risk_pct": 0.0, "terrain_tier": "Low Risk (Flat Lowland)", "priority_score": 68.48, "temporal_class": "seasonal_transient", "t4_status": "pending", "t4_mean_power": null, "t4_mean_signed_db": null, "t4_observation": null}}, {"type": "Feature", "geometry": {"type": "Polygon", "coordinates": [[[94.42896946583865, 23.7245333112506], [94.42894584215456, 23.722366161602924], [94.42776890903858, 23.72237703137207], [94.4277512077017, 23.720751667889274], [94.42716274816976, 23.720757099000807], [94.4271096755133, 23.715881005178925], [94.42769811317997, 23.715875575317792], [94.42769221466722, 23.71533378705772], [94.4288690846152, 23.715322920903084], [94.42886318142006, 23.71478113288173], [94.42827474896298, 23.714786566938372], [94.42826884837264, 23.71424477873867], [94.42768041816876, 23.714250210419657], [94.42767452018307, 23.713708422041655], [94.4264976641061, 23.713719278415955], [94.42647998577563, 23.712093912212744], [94.42530314356904, 23.71210475880807], [94.4252972560005, 23.71156296971751], [94.4247088370627, 23.711568389521872], [94.42467352990462, 23.708317653321053], [94.42761554998836, 23.708290536099778], [94.42760965393504, 23.707748747289415], [94.42819805499703, 23.707743317276126], [94.42817446282855, 23.705576162197534], [94.42876285400317, 23.7055707305044], [94.42875695397261, 23.70502894177552], [94.4334640576136, 23.70498540885947], [94.43345221923812, 23.70390183351223], [94.43051030505883, 23.703929056958433], [94.43050439827307, 23.703387268529056], [94.42991601733647, 23.703392706372544], [94.42991011315412, 23.702850917764668], [94.42696821797101, 23.70287807275489], [94.4269623261014, 23.702336283412638], [94.42637394896524, 23.702341707565566], [94.42635628169143, 23.700716338886565], [94.42812139072821, 23.70070006097175], [94.42811549470662, 23.700158271750187], [94.42988059488104, 23.700141974135835], [94.42989240166257, 23.701225551705264], [94.43165751481655, 23.701209233139316], [94.43166342575279, 23.701751021447357], [94.4322517988792, 23.701745577315545], [94.43225771241883, 23.702287365444935], [94.43402283802236, 23.702271019219364], [94.43404060154522, 23.703896382116437], [94.43580574740766, 23.70388001451601], [94.43583539322297, 23.70658894979688], [94.4364237869624, 23.706583488760245], [94.43643565138096, 23.707667062317856], [94.43702404979952, 23.70766159876579], [94.43704185503725, 23.709286958387825], [94.43527663739839, 23.709303343594264], [94.43526478163203, 23.708219769713605], [94.43467638025544, 23.708225226697618], [94.4346704550652, 23.707683439558657], [94.43408205594014, 23.70768889416711], [94.43407613335441, 23.70714710684923], [94.43348773648091, 23.707152559082235], [94.43351141817013, 23.709319708676016], [94.43292301140785, 23.709325159231103], [94.43293484845411, 23.71040873407108], [94.43058120021598, 23.710430515045264], [94.43059892796568, 23.712055878682534], [94.43118734757496, 23.712050436375517], [94.43118143572045, 23.711508648675004], [94.43176985272504, 23.71150320427092], [94.43176393861813, 23.71096141667042], [94.43411759516, 23.710939617248748], [94.43412351898093, 23.711481404291412], [94.4347119351039, 23.711475948705747], [94.43472971491141, 23.713101309179006], [94.43414129150251, 23.713106765183493], [94.4341590656124, 23.714732125721685], [94.4323937724674, 23.714748481571686], [94.43239969023666, 23.715290268757595], [94.43181125640668, 23.715295716373657], [94.43184083575098, 23.71800465241034], [94.43007549676558, 23.71802098392727], [94.43008140587473, 23.71856277143447], [94.43125830356668, 23.71855188571504], [94.4312819612004, 23.72071903423663], [94.43069350272393, 23.720724478772], [94.43069941514295, 23.721266265943363], [94.43128787604923, 23.721260821268718], [94.43131153720621, 23.7234279690038], [94.43072306657994, 23.723433414235586], [94.43073489335508, 23.724516988145734], [94.42896946583865, 23.7245333112506]], [[94.43231094220485, 23.707163456840675], [94.43289933943103, 23.707158009079386], [94.43289342187757, 23.70661622144318], [94.43230502707931, 23.706621669065047], [94.43231094220485, 23.707163456840675]]]}, "properties": {"id": 2, "label": "persistent radar change", "class_id": 1, "direction": "decrease", "area_ha": 148.72085194498052, "pixel_count": 413, "mean_change_db": 6.730761528015137, "max_change_db": 9.483627319335938, "mean_signed_db": -6.730761528015137, "first_observed": "2024-11-20T11:46:56.693237Z", "observation_interval": ["2024-04-18T11:46:55.497558Z", "2024-11-20T11:46:56.693237Z"], "persists_into_T3": true, "mean_power_by_date": [0.17030733823776245, 0.03800046071410179, 0.03988843411207199], "interpretation": "Unvalidated radar-change candidate; terrain, registration and moisture may explain the signal.", "mean_slope_deg": 0.15, "max_slope_deg": 0.81, "mean_elevation_m": 107.2, "terrain_risk_pct": 0.0, "terrain_tier": "Low Risk (Flat Lowland)", "priority_score": 82.08, "temporal_class": "persistent", "t4_status": "pending", "t4_mean_power": null, "t4_mean_signed_db": null, "t4_observation": null}}, {"type": "Feature", "geometry": {"type": "Polygon", "coordinates": [[[94.41280776509382, 23.36922418718935], [94.4127790596159, 23.366515107342835], [94.41512661445444, 23.366493890611885], [94.41512086434463, 23.365952075075178], [94.41394709203578, 23.36596268756605], [94.41394134686395, 23.36542087171584], [94.40983315503416, 23.365457945175017], [94.40981597058737, 23.363832494512796], [94.4104028485031, 23.36382720531484], [94.41039711831556, 23.363285388486684], [94.40981024278229, 23.363290677547738], [94.40980451514913, 23.36274886054385], [94.4092176418263, 23.362754147268355], [94.40924054386056, 23.36492141559832], [94.40747989427149, 23.364937264214674], [94.40747417565294, 23.36439544678022], [94.4068872944958, 23.36440072511595], [94.40687014681734, 23.362775272169802], [94.40863076833165, 23.3627594317932], [94.408625045635, 23.36221761447686], [94.40686443126762, 23.362233454443448], [94.40684157078432, 23.36006618314983], [94.40625470851388, 23.360071458193264], [94.40624899620387, 23.359529640136262], [94.40507527591261, 23.359540183352042], [94.40505244744152, 23.35737290964419], [94.40739984922965, 23.357351816599678], [94.40737698539559, 23.35518454445514], [94.40796382588783, 23.355179266242917], [94.40795810797698, 23.354637448246407], [94.40619759312948, 23.354653275876693], [94.406191882534, 23.35411145743158], [94.40501820987419, 23.354121997918124], [94.405001093403, 23.352496541531213], [94.40382743434472, 23.352507072404677], [94.40381033370049, 23.350881614850504], [94.40557080060296, 23.35086581646971], [94.40557650778905, 23.351407635284144], [94.40616333212809, 23.351402364623898], [94.40615762256118, 23.350860545945945], [94.40674444434798, 23.350855273223765], [94.40673873257175, 23.35031345464354], [94.40380463382802, 23.350339795588177], [94.40378753523736, 23.348714337568424], [94.40437434818679, 23.34870907418513], [94.40436294522108, 23.347625435583918], [94.4061233687594, 23.347609633063392], [94.40612907729785, 23.34815145197415], [94.40671588718163, 23.348146179934634], [94.40673302096701, 23.349771636024524], [94.40790665450326, 23.3497610845314], [94.40786092975279, 23.345426536368183], [94.40962132164161, 23.345410695923466], [94.40961559967997, 23.344868877638707], [94.41196277693929, 23.34484772682396], [94.41196850842096, 23.34538954456091], [94.41255530468572, 23.34538425122572], [94.41256103871956, 23.345926068786774], [94.41314783719223, 23.345920773116614], [94.4131593105368, 23.347004407847987], [94.41374611359755, 23.346999109705532], [94.41375759239176, 23.348082744007232], [94.41551801482167, 23.348066835568055], [94.41553525572988, 23.349692285493553], [94.41436162666609, 23.349702894141902], [94.41436736921935, 23.35024471098081], [94.41378055204818, 23.350250012144862], [94.41378629239313, 23.350791829082233], [94.41437311194501, 23.350786527780908], [94.4143788548431, 23.351328344542186], [94.41496567660332, 23.351323040905147], [94.41498865944368, 23.3534903070127], [94.41440182815964, 23.353495611199076], [94.4144133158525, 23.3545792442946], [94.41558698777276, 23.354568633173717], [94.41560423489344, 23.356194081701602], [94.41384370532222, 23.356209996320835], [94.4138322213575, 23.35512636318369], [94.41265854364023, 23.355136961386307], [94.41262986055622, 23.352427876492094], [94.41204303334496, 23.35243317160959], [94.41206023553548, 23.354058623073904], [94.40971289639668, 23.354079783201872], [94.40975297418639, 23.3578725057618], [94.41033982589916, 23.357867218069707], [94.4103684699577, 23.360576303763494], [94.41154219668596, 23.360565720412115], [94.4115364627663, 23.360023903624956], [94.4127101840421, 23.3600133117501], [94.41270444553068, 23.359471495198317], [94.4162255909301, 23.359439667613284], [94.41628888126051, 23.36539963848379], [94.41687576442806, 23.365394324676004], [94.41689303620242, 23.367019770048827], [94.41513236473683, 23.367035706109746], [94.41514386581936, 23.368119336988958], [94.41455697021966, 23.36812464488384], [94.41456846722636, 23.369208275882404], [94.41280776509382, 23.36922418718935]], [[94.40795239023777, 23.35409563021109], [94.40912606118215, 23.35408506773702], [94.40911461669417, 23.35300143209691], [94.4079409552743, 23.353011994024016], [94.40795239023777, 23.35409563021109]], [[94.41081782398143, 23.347567396293652], [94.41140463011106, 23.34756210680617], [94.41139890032126, 23.34702028908741], [94.41081209657193, 23.347025578437904], [94.41081782398143, 23.347567396293652]]]}, "properties": {"id": 208, "label": "temporary radar change (return toward T1)", "class_id": 2, "direction": "increase", "area_ha": 177.5308325621798, "pixel_count": 493, "mean_change_db": 4.343990802764893, "max_change_db": 6.402440547943115, "mean_signed_db": 4.343990802764893, "first_observed": "2024-11-20T11:46:56.693237Z", "observation_interval": ["2024-04-18T11:46:55.497558Z", "2024-11-20T11:46:56.693237Z"], "persists_into_T3": false, "mean_power_by_date": [0.06407634168863297, 0.17369510233402252, 0.08011367172002792], "interpretation": "Unvalidated radar-change candidate; terrain, registration and moisture may explain the signal.", "mean_slope_deg": 1.9, "max_slope_deg": 9.38, "mean_elevation_m": 137.4, "terrain_risk_pct": 0.0, "terrain_tier": "Low Risk (Flat Lowland)", "priority_score": 57.88, "temporal_class": "seasonal_transient", "t4_status": "pending", "t4_mean_power": null, "t4_mean_signed_db": null, "t4_observation": null}}, {"type": "Feature", "geometry": {"type": "Polygon", "coordinates": [[[94.40771450545039, 23.3871517455916], [94.4076973289906, 23.38552629794878], [94.4053494314344, 23.38554741939514], [94.40535514720766, 23.386089235861238], [94.4024202594778, 23.386115588804355], [94.40241455563158, 23.385573771656663], [94.40182757995738, 23.38557903550275], [94.40181617754892, 23.38449540081855], [94.40122920647433, 23.384500662190376], [94.40122350791185, 23.383958844653932], [94.40063653905149, 23.38396410368776], [94.40060236557657, 23.380713196837355], [94.40177627450684, 23.380702678200457], [94.40177057475634, 23.380160860528253], [94.40235752658029, 23.38015559804359], [94.40234612282313, 23.37907196285495], [94.40175917576838, 23.379077225067338], [94.40175347653091, 23.378535407278623], [94.40116653168965, 23.378540667153537], [94.4011608350076, 23.37799884918992], [94.39998694958119, 23.37800936206374], [94.39996418363623, 23.375842088733084], [94.40113804998866, 23.375831576947178], [94.40113235416123, 23.375289758789418], [94.40054542345449, 23.375295015646884], [94.4005169588002, 23.372585923595686], [94.40286463292442, 23.37256488568177], [94.40287603734356, 23.373648521529955], [94.4052237277998, 23.37362744731414], [94.40523515197437, 23.37471108191642], [94.4081697850261, 23.374684688262633], [94.40817550929032, 23.375226504822614], [94.40934936607704, 23.375215931681137], [94.40937801381641, 23.377925012530582], [94.40996495387274, 23.37791972197405], [94.40997068632078, 23.37846153789053], [94.41055762858947, 23.378456244995817], [94.41059777723459, 23.382248954364943], [94.40883689983458, 23.38226482931961], [94.40884262888883, 23.38280664519901], [94.40825566702668, 23.38281193258393], [94.40826712088072, 23.38389556449973], [94.40885408751299, 23.383890276841278], [94.4088598170829, 23.384432092604126], [94.40944678592845, 23.384426802606963], [94.4094525180555, 23.38496861819413], [94.41003948911433, 23.384963325858152], [94.4100624288839, 23.38713058727074], [94.40771450545039, 23.3871517455916]], [[94.40533228514346, 23.38392196976379], [94.40650621995324, 23.38391141426382], [94.40649478040963, 23.382827781528082], [94.40590781786067, 23.382833060105927], [94.40589638377331, 23.381749426941724], [94.40530942582267, 23.38175470304483], [94.40529799719098, 23.38067106945229], [94.40353713661945, 23.38068688373339], [94.40355996595018, 23.38285415239951], [94.40297300254427, 23.38285941996845], [94.40297870792, 23.38340123717414], [94.40532657005608, 23.383380153142312], [94.40533228514346, 23.38392196976379]]]}, "properties": {"id": 186, "label": "temporary radar change (return toward T1)", "class_id": 2, "direction": "increase", "area_ha": 113.07283701020005, "pixel_count": 314, "mean_change_db": 4.361790180206299, "max_change_db": 5.957705020904541, "mean_signed_db": 4.361790180206299, "first_observed": "2024-11-20T11:46:56.693237Z", "observation_interval": ["2024-04-18T11:46:55.497558Z", "2024-11-20T11:46:56.693237Z"], "persists_into_T3": false, "mean_power_by_date": [0.06639087200164795, 0.18048641085624695, 0.07792859524488449], "interpretation": "Unvalidated radar-change candidate; terrain, registration and moisture may explain the signal.", "mean_slope_deg": 2.15, "max_slope_deg": 10.63, "mean_elevation_m": 127.2, "terrain_risk_pct": 0.0, "terrain_tier": "Low Risk (Flat Lowland)", "priority_score": 46.38, "temporal_class": "seasonal_transient", "t4_status": "pending", "t4_mean_power": null, "t4_mean_signed_db": null, "t4_observation": null}}, {"type": "Feature", "geometry": {"type": "Polygon", "coordinates": [[[94.35857422061261, 22.821849705961323], [94.35856884367269, 22.821307840066773], [94.35681522477726, 22.821322783407524], [94.35679374639041, 22.819155317873204], [94.35737827693914, 22.81915033942781], [94.35736753410202, 22.818066606695023], [94.35678300817604, 22.81807158487789], [94.35676690207822, 22.81644598509977], [94.35735142107062, 22.81644100731066], [94.35730309079047, 22.811564207104492], [94.35847208669158, 22.811554247462425], [94.35846133918308, 22.81047051419042], [94.3602148179472, 22.810455559450226], [94.3602201985508, 22.810997425710834], [94.36255817718762, 22.81097745554255], [94.3625743477055, 22.812603052516202], [94.36374334990398, 22.812593053788714], [94.36373795494646, 22.812051188432537], [94.36432245348924, 22.8120461859874], [94.36431705638522, 22.811504320725124], [94.36490155245349, 22.811499316269813], [94.36489615320313, 22.810957451101487], [94.36372716552333, 22.810967457606107], [94.36372177105773, 22.810425592135857], [94.36255278734268, 22.810435589808623], [94.36254739766156, 22.809893724036673], [94.36196290786852, 22.809898719528313], [94.3619575206614, 22.80935685358659], [94.36078854520451, 22.809366837880727], [94.36078316278142, 22.808824971637648], [94.36019867711764, 22.808829960440313], [94.36020943750714, 22.80991369315161], [94.35787147473597, 22.80993362799541], [94.35784462119011, 22.80722429330328], [94.3642738854585, 22.807169397257983], [94.36427928125023, 22.80771126282446], [94.36486376114726, 22.807706259292985], [94.36486915941299, 22.808248124689463], [94.36545364145587, 22.808243118884263], [94.36545904219572, 22.80878498411068], [94.36779697796501, 22.808764938943657], [94.36780238810942, 22.809306803603366], [94.36838687395088, 22.809301786824783], [94.36839228656991, 22.809843651314143], [94.3695612623795, 22.809833611066615], [94.3695775150856, 22.811459203512076], [94.36899302033221, 22.811464225104082], [94.36899843591983, 22.812006089308927], [94.3684139386914, 22.812011108891245], [94.36841935213312, 22.81255297319043], [94.36783485242964, 22.812557990762922], [94.36784567518546, 22.813641719511836], [94.36726117069627, 22.81364673520666], [94.36726658001018, 22.81418859965634], [94.36668207304585, 22.81419361334106], [94.36668748021336, 22.814735477884906], [94.3661029707739, 22.814740489559416], [94.3661245918435, 22.816907947883074], [94.36670911052688, 22.816902935679934], [94.36670370270198, 22.816361071288235], [94.36845725083248, 22.81634602221971], [94.36847891085243, 22.818513477970995], [94.36789438572869, 22.818518496999083], [94.36789979883376, 22.819060360974127], [94.36556168744897, 22.819080416187045], [94.36556709147281, 22.819622280652816], [94.36498256090444, 22.81962728923089], [94.364987962781, 22.820169153790676], [94.36264982962054, 22.820189167201175], [94.36264443699004, 22.819647302113744], [94.36205990560157, 22.819652299977083], [94.3620545154464, 22.81911043471984], [94.36088545680101, 22.819120423754274], [94.36090699991202, 22.821287885608506], [94.36032246109752, 22.821292877437777], [94.36032784497273, 22.821834742937853], [94.35857422061261, 22.821849705961323]], [[94.35913186760563, 22.819135391234145], [94.35971639750097, 22.819130404217095], [94.35971101675518, 22.818588538395318], [94.35912648917123, 22.818593525280882], [94.35913186760563, 22.819135391234145]], [[94.36262286810681, 22.81747984138367], [94.3637919119013, 22.81746984028296], [94.36378651546784, 22.81692797526906], [94.36261747629568, 22.81693797610607], [94.36262286810681, 22.81747984138367]], [[94.36027939598557, 22.816957952068023], [94.36144843646808, 22.816947968372393], [94.36144304944303, 22.81640610279329], [94.3608585315947, 22.816411095580793], [94.36085314704441, 22.81586922983201], [94.36026863134349, 22.815874220345297], [94.36027939598557, 22.816957952068023]], [[94.36141073073071, 22.813154908520097], [94.36199523455014, 22.8131499143802], [94.36198984636044, 22.81260804866661], [94.36140534485163, 22.81261304267481], [94.36141073073071, 22.813154908520097]]]}, "properties": {"id": 442, "label": "temporary radar change (return toward T1)", "class_id": 2, "direction": "increase", "area_ha": 138.64393177677823, "pixel_count": 385, "mean_change_db": 3.468536615371704, "max_change_db": 4.359779357910156, "mean_signed_db": 3.468536615371704, "first_observed": "2024-11-20T11:46:56.693237Z", "observation_interval": ["2024-04-18T11:46:55.497558Z", "2024-11-20T11:46:56.693237Z"], "persists_into_T3": false, "mean_power_by_date": [0.08828287571668625, 0.1961955726146698, 0.09365619719028473], "interpretation": "Unvalidated radar-change candidate; terrain, registration and moisture may explain the signal.", "mean_slope_deg": 1.27, "max_slope_deg": 4.51, "mean_elevation_m": 123.9, "terrain_risk_pct": 0.0, "terrain_tier": "Low Risk (Flat Lowland)", "priority_score": 40.84, "temporal_class": "seasonal_transient", "t4_status": "pending", "t4_mean_power": null, "t4_mean_signed_db": null, "t4_observation": null}}, {"type": "Feature", "geometry": {"type": "Polygon", "coordinates": [[[94.03107219885646, 22.88392081617713], [94.03106810557667, 22.88337888958837], [94.02872860510988, 22.883394042969513], [94.0287245212377, 22.882852115944456], [94.02813964813184, 22.88285589881379], [94.02811924223323, 22.88014626262675], [94.02636465698244, 22.880157596840405], [94.0263605831356, 22.87961566919195], [94.0257757234584, 22.879619442863394], [94.02576758077633, 22.87853558725508], [94.02518272561623, 22.878539358577854], [94.02517865678078, 22.87799743061806], [94.02400895073063, 22.878004966615084], [94.0240130149256, 22.87854689477319], [94.02225844796465, 22.87855818294062], [94.02224221976653, 22.876390468894453], [94.02282706626285, 22.876386708717888], [94.02282300720121, 22.87584478021133], [94.02399269518428, 22.875837253606726], [94.02398863160604, 22.87529532526065], [94.02515831445595, 22.875287790255182], [94.02515424636145, 22.874745862069837], [94.0257390852814, 22.874742091441743], [94.02572687477978, 22.873116306957844], [94.02748136992103, 22.87310498306967], [94.02748952404968, 22.87418883883376], [94.0304137033386, 22.8741699217011], [94.03042188115991, 22.87525377631905], [94.03159156128618, 22.875246194019656], [94.03160384286863, 22.87687197506594], [94.03101899590781, 22.876875767589908], [94.0310230876971, 22.87741769462994], [94.03043823829199, 22.87742148510377], [94.03044232788532, 22.877963412205943], [94.03219688268837, 22.877952034035204], [94.03219278613462, 22.877410107232446], [94.03277763516691, 22.8774063103088], [94.0327653392917, 22.875780529974666], [94.03510470633618, 22.87576532198147], [94.03510881411654, 22.876307248396877], [94.03686334505072, 22.87629581952875], [94.03691273167433, 22.882798929970743], [94.03515811720686, 22.882810362448325], [94.03514168084821, 22.880642658366284], [94.03397195581147, 22.880650268464542], [94.03398016445902, 22.88173412098129], [94.0333952971126, 22.88173792300509], [94.03340760405591, 22.88336370179823], [94.03282272962268, 22.883367501971602], [94.03282682986521, 22.883909428260754], [94.03107219885646, 22.88392081617713]]]}, "properties": {"id": 35, "label": "persistent radar change", "class_id": 1, "direction": "increase", "area_ha": 99.7722839752557, "pixel_count": 277, "mean_change_db": 4.7944512367248535, "max_change_db": 6.905493259429932, "mean_signed_db": 4.7944512367248535, "first_observed": "2024-11-20T11:46:56.693237Z", "observation_interval": ["2024-04-18T11:46:55.497558Z", "2024-11-20T11:46:56.693237Z"], "persists_into_T3": true, "mean_power_by_date": [0.06452279537916183, 0.19523662328720093, 0.17099998891353607], "interpretation": "Unvalidated radar-change candidate; terrain, registration and moisture may explain the signal.", "mean_slope_deg": 0.25, "max_slope_deg": 0.55, "mean_elevation_m": 146.4, "terrain_risk_pct": 0.0, "terrain_tier": "Low Risk (Flat Lowland)", "priority_score": 47.89, "temporal_class": "persistent", "t4_status": "pending", "t4_mean_power": null, "t4_mean_signed_db": null, "t4_observation": null}}, {"type": "Feature", "geometry": {"type": "Polygon", "coordinates": [[[94.37503911883645, 23.40640805709226], [94.37502232552852, 23.40478259082776], [94.37560939253382, 23.404777423605786], [94.37558139510512, 23.402068313056454], [94.37499434003908, 23.402073479610614], [94.37498874344473, 23.401531657250743], [94.37381463758446, 23.40154198348039], [94.37379227198514, 23.39937469258502], [94.37496635874572, 23.399364367423157], [94.37496076299054, 23.398822544869233], [94.3767218847107, 23.398807041000122], [94.37671067938084, 23.39772339657751], [94.37612364374971, 23.397728566470107], [94.37611804372388, 23.397186744066918], [94.37553101031186, 23.397191911622464], [94.37553660795062, 23.39773373415926], [94.37494957198366, 23.397738899644963], [94.37495516740319, 23.3982807222765], [94.37260701230926, 23.398301362718453], [94.37259584073487, 23.397217716349296], [94.3720088063166, 23.397222870684462], [94.37199764018627, 23.396139223893567], [94.37141061037448, 23.39614437575892], [94.37139386959524, 23.394518904881963], [94.37198089224664, 23.39451375341623], [94.37197530993498, 23.393971929846188], [94.37432338931887, 23.39395130248547], [94.3743289811771, 23.39449312552213], [94.37491600299057, 23.394487963040824], [94.37492159740323, 23.395029785905187], [94.37550862143561, 23.395024621087227], [94.37551421840286, 23.395566443779245], [94.37610124465412, 23.395561276624516], [94.37609564530011, 23.395019454066105], [94.37726969252519, 23.395009113414385], [94.37724727769586, 23.39284182386218], [94.37783429150997, 23.392836650766675], [94.37782868583643, 23.392294828415384], [94.38017672986506, 23.392274114539802], [94.38018234508418, 23.392815936355447], [94.38076935805681, 23.39281075224535], [94.38078621188444, 23.394436217057258], [94.3796121714515, 23.394446583878704], [94.3796233986323, 23.395530227428704], [94.38021042370643, 23.39552504485152], [94.38022165633446, 23.396608687978254], [94.38139571552469, 23.39659831567793], [94.38140695837454, 23.397681958113044], [94.38199399249078, 23.397676768389562], [94.38200524078934, 23.398760410401042], [94.38259227951116, 23.398755218205675], [94.38259790630069, 23.399297039018943], [94.38435902861507, 23.399281448808598], [94.38438720090593, 23.401990550277272], [94.38203898973347, 23.402011335503754], [94.38204461514795, 23.40255315621832], [94.38145755954523, 23.40255834714945], [94.38147442963742, 23.404183809462765], [94.37971324032736, 23.40419937023922], [94.37970762395834, 23.40365754910471], [94.37912056290592, 23.40366273148801], [94.37909810866495, 23.401495446025912], [94.37851105699508, 23.401500625669538], [94.37854472503989, 23.40475155443318], [94.37795765887496, 23.404756732676066], [94.37797448800484, 23.406382196935347], [94.37503911883645, 23.40640805709226]]]}, "properties": {"id": 159, "label": "temporary radar change (return toward T1)", "class_id": 2, "direction": "increase", "area_ha": 102.99194847898993, "pixel_count": 286, "mean_change_db": 4.426239013671875, "max_change_db": 6.601213455200195, "mean_signed_db": 4.426239013671875, "first_observed": "2024-11-20T11:46:56.693237Z", "observation_interval": ["2024-04-18T11:46:55.497558Z", "2024-11-20T11:46:56.693237Z"], "persists_into_T3": false, "mean_power_by_date": [0.07073178142309189, 0.19645096361637115, 0.08277539908885956], "interpretation": "Unvalidated radar-change candidate; terrain, registration and moisture may explain the signal.", "mean_slope_deg": 0.81, "max_slope_deg": 12.55, "mean_elevation_m": 116.1, "terrain_risk_pct": 0.0, "terrain_tier": "Low Risk (Flat Lowland)", "priority_score": 44.92, "temporal_class": "seasonal_transient", "t4_status": "pending", "t4_mean_power": null, "t4_mean_signed_db": null, "t4_observation": null}}, {"type": "Feature", "geometry": {"type": "Polygon", "coordinates": [[[94.39455151925519, 22.738084927975553], [94.39454602248998, 22.73754306461365], [94.39396184859716, 22.73754816211545], [94.39394536620759, 22.73592257139752], [94.39569786667822, 22.735907273702757], [94.39568686545222, 22.734823547176553], [94.3945185411743, 22.734833747234415], [94.39449655913413, 22.73266629264739], [94.3950807121558, 22.732661194224768], [94.39506971753968, 22.731577466973043], [94.3956538657939, 22.731572366686393], [94.3956208721646, 22.728321184829053], [94.39620500645286, 22.72831608321834], [94.39619950580125, 22.727774219577466], [94.39561537381249, 22.727779321053255], [94.39560987562783, 22.72723745723948], [94.39385748555544, 22.72725274846277], [94.39383003163226, 22.724543426802178], [94.39441415032758, 22.724538332534742], [94.39439218100343, 22.7223708750619], [94.39497629033579, 22.722365779200747], [94.39496530208002, 22.72128205050615], [94.39554940664763, 22.72127695278202], [94.39553841446413, 22.720193224205293], [94.3961225142672, 22.72018812461839], [94.39610602035239, 22.718562531873314], [94.39669011309283, 22.718557430558846], [94.39668461315794, 22.718015566369534], [94.4001891522905, 22.717984914515366], [94.40022223715563, 22.721236094215815], [94.39963813392932, 22.72124120900062], [94.3996546717334, 22.722866798744178], [94.39790234035884, 22.722882131519924], [94.39791335260776, 22.723965858636976], [94.40083392704815, 22.723940291994413], [94.40085048116536, 22.725565880356296], [94.40026635971596, 22.725570998356638], [94.40027187579196, 22.72611286120335], [94.39910362779082, 22.72612309107555], [94.39911465124962, 22.72720681719621], [94.39969877993278, 22.72720170305612], [94.39971532327846, 22.72882729154647], [94.40029945869213, 22.72882217486722], [94.4003104930283, 22.729905900066893], [94.40089463287326, 22.729900780983513], [94.40090015259312, 22.730442643390994], [94.40148429456976, 22.730437522038702], [94.40150086163767, 22.7320631086269], [94.40266915888569, 22.732052858708574], [94.4026857412678, 22.733678444141702], [94.40093327444255, 22.733693817038162], [94.40092775371404, 22.7331519548586], [94.39917529227631, 22.733167308144253], [94.39918080610428, 22.733709170729817], [94.39742833625486, 22.73372450521659], [94.39743384334993, 22.734266368169656], [94.39918632010014, 22.73425103327739], [94.3992028630952, 22.735876620692174], [94.39803453162712, 22.735886846898804], [94.39804555192777, 22.73697057219285], [94.39746138134088, 22.73697568236523], [94.39746688944219, 22.73751754509038], [94.3968827163869, 22.737522653263596], [94.39688822235516, 22.738064516085824], [94.39455151925519, 22.738084927975553]]]}, "properties": {"id": 491, "label": "temporary radar change (return toward T1)", "class_id": 2, "direction": "increase", "area_ha": 110.55217399639446, "pixel_count": 307, "mean_change_db": 3.7544357776641846, "max_change_db": 4.851634979248047, "mean_signed_db": 3.7544357776641846, "first_observed": "2024-11-20T11:46:56.693237Z", "observation_interval": ["2024-04-18T11:46:55.497558Z", "2024-11-20T11:46:56.693237Z"], "persists_into_T3": false, "mean_power_by_date": [0.08945497125387192, 0.21307280659675598, 0.10243627429008484], "interpretation": "Unvalidated radar-change candidate; terrain, registration and moisture may explain the signal.", "mean_slope_deg": 1.63, "max_slope_deg": 6.13, "mean_elevation_m": 139.1, "terrain_risk_pct": 0.0, "terrain_tier": "Low Risk (Flat Lowland)", "priority_score": 39.48, "temporal_class": "seasonal_transient", "t4_status": "pending", "t4_mean_power": null, "t4_mean_signed_db": null, "t4_observation": null}}, {"type": "Feature", "geometry": {"type": "Polygon", "coordinates": [[[94.08164555389165, 22.77031713361298], [94.08162420366945, 22.767607505997457], [94.08220857455865, 22.76760354533649], [94.082200030768, 22.766519694236813], [94.08278439691593, 22.76651573164685], [94.08275448160613, 22.762722252348603], [94.08392318123722, 22.762714322220596], [94.08391034851113, 22.761088545444142], [94.08332600567554, 22.761092511262714], [94.08331318103536, 22.759466733834206], [94.08565052393926, 22.759450858992295], [94.08564624010096, 22.758908933527206], [94.085061906875, 22.75891290533898], [94.08504906305579, 22.757287128403735], [94.08563338936834, 22.7572831569068], [94.08562910605156, 22.75674123129162], [94.0867977536768, 22.756733282096018], [94.08678917821747, 22.755649431173218], [94.08912645346753, 22.75563350797712], [94.08913934450328, 22.757259283042647], [94.08855501897405, 22.757263267363157], [94.08857219963494, 22.759430967346304], [94.08915653438214, 22.759426982604644], [94.08917802467387, 22.762136606212746], [94.08742498546796, 22.762148555603773], [94.08742927700371, 22.762690480528505], [94.0868449280354, 22.762694459488433], [94.08684921739665, 22.76323638448076], [94.08626486599272, 22.76324036140793], [94.08626915317933, 22.763782286467794], [94.08685350688843, 22.76377830943556], [94.08685779651077, 22.764320234352823], [94.08802650814773, 22.76431227366422], [94.08802221391494, 22.76377034895727], [94.0886065672322, 22.76376636551121], [94.08860227082492, 22.76322444087196], [94.0897709724568, 22.763216467776687], [94.0897666715701, 22.762674543310546], [94.09268841183254, 22.762654573687165], [94.09270566226836, 22.7648222692161], [94.09036823343756, 22.76483825087922], [94.09037253715319, 22.765380175089813], [94.08978817731253, 22.765384165265896], [94.08979247885371, 22.76592608954436], [94.08862375416886, 22.765934063692868], [94.08864094319776, 22.768101761273947], [94.08747219954492, 22.768109727711536], [94.0874807856207, 22.76919357669771], [94.08689640898663, 22.769197556919174], [94.08690069991454, 22.76973948146109], [94.08631632084396, 22.769743459649124], [94.08632060959643, 22.77028538425858], [94.08164555389165, 22.77031713361298]]]}, "properties": {"id": 65, "label": "persistent radar change", "class_id": 1, "direction": "increase", "area_ha": 91.48506636893532, "pixel_count": 254, "mean_change_db": 4.218532085418701, "max_change_db": 6.125698566436768, "mean_signed_db": 4.218532085418701, "first_observed": "2024-11-20T11:46:56.693237Z", "observation_interval": ["2024-04-18T11:46:55.497558Z", "2024-11-20T11:46:56.693237Z"], "persists_into_T3": true, "mean_power_by_date": [0.06913862377405167, 0.1825912594795227, 0.17225408554077148], "interpretation": "Unvalidated radar-change candidate; terrain, registration and moisture may explain the signal.", "mean_slope_deg": 0.25, "max_slope_deg": 1.67, "mean_elevation_m": 142.4, "terrain_risk_pct": 0.0, "terrain_tier": "Low Risk (Flat Lowland)", "priority_score": 40.35, "temporal_class": "persistent", "t4_status": "pending", "t4_mean_power": null, "t4_mean_signed_db": null, "t4_observation": null}}, {"type": "Feature", "geometry": {"type": "Polygon", "coordinates": [[[94.4716782483737, 22.902128699366916], [94.47164901360155, 22.899419529581202], [94.47340354749164, 22.89940327026665], [94.47339184089617, 22.898319602938965], [94.47280700108622, 22.898325024576284], [94.47278944948799, 22.89669952286956], [94.47454394749477, 22.89668325278871], [94.47453809035392, 22.896141419237598], [94.47512292034659, 22.89613599171882], [94.47510534302748, 22.894510491263606], [94.4780294555106, 22.894483323554766], [94.47802358515612, 22.893941490707423], [94.4797780435475, 22.89392516470704], [94.47979567603203, 22.895550661846066], [94.47921084978412, 22.895556106426], [94.47921672531466, 22.896097938872142], [94.48038638227395, 22.89608704727543], [94.48040990474705, 22.89825437553097], [94.47924022921913, 22.89826526827326], [94.47924610564085, 22.89880710052766], [94.47866126528822, 22.89881254381579], [94.47867301402367, 22.899896208495782], [94.47808816885014, 22.899901649919215], [94.47809991365529, 22.900985314731923], [94.47693021348789, 22.90099619169791], [94.4769360815144, 22.901538024332698], [94.47635122884208, 22.901543459732018], [94.47635709472486, 22.90208529247135], [94.4716782483737, 22.902128699366916]]]}, "properties": {"id": 11, "label": "persistent radar change", "class_id": 1, "direction": "decrease", "area_ha": 52.212197933493506, "pixel_count": 145, "mean_change_db": 7.353702545166016, "max_change_db": 10.19089126586914, "mean_signed_db": -7.353702545166016, "first_observed": "2024-11-20T11:46:56.693237Z", "observation_interval": ["2024-04-18T11:46:55.497558Z", "2024-11-20T11:46:56.693237Z"], "persists_into_T3": true, "mean_power_by_date": [0.1935299038887024, 0.03705940395593643, 0.03939051926136017], "interpretation": "Unvalidated radar-change candidate; terrain, registration and moisture may explain the signal.", "mean_slope_deg": 0.18, "max_slope_deg": 0.77, "mean_elevation_m": 93.5, "terrain_risk_pct": 0.0, "terrain_tier": "Low Risk (Flat Lowland)", "priority_score": 53.14, "temporal_class": "persistent", "t4_status": "pending", "t4_mean_power": null, "t4_mean_signed_db": null, "t4_observation": null}}, {"type": "Feature", "geometry": {"type": "Polygon", "coordinates": [[[94.38338207481287, 23.41825554378587], [94.38335953547589, 23.416088266273896], [94.38394665028714, 23.416083065371676], [94.38392410409556, 23.413915787775704], [94.38216278782731, 23.41393138225438], [94.38213464472538, 23.411222282370606], [94.38154755091016, 23.411227475448882], [94.38151379908851, 23.407976553501523], [94.38033963961581, 23.407986931434134], [94.38036212104697, 23.410154213960627], [94.3797750315035, 23.410159400156292], [94.37978064989386, 23.410701220824865], [94.38036774182608, 23.41069603449517], [94.38037898388993, 23.41177967544776], [94.38096608043134, 23.411774486645097], [94.38098295195829, 23.413399947380434], [94.38039584824975, 23.413405136585386], [94.38040709199906, 23.41448877714961], [94.37805865636635, 23.414509512990236], [94.3780418196655, 23.41288405047819], [94.37745471750405, 23.412889228523916], [94.37744910799603, 23.4123474074751], [94.37627490794675, 23.412357756683996], [94.37625809476528, 23.410732292502225], [94.37743228048103, 23.410721944095656], [94.37742667164572, 23.41018012289152], [94.37801376186262, 23.41017494551483], [94.37800253991921, 23.409091303257682], [94.37624128309609, 23.40910682797103], [94.37621886988951, 23.406939541385896], [94.37798009805125, 23.40692401827747], [94.3779857082659, 23.40746583958076], [94.37857278637179, 23.40746066066861], [94.37857839914305, 23.40800248179923], [94.37916547946905, 23.407997300548704], [94.37914301984055, 23.40583001632896], [94.379730090445, 23.405824833409795], [94.3797188568648, 23.404741191334903], [94.38148005333878, 23.404725630156218], [94.38148567720876, 23.405267450810843], [94.38265981212434, 23.405257065402463], [94.38266544093919, 23.405798885749814], [94.38501371829666, 23.40577808794494], [94.38501935683296, 23.406319907715883], [94.38560642813795, 23.406314702619472], [94.38562335192624, 23.40794016129567], [94.38621043022697, 23.407934953591152], [94.38622736270327, 23.409560411514], [94.38505319160157, 23.40957082552596], [94.38505883132152, 23.410112645025038], [94.38447174312832, 23.41011784885852], [94.38447738062864, 23.410659668453242], [94.38389028987767, 23.410664870216433], [94.38390719622623, 23.412290329170858], [94.38625558688207, 23.41226950727521], [94.38626123222559, 23.41281132631092], [94.3868483318556, 23.412806115189984], [94.3868765730584, 23.415515209112478], [94.3880507957025, 23.415504778908122], [94.3880677567934, 23.417130233986867], [94.38748063838756, 23.417135450596042], [94.38748629003388, 23.4176772690127], [94.38572492663107, 23.417692906011535], [94.38573057127765, 23.41823472479336], [94.38338207481287, 23.41825554378587]], [[94.38386775044509, 23.40849759106679], [94.38445483164155, 23.408492389841317], [94.38444919481735, 23.407950570091238], [94.38386211600934, 23.407955771182284], [94.38386775044509, 23.40849759106679]]]}, "properties": {"id": 148, "label": "temporary radar change (return toward T1)", "class_id": 2, "direction": "increase", "area_ha": 86.78666024460622, "pixel_count": 241, "mean_change_db": 3.8883090019226074, "max_change_db": 5.348142623901367, "mean_signed_db": 3.8883090019226074, "first_observed": "2024-11-20T11:46:56.693237Z", "observation_interval": ["2024-04-18T11:46:55.497558Z", "2024-11-20T11:46:56.693237Z"], "persists_into_T3": false, "mean_power_by_date": [0.07520371675491333, 0.18422429263591766, 0.09107241779565811], "interpretation": "Unvalidated radar-change candidate; terrain, registration and moisture may explain the signal.", "mean_slope_deg": 1.31, "max_slope_deg": 7.74, "mean_elevation_m": 123.0, "terrain_risk_pct": 0.0, "terrain_tier": "Low Risk (Flat Lowland)", "priority_score": 36.22, "temporal_class": "seasonal_transient", "t4_status": "pending", "t4_mean_power": null, "t4_mean_signed_db": null, "t4_observation": null}}, {"type": "Feature", "geometry": {"type": "Polygon", "coordinates": [[[94.37068975359945, 23.38314574543445], [94.37067860571518, 23.38206209609381], [94.37009163760412, 23.38206724009251], [94.37008606629784, 23.381525415230957], [94.36949910040462, 23.38153055689483], [94.36949353165045, 23.38098873186149], [94.3689065679751, 23.38099387119065], [94.36890100177288, 23.38045204598559], [94.3683140403154, 23.38045718298014], [94.36830847666499, 23.37991535760342], [94.36772151742538, 23.37992049226348], [94.36770483462972, 23.378295015502175], [94.36711788237726, 23.378300147562317], [94.36709565052331, 23.37613284414007], [94.36768259323809, 23.376127712611016], [94.3676603545159, 23.37396040909959], [94.36707342133764, 23.37396554009758], [94.36705675119933, 23.372340061658704], [94.37175215473734, 23.372298955238822], [94.37177445820694, 23.374466255491633], [94.37118752381397, 23.374471402029545], [94.37119309771562, 23.37501322712898], [94.37236697110238, 23.375002931585758], [94.37235581393018, 23.373919281880884], [94.37294274560443, 23.373914131074226], [94.37293716488551, 23.37337230629691], [94.37411102296366, 23.373361998347473], [94.3741054376445, 23.3728201737981], [94.37586621635295, 23.372804695767798], [94.37588858724263, 23.374971992130554], [94.37530165163842, 23.374977154209063], [94.37531283332194, 23.37606080242491], [94.37355201119803, 23.37607627625482], [94.373546427425, 23.375534451765933], [94.37295948876601, 23.375539605173547], [94.37297065171114, 23.376623254379222], [94.3741445383985, 23.376612944829404], [94.37416688537428, 23.378780241708462], [94.37357993257656, 23.378785398117586], [94.37358551735497, 23.37932722237381], [94.37241160648759, 23.379337528854297], [94.37242276700813, 23.38042117778366], [94.37300972729507, 23.380416025377595], [94.37301531019133, 23.38095784965082], [94.37360227269562, 23.38095269490977], [94.37361902954451, 23.38257816709669], [94.37244509005846, 23.38258847517702], [94.37245067123966, 23.3831302994284], [94.37068975359945, 23.38314574543445]], [[94.37123211971067, 23.378806001739445], [94.37181907317826, 23.37880085413618], [94.37180234130894, 23.37717537993528], [94.37121539499486, 23.37718052713903], [94.37123211971067, 23.378806001739445]], [[94.37180234130894, 23.37717537993528], [94.37238928745565, 23.377170230530233], [94.3723837081162, 23.376628405852276], [94.37179676435385, 23.3766335551241], [94.37180234130894, 23.37717537993528]]]}, "properties": {"id": 187, "label": "temporary radar change (return toward T1)", "class_id": 2, "direction": "increase", "area_ha": 67.70132178487624, "pixel_count": 188, "mean_change_db": 4.279033660888672, "max_change_db": 6.052509307861328, "mean_signed_db": 4.279033660888672, "first_observed": "2024-11-20T11:46:56.693237Z", "observation_interval": ["2024-04-18T11:46:55.497558Z", "2024-11-20T11:46:56.693237Z"], "persists_into_T3": false, "mean_power_by_date": [0.0700158029794693, 0.187196284532547, 0.08655980229377747], "interpretation": "Unvalidated radar-change candidate; terrain, registration and moisture may explain the signal.", "mean_slope_deg": 1.08, "max_slope_deg": 4.77, "mean_elevation_m": 114.9, "terrain_risk_pct": 0.0, "terrain_tier": "Low Risk (Flat Lowland)", "priority_score": 35.21, "temporal_class": "seasonal_transient", "t4_status": "pending", "t4_mean_power": null, "t4_mean_signed_db": null, "t4_observation": null}}, {"type": "Feature", "geometry": {"type": "Polygon", "coordinates": [[[94.08462587456783, 22.70363630021363], [94.08461307058764, 22.702010511807806], [94.08344488693368, 22.702018427006436], [94.0834406237948, 22.701476497253374], [94.08052017387328, 22.70149624742546], [94.08050741969204, 22.699870456372885], [94.08284375232417, 22.699854661752767], [94.08283949200191, 22.699312731745234], [94.08517581336874, 22.69929690344354], [94.08519289218911, 22.70146462157258], [94.08636107046806, 22.701456693794782], [94.08634397327164, 22.69928897650531], [94.08692805302773, 22.699285009839357], [94.08691950061758, 22.698201151179997], [94.08750357564975, 22.698197182592995], [94.0874992973435, 22.697655253312217], [94.08866744242317, 22.697647309955236], [94.08865887701558, 22.696563451702033], [94.08924294476648, 22.69655947703747], [94.08923009074493, 22.694933689692558], [94.08981415147606, 22.69492971321299], [94.08979700542449, 22.692761996650088], [94.0921332103032, 22.692746071111312], [94.09213750580425, 22.69328799988643], [94.094473717772, 22.693272039836522], [94.0944780225884, 22.693813968151513], [94.09506207754855, 22.693809972706777], [94.09507499967381, 22.695435757109593], [94.09449093782497, 22.695439752871764], [94.09449524316629, 22.69598168103694], [94.09391117888984, 22.695985674774068], [94.09391978537323, 22.69706953120358], [94.09158350858452, 22.69708548568841], [94.09159209721959, 22.69816934281306], [94.09100802310175, 22.698173326317782], [94.09101660766684, 22.699257183503576], [94.09043252882462, 22.699261165088046], [94.09044110931922, 22.700345022334886], [94.0898570257524, 22.700349001998877], [94.08986131389882, 22.700890930671484], [94.08927722790428, 22.70089490830947], [94.08928579999497, 22.701978765752955], [94.08753352744503, 22.701990686509802], [94.08754208627461, 22.70307454443469], [94.08695799056913, 22.703078513967483], [94.08696226788217, 22.703620442978835], [94.08462587456783, 22.70363630021363]]]}, "properties": {"id": 71, "label": "persistent radar change", "class_id": 1, "direction": "increase", "area_ha": 60.86988550548754, "pixel_count": 169, "mean_change_db": 4.551504611968994, "max_change_db": 6.568612575531006, "mean_signed_db": 4.551504611968994, "first_observed": "2024-11-20T11:46:56.693237Z", "observation_interval": ["2024-04-18T11:46:55.497558Z", "2024-11-20T11:46:56.693237Z"], "persists_into_T3": true, "mean_power_by_date": [0.0706610232591629, 0.20150506496429443, 0.17471331357955933], "interpretation": "Unvalidated radar-change candidate; terrain, registration and moisture may explain the signal.", "mean_slope_deg": 0.27, "max_slope_deg": 0.9, "mean_elevation_m": 145.5, "terrain_risk_pct": 0.0, "terrain_tier": "Low Risk (Flat Lowland)", "priority_score": 35.51, "temporal_class": "persistent", "t4_status": "pending", "t4_mean_power": null, "t4_mean_signed_db": null, "t4_observation": null}}, {"type": "Feature", "geometry": {"type": "Polygon", "coordinates": [[[94.00154279245095, 23.083547156134728], [94.00153476306471, 23.082463320246827], [94.00094902509215, 23.082467033396814], [94.00094501292784, 23.081925115299086], [94.00035927718098, 23.081928826180636], [94.0003552674847, 23.081386907948108], [93.99976953396352, 23.081390616561336], [93.99975751264151, 23.07976486134608], [94.00210041783899, 23.079750015029166], [94.0021044342117, 23.080291933084062], [94.00386161887582, 23.080280775257496], [94.0038575954633, 23.079738857494206], [94.00444332109505, 23.07973513397356], [94.00443929545754, 23.079193216269765], [94.00502501862117, 23.079189490675322], [94.00502099075884, 23.078647573031066], [94.0056067114543, 23.07864384536296], [94.00559059183672, 23.076476174797406], [94.00851914656093, 23.07645750584315], [94.00852722958818, 23.07754134022563], [94.00911294485938, 23.07753759972681], [94.0091250773552, 23.079163350723512], [94.0097107995433, 23.07915960776031], [94.00969866000838, 23.077533857057084], [94.0137986626245, 23.07750759758338], [94.01381085143291, 23.079133346227543], [94.01322513010209, 23.07913710438832], [94.0132413741788, 23.08130476911038], [94.01031271875377, 23.08132352930914], [94.01032486789674, 23.08294927892422], [94.00739617421033, 23.08296798630676], [94.00739213610834, 23.08242606931737], [94.00680639935175, 23.082429804181803], [94.0068023637186, 23.08188788705698], [94.0056308945335, 23.0818953500765], [94.00563492547289, 23.082437267396365], [94.00504918835077, 23.082440995746477], [94.00505321706497, 23.08298291312593], [94.00329599792781, 23.082994085439587], [94.00330001972264, 23.08353600307317], [94.00154279245095, 23.083547156134728]]]}, "properties": {"id": 352, "label": "temporary radar change (return toward T1)", "class_id": 2, "direction": "increase", "area_ha": 63.39404170785476, "pixel_count": 176, "mean_change_db": 4.148350238800049, "max_change_db": 5.275476932525635, "mean_signed_db": 4.148350238800049, "first_observed": "2024-11-20T11:46:56.693237Z", "observation_interval": ["2024-04-18T11:46:55.497558Z", "2024-11-20T11:46:56.693237Z"], "persists_into_T3": false, "mean_power_by_date": [0.08012145012617111, 0.20926617085933685, 0.09966287016868591], "interpretation": "Unvalidated radar-change candidate; terrain, registration and moisture may explain the signal.", "mean_slope_deg": 0.62, "max_slope_deg": 1.26, "mean_elevation_m": 122.5, "terrain_risk_pct": 0.0, "terrain_tier": "Low Risk (Flat Lowland)", "priority_score": 33.03, "temporal_class": "seasonal_transient", "t4_status": "pending", "t4_mean_power": null, "t4_mean_signed_db": null, "t4_observation": null}}, {"type": "Feature", "geometry": {"type": "Polygon", "coordinates": [[[94.0142237590357, 22.97778687778871], [94.01421566954058, 22.976703031663273], [94.01363039067037, 22.976706775594412], [94.01361826434521, 22.975081005828894], [94.01303299235153, 22.975084747305267], [94.01302895282078, 22.97454282387655], [94.0124436830376, 22.974546563094663], [94.01242349888197, 22.9718369448952], [94.01183824063965, 22.97184068146309], [94.0118342065077, 22.971298757612086], [94.01066369432142, 22.971306224072457], [94.01065966497634, 22.970764299987895], [94.01007441103246, 22.970768029880542], [94.01005830420117, 22.96860033277399], [94.01181403768057, 22.968589137791604], [94.01181807120165, 22.9691310618311], [94.0124033177826, 22.969127325753263], [94.012407353758, 22.96966924965704], [94.0147483481872, 22.969654283357443], [94.01475239361362, 22.970196206830906], [94.01650814514583, 22.97018495913516], [94.01652030315124, 22.97181072844419], [94.01593504576614, 22.971814480131002], [94.01593909634762, 22.97235640325702], [94.0153538365074, 22.972360152882356], [94.01535788487902, 22.972902076069012], [94.01652840910188, 22.97289457446169], [94.01653246226132, 22.97343649741388], [94.0200440459773, 22.97341394016145], [94.02004811325554, 22.973955862484267], [94.0218039104496, 22.97394455440146], [94.02179983617337, 22.973402632375244], [94.02355562525895, 22.973391305149114], [94.02355970653315, 22.973933226878223], [94.02414497164723, 22.973929446717058], [94.02416130731145, 22.97609713285968], [94.02240548360449, 22.9761084680522], [94.02240140650174, 22.97556654627583], [94.01947504285312, 22.975585394563534], [94.0194709775382, 22.975043472255095], [94.01888570677175, 22.975047235333264], [94.01888976975377, 22.975589157740394], [94.01654867612666, 22.97560418884559], [94.01655678379588, 22.976688034335183], [94.01597150541603, 22.976691786907736], [94.01597960891002, 22.977775632443333], [94.0142237590357, 22.97778687778871]]]}, "properties": {"id": 391, "label": "temporary radar change (return toward T1)", "class_id": 2, "direction": "increase", "area_ha": 55.109312420838556, "pixel_count": 153, "mean_change_db": 4.237532138824463, "max_change_db": 5.797265529632568, "mean_signed_db": 4.237532138824463, "first_observed": "2024-11-20T11:46:56.693237Z", "observation_interval": ["2024-04-18T11:46:55.497558Z", "2024-11-20T11:46:56.693237Z"], "persists_into_T3": false, "mean_power_by_date": [0.07379957288503647, 0.19500911235809326, 0.09116098284721375], "interpretation": "Unvalidated radar-change candidate; terrain, registration and moisture may explain the signal.", "mean_slope_deg": 1.3, "max_slope_deg": 2.14, "mean_elevation_m": 169.1, "terrain_risk_pct": 0.0, "terrain_tier": "Low Risk (Flat Lowland)", "priority_score": 31.46, "temporal_class": "seasonal_transient", "t4_status": "pending", "t4_mean_power": null, "t4_mean_signed_db": null, "t4_observation": null}}, {"type": "Feature", "geometry": {"type": "Polygon", "coordinates": [[[94.32884145942499, 22.890381650161753], [94.32883618254981, 22.889839782301458], [94.32825134282814, 22.889844670302825], [94.32819860608517, 22.884425988320615], [94.32761378940727, 22.88443087288657], [94.32758743863525, 22.88172152982568], [94.32700263339667, 22.881726411599615], [94.32697629822007, 22.879017066945163], [94.32756109186114, 22.879012185813398], [94.32754528571553, 22.877386578949398], [94.32813007223905, 22.87738169605383], [94.32812480152455, 22.876839827151546], [94.33046393674195, 22.876820274592916], [94.33046921673271, 22.877362142980694], [94.3310540024557, 22.877357249339706], [94.33105928492584, 22.87789911756067], [94.33164407280762, 22.877894221641778], [94.33166521356866, 22.88006169362973], [94.3304956190903, 22.88007148434876], [94.33050090004258, 22.880613352508202], [94.32991610024347, 22.880618244772393], [94.32994249581041, 22.883327585642295], [94.33052730720799, 22.883322692734506], [94.33053258912189, 22.883864560665575], [94.33228702931243, 22.88384986865751], [94.33229760754114, 22.884933603632447], [94.33463687744133, 22.88491398315959], [94.33465277383024, 22.886539583788032], [94.33348312528038, 22.886549399098737], [94.33348841975763, 22.88709126615693], [94.33290359292137, 22.88709617071626], [94.33291417771697, 22.88817990497645], [94.33232934607928, 22.8881848076436], [94.33233463639742, 22.888726674845543], [94.3317498022787, 22.88873157549139], [94.33175509043673, 22.889273442784162], [94.33117025383696, 22.889278341408588], [94.33117553983477, 22.88982020879214], [94.33059070075393, 22.88982510539504], [94.33059598459138, 22.8903669728693], [94.32884145942499, 22.890381650161753]]]}, "properties": {"id": 417, "label": "temporary radar change (return toward T1)", "class_id": 2, "direction": "increase", "area_ha": 60.140448015149914, "pixel_count": 167, "mean_change_db": 3.8386383056640625, "max_change_db": 4.670505523681641, "mean_signed_db": 3.8386383056640625, "first_observed": "2024-11-20T11:46:56.693237Z", "observation_interval": ["2024-04-18T11:46:55.497558Z", "2024-11-20T11:46:56.693237Z"], "persists_into_T3": false, "mean_power_by_date": [0.08686745166778564, 0.2102668434381485, 0.10492309182882309], "interpretation": "Unvalidated radar-change candidate; terrain, registration and moisture may explain the signal.", "mean_slope_deg": 0.39, "max_slope_deg": 3.7, "mean_elevation_m": 109.0, "terrain_risk_pct": 0.0, "terrain_tier": "Low Risk (Flat Lowland)", "priority_score": 29.77, "temporal_class": "seasonal_transient", "t4_status": "pending", "t4_mean_power": null, "t4_mean_signed_db": null, "t4_observation": null}}, {"type": "Feature", "geometry": {"type": "Polygon", "coordinates": [[[94.0517097373637, 23.056666081345092], [94.05169710669033, 23.055040347560794], [94.05111149665503, 23.05504424235428], [94.05110728902827, 23.054502330915255], [94.05052168120893, 23.054506223438462], [94.05049645217663, 23.0512547533985], [94.0493252642717, 23.051262530718944], [94.04932946410717, 23.051804442690354], [94.04757267426952, 23.051816092715267], [94.04756848146229, 23.051274180439098], [94.04698288693889, 23.05127805934301], [94.0469535572344, 23.047484671639843], [94.04753913536054, 23.047480793446223], [94.04751398650161, 23.044229317405065], [94.04927067796328, 23.04421767164656], [94.0492790744605, 23.04530149653551], [94.05279248205696, 23.045278145278658], [94.05280511991133, 23.04690388049527], [94.0516339705024, 23.046911673528985], [94.05164659544967, 23.04853740901666], [94.05106101352762, 23.0485413025877], [94.05106942611046, 23.049625126260644], [94.05224059919699, 23.049617336543204], [94.05224902165872, 23.050701159657162], [94.05283461269617, 23.050697261342645], [94.05283882646067, 23.051239172740864], [94.05518119870653, 23.051223557394334], [94.05519386887788, 23.052849290136354], [94.05460826897938, 23.0528531975317], [94.05461671171273, 23.053937019374843], [94.05520231629717, 23.053933111775073], [94.0552234370798, 23.056642665209306], [94.0517097373637, 23.056666081345092]]]}, "properties": {"id": 369, "label": "temporary radar change (return toward T1)", "class_id": 2, "direction": "increase", "area_ha": 61.95181054401659, "pixel_count": 172, "mean_change_db": 3.6987709999084473, "max_change_db": 4.511540412902832, "mean_signed_db": 3.6987709999084473, "first_observed": "2024-11-20T11:46:56.693237Z", "observation_interval": ["2024-04-18T11:46:55.497558Z", "2024-11-20T11:46:56.693237Z"], "persists_into_T3": false, "mean_power_by_date": [0.09542596340179443, 0.2236379086971283, 0.11148848384618759], "interpretation": "Unvalidated radar-change candidate; terrain, registration and moisture may explain the signal.", "mean_slope_deg": 0.12, "max_slope_deg": 0.68, "mean_elevation_m": 117.4, "terrain_risk_pct": 0.0, "terrain_tier": "Low Risk (Flat Lowland)", "priority_score": 29.11, "temporal_class": "seasonal_transient", "t4_status": "pending", "t4_mean_power": null, "t4_mean_signed_db": null, "t4_observation": null}}, {"type": "Feature", "geometry": {"type": "Polygon", "coordinates": [[[94.34502693822984, 23.399624905571876], [94.34500504321461, 23.397457588180668], [94.34441800100318, 23.39746263895309], [94.34440158862674, 23.39583715011102], [94.34381455341246, 23.395842198288328], [94.34380908533541, 23.395300368466273], [94.34322205234406, 23.395305414309746], [94.34321658681789, 23.394763584318476], [94.34262955604945, 23.394768627828242], [94.34261316761474, 23.393143137230723], [94.34437423794765, 23.393128001265907], [94.34435782950906, 23.39150251149388], [94.34377081338825, 23.391507558626987], [94.3437544135851, 23.389882068114705], [94.34434142254705, 23.389877021373152], [94.3443359538878, 23.389335191255427], [94.34492296029956, 23.38933014244172], [94.34491201870115, 23.388246482351192], [94.34608602148808, 23.38823637863842], [94.34607507100257, 23.387152718915548], [94.34783605963554, 23.387137547612085], [94.34784702443633, 23.388221206550178], [94.34843402509024, 23.38821614478234], [94.34847242377744, 23.392008948928684], [94.34788540642015, 23.39201401161293], [94.34789637418163, 23.39309766985354], [94.34848339631198, 23.393092606907448], [94.34848888282609, 23.393634435838703], [94.34907590717849, 23.39362937055858], [94.3490923748686, 23.395254856726865], [94.34674424783063, 23.39527510619946], [94.34674972784231, 23.3958169353683], [94.34733676223546, 23.395811876174264], [94.3473422447985, 23.39635370517354], [94.34910335415195, 23.396338513978606], [94.34911982431194, 23.397963999565523], [94.34794573725142, 23.397974130017953], [94.34795122285955, 23.398515958731323], [94.34677713036636, 23.398526080631193], [94.34678809252667, 23.399609738465053], [94.34502693822984, 23.399624905571876]]]}, "properties": {"id": 167, "label": "temporary radar change (return toward T1)", "class_id": 2, "direction": "increase", "area_ha": 55.45843609135027, "pixel_count": 154, "mean_change_db": 3.913811683654785, "max_change_db": 5.150394439697266, "mean_signed_db": 3.913811683654785, "first_observed": "2024-11-20T11:46:56.693237Z", "observation_interval": ["2024-04-18T11:46:55.497558Z", "2024-11-20T11:46:56.693237Z"], "persists_into_T3": false, "mean_power_by_date": [0.07104475796222687, 0.1745189130306244, 0.0836455374956131], "interpretation": "Unvalidated radar-change candidate; terrain, registration and moisture may explain the signal.", "mean_slope_deg": 1.1, "max_slope_deg": 2.9, "mean_elevation_m": 111.9, "terrain_risk_pct": 0.0, "terrain_tier": "Low Risk (Flat Lowland)", "priority_score": 29.15, "temporal_class": "seasonal_transient", "t4_status": "pending", "t4_mean_power": null, "t4_mean_signed_db": null, "t4_observation": null}}, {"type": "Feature", "geometry": {"type": "Polygon", "coordinates": [[[94.08108114591823, 23.14100946170537], [94.08106376431532, 23.138841860511146], [94.07930586068608, 23.13885390580986], [94.07928850942785, 23.136686302750896], [94.08221830107597, 23.1366662184628], [94.08223134963177, 23.138291919242356], [94.08398924423149, 23.13827984160132], [94.08398488751978, 23.13773794169449], [94.0845708497696, 23.137733911565075], [94.08455777336172, 23.13610821193191], [94.0833858628535, 23.13611626938316], [94.08338150902124, 23.13557436921925], [94.08279555592371, 23.135578394574576], [94.08278250227566, 23.133952693539815], [94.08336844831258, 23.133948668499492], [94.08334668309193, 23.131239166539885], [94.08276074882123, 23.13124319105522], [94.08275639852417, 23.130701290444303], [94.08217046647526, 23.13070531267834], [94.08214872872308, 23.12799580852916], [94.08390648918366, 23.127983736873045], [94.08391084352975, 23.128525637463895], [94.08449676577324, 23.128521609121393], [94.08450983665837, 23.130147310350647], [94.08568169486773, 23.13013924650629], [94.08571659399803, 23.134474446429195], [94.08747443680149, 23.134462331812802], [94.0874962883411, 23.13717182894931], [94.08808224744689, 23.1371677858632], [94.08810411405321, 23.139877281522118], [94.08634620103008, 23.13988940583063], [94.08634183450738, 23.13934750645866], [94.08575586559027, 23.13935154343503], [94.085764594059, 23.14043534235155], [94.08283472395786, 23.140455495626625], [94.08283907661819, 23.140997395553484], [94.08108114591823, 23.14100946170537]], [[94.08164973192966, 23.138837841057242], [94.08223569941282, 23.1388338194262], [94.08223134963177, 23.138291919242356], [94.08164538450262, 23.13829594076851], [94.08164973192966, 23.138837841057242]], [[94.08514372841861, 23.13610417994099], [94.08572968334393, 23.136100145773213], [94.08572532009698, 23.13555824602988], [94.08513936752533, 23.13556228009243], [94.08514372841861, 23.13610417994099]]]}, "properties": {"id": 319, "label": "temporary radar change (return toward T1)", "class_id": 2, "direction": "increase", "area_ha": 57.26837969651595, "pixel_count": 159, "mean_change_db": 3.7384543418884277, "max_change_db": 5.045381546020508, "mean_signed_db": 3.7384543418884277, "first_observed": "2024-11-20T11:46:56.693237Z", "observation_interval": ["2024-04-18T11:46:55.497558Z", "2024-11-20T11:46:56.693237Z"], "persists_into_T3": false, "mean_power_by_date": [0.10634436458349228, 0.25163719058036804, 0.1147487685084343], "interpretation": "Unvalidated radar-change candidate; terrain, registration and moisture may explain the signal.", "mean_slope_deg": 0.24, "max_slope_deg": 0.56, "mean_elevation_m": 113.3, "terrain_risk_pct": 0.0, "terrain_tier": "Low Risk (Flat Lowland)", "priority_score": 28.29, "temporal_class": "seasonal_transient", "t4_status": "pending", "t4_mean_power": null, "t4_mean_signed_db": null, "t4_observation": null}}, {"type": "Feature", "geometry": {"type": "Polygon", "coordinates": [[[94.42253946025484, 23.401106036941975], [94.42253367044566, 23.400564225546102], [94.42194663381369, 23.4005695681281], [94.42190612672022, 23.396776886301087], [94.41955804529448, 23.396798230730074], [94.41954071635492, 23.395172793422407], [94.42012772981134, 23.395167461033576], [94.42012195145811, 23.39462564865779], [94.4207089623547, 23.394620314203866], [94.4207031817883, 23.39407850192713], [94.41952916459476, 23.394089168356192], [94.41952338897455, 23.393547355764763], [94.41893638250427, 23.393552685537106], [94.41891329130065, 23.391385434231307], [94.42067428155703, 23.391369439960148], [94.42068584112941, 23.39245306486359], [94.42127284230719, 23.39244772875866], [94.42127862473968, 23.392989541014078], [94.4253876448273, 23.39295212563569], [94.42537024794065, 23.391326691655248], [94.42595724295663, 23.391321338205405], [94.42595144195629, 23.390779526939244], [94.42771241880187, 23.390763453789795], [94.42775888894715, 23.39509793950472], [94.42834589997064, 23.39509257627382], [94.42836333631006, 23.39671800735904], [94.42895035431914, 23.39671264150896], [94.42896779938805, 23.398338071827848], [94.42720672335618, 23.398354164016745], [94.42720091531959, 23.397812353533315], [94.42661389201409, 23.39781771305105], [94.42660808653854, 23.397275902390156], [94.42602106544578, 23.397281259566103], [94.42600945979056, 23.396197637850598], [94.42542244329728, 23.396202992546428], [94.42541084311145, 23.395119370398433], [94.42482383121744, 23.39512472261437], [94.42481803377198, 23.394582911343637], [94.42246999400383, 23.39460429762435], [94.42247578190322, 23.395146109448074], [94.42188876914048, 23.395151450648974], [94.42190612672022, 23.396776886301087], [94.42425420536928, 23.396755506621123], [94.42428318587878, 23.399464562499553], [94.42545724803009, 23.399453858056848], [94.42547465274527, 23.40107929028689], [94.42253946025484, 23.401106036941975]]]}, "properties": {"id": 163, "label": "temporary radar change (return toward T1)", "class_id": 2, "direction": "increase", "area_ha": 54.01495171430356, "pixel_count": 150, "mean_change_db": 3.8482308387756348, "max_change_db": 5.744426727294922, "mean_signed_db": 3.8482308387756348, "first_observed": "2024-11-20T11:46:56.693237Z", "observation_interval": ["2024-04-18T11:46:55.497558Z", "2024-11-20T11:46:56.693237Z"], "persists_into_T3": false, "mean_power_by_date": [0.06686656922101974, 0.16174757480621338, 0.07908986508846283], "interpretation": "Unvalidated radar-change candidate; terrain, registration and moisture may explain the signal.", "mean_slope_deg": 2.87, "max_slope_deg": 8.92, "mean_elevation_m": 140.9, "terrain_risk_pct": 0.0, "terrain_tier": "Low Risk (Flat Lowland)", "priority_score": 28.28, "temporal_class": "seasonal_transient", "t4_status": "pending", "t4_mean_power": null, "t4_mean_signed_db": null, "t4_observation": null}}, {"type": "Feature", "geometry": {"type": "Polygon", "coordinates": [[[94.43682725034927, 23.419398601585407], [94.43682139728158, 23.418856794845233], [94.43623428363024, 23.418862195055485], [94.43622843312762, 23.418320388136838], [94.43446709829043, 23.41833657511662], [94.43444956934003, 23.416711152872406], [94.43503667395927, 23.416705759835917], [94.43501913941756, 23.415080337659248], [94.43384494433941, 23.4150911206911], [94.43385662430178, 23.41617473607174], [94.4315082129313, 23.416196276787712], [94.43150238241962, 23.41565446856029], [94.43091528152911, 23.4156598480873], [94.43090945358145, 23.41511803968195], [94.43032235490539, 23.415123416864887], [94.43031652952159, 23.414581608281658], [94.42972943306002, 23.414586983120618], [94.42971196512343, 23.412961556720706], [94.43029905441801, 23.41295618229839], [94.43029322973278, 23.41241437355944], [94.43264157560864, 23.412392854377718], [94.43263574154295, 23.411851046155938], [94.43322282518602, 23.411845660987687], [94.43321698890657, 23.411303852866126], [94.43556531217354, 23.411282290703067], [94.43560038980793, 23.414533135505028], [94.43618748451979, 23.414527738615902], [94.43617578649588, 23.41344412411657], [94.43793705524506, 23.413427921056577], [94.43794291133621, 23.413969727907016], [94.43853000295717, 23.413964322337574], [94.4385358616129, 23.41450612900939], [94.44029714258869, 23.41448989865209], [94.44030300858734, 23.415031704865562], [94.44089010428338, 23.41502629019658], [94.44090771050222, 23.416651708183576], [94.43914640138352, 23.416667946834096], [94.43917571275793, 23.41937697813124], [94.43682725034927, 23.419398601585407]]]}, "properties": {"id": 145, "label": "temporary radar change (return toward T1)", "class_id": 2, "direction": "increase", "area_ha": 51.85392811533827, "pixel_count": 144, "mean_change_db": 3.934920072555542, "max_change_db": 5.25929069519043, "mean_signed_db": 3.934920072555542, "first_observed": "2024-11-20T11:46:56.693237Z", "observation_interval": ["2024-04-18T11:46:55.497558Z", "2024-11-20T11:46:56.693237Z"], "persists_into_T3": false, "mean_power_by_date": [0.06519320607185364, 0.16047406196594238, 0.07825658470392227], "interpretation": "Unvalidated radar-change candidate; terrain, registration and moisture may explain the signal.", "mean_slope_deg": 2.31, "max_slope_deg": 10.31, "mean_elevation_m": 147.7, "terrain_risk_pct": 0.0, "terrain_tier": "Low Risk (Flat Lowland)", "priority_score": 28.34, "temporal_class": "seasonal_transient", "t4_status": "pending", "t4_mean_power": null, "t4_mean_signed_db": null, "t4_observation": null}}, {"type": "Feature", "geometry": {"type": "Polygon", "coordinates": [[[94.36415521953307, 22.795248345177377], [94.36414982751315, 22.79470647873659], [94.36298097806366, 22.794716473044346], [94.36297559082412, 22.79417460630183], [94.36239116816184, 22.7941796001134], [94.36238578339426, 22.793637733201102], [94.36180136287639, 22.793642724740653], [94.3617690715568, 22.790391521678558], [94.36352229107679, 22.790376543011124], [94.36351690284, 22.789834676096433], [94.36410130671139, 22.789829679059373], [94.3640797461729, 22.787662211548174], [94.3675861105769, 22.78763218755918], [94.36759691820708, 22.78871591980583], [94.36993450964964, 22.788695859962267], [94.3699615777538, 22.791405187266555], [94.36937716860179, 22.791410206099254], [94.36939881681687, 22.793577667788306], [94.36647672243068, 22.7936027324976], [94.36649292569713, 22.79522833034957], [94.36415521953307, 22.795248345177377]], [[94.36472346382763, 22.793617745640496], [94.36647672243068, 22.7936027324976], [94.36647132167032, 22.793060866470924], [94.36471806999147, 22.793075879217643], [94.36472346382763, 22.793617745640496]]]}, "properties": {"id": 447, "label": "temporary radar change (return toward T1)", "class_id": 2, "direction": "increase", "area_ha": 49.335506076197696, "pixel_count": 137, "mean_change_db": 4.045224189758301, "max_change_db": 6.055161952972412, "mean_signed_db": 4.045224189758301, "first_observed": "2024-11-20T11:46:56.693237Z", "observation_interval": ["2024-04-18T11:46:55.497558Z", "2024-11-20T11:46:56.693237Z"], "persists_into_T3": false, "mean_power_by_date": [0.06892779469490051, 0.17480242252349854, 0.0774029940366745], "interpretation": "Unvalidated radar-change candidate; terrain, registration and moisture may explain the signal.", "mean_slope_deg": 1.76, "max_slope_deg": 8.46, "mean_elevation_m": 126.8, "terrain_risk_pct": 0.0, "terrain_tier": "Low Risk (Flat Lowland)", "priority_score": 28.41, "temporal_class": "seasonal_transient", "t4_status": "pending", "t4_mean_power": null, "t4_mean_signed_db": null, "t4_observation": null}}, {"type": "Feature", "geometry": {"type": "Polygon", "coordinates": [[[94.32217059360453, 23.344548016571743], [94.32215986012125, 23.34346434021796], [94.32157305009628, 23.34346929441743], [94.32156768597648, 23.342927456054248], [94.32098087817053, 23.34293240792752], [94.32095943282182, 23.340765053575343], [94.3227198271972, 23.340750192901762], [94.32268762117172, 23.33749916252403], [94.32151405363739, 23.337509070297266], [94.32148724350745, 23.334799875969917], [94.32442110165483, 23.33477509326773], [94.32444259701943, 23.33694244623842], [94.32678971869866, 23.336922578471814], [94.32680587046933, 23.338548091249933], [94.3256322956766, 23.338558030300117], [94.32563767516451, 23.339099868073014], [94.32505088514625, 23.33910483443067], [94.32506163984753, 23.34018851011785], [94.32799561211871, 23.340163655067368], [94.3280063912636, 23.341247329312232], [94.32859318999206, 23.34124235145158], [94.32862015258682, 23.343951535742605], [94.32803334195833, 23.343956514248003], [94.32803873258288, 23.34449835111919], [94.32569147893004, 23.344518243676454], [94.32568609782638, 23.34397640629003], [94.32392566303051, 23.343991302242966], [94.32393103699347, 23.34453314001522], [94.32217059360453, 23.344548016571743]]]}, "properties": {"id": 221, "label": "temporary radar change (return toward T1)", "class_id": 2, "direction": "increase", "area_ha": 52.57824320031314, "pixel_count": 146, "mean_change_db": 3.70697021484375, "max_change_db": 4.780630111694336, "mean_signed_db": 3.70697021484375, "first_observed": "2024-11-20T11:46:56.693237Z", "observation_interval": ["2024-04-18T11:46:55.497558Z", "2024-11-20T11:46:56.693237Z"], "persists_into_T3": false, "mean_power_by_date": [0.06699258834123611, 0.15687449276447296, 0.07469332963228226], "interpretation": "Unvalidated radar-change candidate; terrain, registration and moisture may explain the signal.", "mean_slope_deg": 1.26, "max_slope_deg": 2.42, "mean_elevation_m": 112.3, "terrain_risk_pct": 0.0, "terrain_tier": "Low Risk (Flat Lowland)", "priority_score": 26.88, "temporal_class": "seasonal_transient", "t4_status": "pending", "t4_mean_power": null, "t4_mean_signed_db": null, "t4_observation": null}}, {"type": "Feature", "geometry": {"type": "Polygon", "coordinates": [[[94.06681706334973, 22.74223516006988], [94.06681285735942, 22.741693230074844], [94.06330727355073, 22.74171659871511], [94.06330308150274, 22.741174668064758], [94.06213455714936, 22.741182440320404], [94.06213036983364, 22.740640509427077], [94.0609618495749, 22.740648272934852], [94.06094512000416, 22.73848054816582], [94.05977661765314, 22.73848830231104], [94.05975155473915, 22.735236712803417], [94.0603357921675, 22.735232837413424], [94.06032743427743, 22.73414897414952], [94.06208013198955, 22.734137335784926], [94.06210106219355, 22.736846992124764], [94.06268530601747, 22.7368431078865], [94.06268111741996, 22.736301176796164], [94.06501808223237, 22.73628561890258], [94.0650138845557, 22.735743688186204], [94.06676659991798, 22.735731997656256], [94.06677080449967, 22.73627392806348], [94.06852352561458, 22.736262218008232], [94.06854037284388, 22.73842993802376], [94.06795612339306, 22.738433843923747], [94.06797296346613, 22.740601563752836], [94.06855722212542, 22.740597657439714], [94.06856986043343, 22.74222344660818], [94.06681706334973, 22.74223516006988]]]}, "properties": {"id": 485, "label": "temporary radar change (return toward T1)", "class_id": 2, "direction": "increase", "area_ha": 52.94673032401553, "pixel_count": 147, "mean_change_db": 3.648512125015259, "max_change_db": 5.254341125488281, "mean_signed_db": 3.648512125015259, "first_observed": "2024-11-20T11:46:56.693237Z", "observation_interval": ["2024-04-18T11:46:55.497558Z", "2024-11-20T11:46:56.693237Z"], "persists_into_T3": false, "mean_power_by_date": [0.0571623295545578, 0.13297076523303986, 0.07332003116607666], "interpretation": "Unvalidated radar-change candidate; terrain, registration and moisture may explain the signal.", "mean_slope_deg": 0.62, "max_slope_deg": 1.3, "mean_elevation_m": 156.2, "terrain_risk_pct": 0.0, "terrain_tier": "Low Risk (Flat Lowland)", "priority_score": 26.55, "temporal_class": "seasonal_transient", "t4_status": "pending", "t4_mean_power": null, "t4_mean_signed_db": null, "t4_observation": null}}, {"type": "Feature", "geometry": {"type": "Polygon", "coordinates": [[[94.0429768628165, 22.910940712228992], [94.04296027964284, 22.908773021204862], [94.04354526110701, 22.908769179726956], [94.04353696562644, 22.9076853341909], [94.04529189531941, 22.907673797444666], [94.04528358639845, 22.90658995236456], [94.04703850101377, 22.906578396848328], [94.04703433977086, 22.906036474555563], [94.04937421486197, 22.90602103746522], [94.04936587416515, 22.90493719357841], [94.04819594616713, 22.904944916023283], [94.04817928487932, 22.902777226985602], [94.04700937496385, 22.902784940008186], [94.04699689426411, 22.90115917222613], [94.04758184231522, 22.901155317095217], [94.04757768001127, 22.90061339452726], [94.04816262561302, 22.9006095373454], [94.0481376405036, 22.897358001755464], [94.04930750345375, 22.89735028215287], [94.04930333506576, 22.896808359625783], [94.0528129069432, 22.896785149781024], [94.05283800278808, 22.900036680716422], [94.05108317560945, 22.90004829715512], [94.05108735172533, 22.900590219151344], [94.05050240675597, 22.900594087094778], [94.05051075472153, 22.901677931177662], [94.04992580497927, 22.901681797172092], [94.04992997682875, 22.902223719258693], [94.05051492889423, 22.902219853162606], [94.05053162685135, 22.90438754072581], [94.05111658808386, 22.9043836720704], [94.05113329736189, 22.906551358624146], [94.04937838540013, 22.906562959352136], [94.04939089777363, 22.908188724786896], [94.04880591989478, 22.908192587694987], [94.04881008861486, 22.9087345095328], [94.04588518570495, 22.908753792283516], [94.04588934293065, 22.909295714590556], [94.04530435964594, 22.90929956478239], [94.04530851467348, 22.909841487152978], [94.0447235289385, 22.909845335292736], [94.04473183472295, 22.910929180123226], [94.0429768628165, 22.910940712228992]]]}, "properties": {"id": 413, "label": "temporary radar change (return toward T1)", "class_id": 2, "direction": "increase", "area_ha": 54.38796536885635, "pixel_count": 151, "mean_change_db": 3.512050151824951, "max_change_db": 4.350396156311035, "mean_signed_db": 3.512050151824951, "first_observed": "2024-11-20T11:46:56.693237Z", "observation_interval": ["2024-04-18T11:46:55.497558Z", "2024-11-20T11:46:56.693237Z"], "persists_into_T3": false, "mean_power_by_date": [0.08861656486988068, 0.19921162724494934, 0.11324557662010193], "interpretation": "Unvalidated radar-change candidate; terrain, registration and moisture may explain the signal.", "mean_slope_deg": 0.47, "max_slope_deg": 3.71, "mean_elevation_m": 131.5, "terrain_risk_pct": 0.0, "terrain_tier": "Low Risk (Flat Lowland)", "priority_score": 25.9, "temporal_class": "seasonal_transient", "t4_status": "pending", "t4_mean_power": null, "t4_mean_signed_db": null, "t4_observation": null}}, {"type": "Feature", "geometry": {"type": "Polygon", "coordinates": [[[94.0501699045707, 23.23497243601649], [94.05015718341825, 23.233346738180646], [94.0495707979927, 23.233350655598237], [94.04956656023042, 23.2328087561416], [94.04898017704382, 23.232812671270242], [94.04896323673589, 23.230645072655747], [94.04837686288725, 23.23064898519035], [94.04838109540671, 23.231190885002825], [94.0472083425947, 23.231198703714714], [94.04721257050893, 23.231740603692412], [94.04428067442085, 23.231760112708063], [94.04425116450864, 23.22796680851389], [94.04601025285415, 23.22795511179472], [94.04601869781872, 23.229038912575056], [94.04660506507827, 23.229035009092467], [94.04660929011732, 23.229576909324024], [94.04719565961571, 23.22957300355317], [94.04719143221062, 23.229031103423168], [94.0477777992157, 23.22902719556717], [94.04777356957192, 23.228485295500725], [94.04835993408365, 23.2284813855597], [94.0483557022013, 23.227939485556853], [94.04776934005548, 23.227943395396203], [94.04775665227024, 23.226317694854206], [94.04951571703359, 23.22630595969196], [94.04951995326506, 23.22684785960551], [94.05010631029685, 23.226843943410096], [94.05011054902161, 23.227385843183722], [94.05245598533477, 23.22737015612946], [94.05246023365046, 23.227912055457082], [94.05304659477495, 23.22790812812509], [94.05305509652193, 23.22899192646182], [94.05364146225027, 23.228987996738883], [94.05364571568177, 23.229529895747948], [94.0554048191962, 23.229518093152155], [94.05542186259727, 23.231685687579933], [94.05366273068846, 23.231697491403363], [94.05365847674467, 23.231155592546635], [94.05131297520545, 23.231171299951907], [94.0513299538863, 23.233338896784023], [94.05191633892866, 23.23333497280499], [94.05192908138119, 23.234960669723137], [94.0501699045707, 23.23497243601649]], [[94.05072659950099, 23.231175221335935], [94.05131297520545, 23.231171299951907], [94.05130873085471, 23.230629400648674], [94.05072235751652, 23.23063332193074], [94.05072659950099, 23.231175221335935]]]}, "properties": {"id": 287, "label": "temporary radar change (return toward T1)", "class_id": 2, "direction": "increase", "area_ha": 50.425967167909, "pixel_count": 140, "mean_change_db": 3.6759045124053955, "max_change_db": 5.467462062835693, "mean_signed_db": 3.6759045124053955, "first_observed": "2024-11-20T11:46:56.693237Z", "observation_interval": ["2024-04-18T11:46:55.497558Z", "2024-11-20T11:46:56.693237Z"], "persists_into_T3": false, "mean_power_by_date": [0.09985969960689545, 0.23339544236660004, 0.11334174871444702], "interpretation": "Unvalidated radar-change candidate; terrain, registration and moisture may explain the signal.", "mean_slope_deg": 0.47, "max_slope_deg": 1.14, "mean_elevation_m": 122.7, "terrain_risk_pct": 0.0, "terrain_tier": "Low Risk (Flat Lowland)", "priority_score": 26.1, "temporal_class": "seasonal_transient", "t4_status": "pending", "t4_mean_power": null, "t4_mean_signed_db": null, "t4_observation": null}}, {"type": "Feature", "geometry": {"type": "Polygon", "coordinates": [[[94.41933195406185, 23.320396985891925], [94.41931469118414, 23.318771532569627], [94.41990136867102, 23.318766217415543], [94.41988985619741, 23.317682581948965], [94.4193031834634, 23.317687896827486], [94.41929742986233, 23.317146078898247], [94.41636407548228, 23.317172619679525], [94.41635833393538, 23.316630801023464], [94.4157716649178, 23.316636102457785], [94.41574297165106, 23.313927007908674], [94.41750294254543, 23.31391109908372], [94.41748570727258, 23.312285643126327], [94.41983230420547, 23.31226440228903], [94.41982654995734, 23.311722584109745], [94.4209998426354, 23.311711950800916], [94.4209940838091, 23.311170132858553], [94.42275401440159, 23.31115416685242], [94.42277707925258, 23.31332143673327], [94.42336373193946, 23.313316109790417], [94.42339257878162, 23.31602519557822], [94.42280591421502, 23.316030523211637], [94.42282321727191, 23.317655974633194], [94.42164987336152, 23.31766662414412], [94.4216729275184, 23.319833893267404], [94.42108624579747, 23.319839215282368], [94.42109200739293, 23.32038103260416], [94.41933195406185, 23.320396985891925]]]}, "properties": {"id": 245, "label": "temporary radar change (return toward T1)", "class_id": 2, "direction": "increase", "area_ha": 48.25347018219016, "pixel_count": 134, "mean_change_db": 3.8372421264648438, "max_change_db": 5.386048316955566, "mean_signed_db": 3.8372421264648438, "first_observed": "2024-11-20T11:46:56.693237Z", "observation_interval": ["2024-04-18T11:46:55.497558Z", "2024-11-20T11:46:56.693237Z"], "persists_into_T3": false, "mean_power_by_date": [0.07517392188310623, 0.1817522495985031, 0.08659880608320236], "interpretation": "Unvalidated radar-change candidate; terrain, registration and moisture may explain the signal.", "mean_slope_deg": 1.67, "max_slope_deg": 7.95, "mean_elevation_m": 130.7, "terrain_risk_pct": 0.0, "terrain_tier": "Low Risk (Flat Lowland)", "priority_score": 26.66, "temporal_class": "seasonal_transient", "t4_status": "pending", "t4_mean_power": null, "t4_mean_signed_db": null, "t4_observation": null}}, {"type": "Feature", "geometry": {"type": "Polygon", "coordinates": [[[94.39266007922568, 23.29462632462271], [94.39264316162102, 23.293000847300537], [94.3908834470062, 23.29301646380816], [94.39087781526325, 23.292474637551535], [94.38911810624427, 23.29249023392298], [94.38911248178997, 23.291948407223007], [94.38676621022361, 23.291969171153408], [94.38674375206445, 23.289801861811636], [94.38908998566357, 23.289781100036137], [94.38909560944155, 23.29032292689089], [94.38968216979167, 23.290317730832044], [94.38967654364083, 23.28977590411211], [94.39026310144897, 23.28977070599603], [94.3902518449093, 23.288687052709825], [94.39083839780278, 23.288681852671562], [94.39082713719478, 23.28759819950045], [94.39141368517382, 23.287592997540223], [94.39139678841416, 23.28596751789831], [94.39256986962974, 23.28595710821284], [94.39256423297068, 23.28541528185829], [94.39197769481986, 23.285420487661753], [94.39196079297588, 23.283795007960645], [94.39372038557093, 23.28377938519187], [94.39372602646563, 23.284321211392143], [94.39431255936356, 23.28431599928447], [94.39431820279997, 23.28485782531078], [94.39490473790029, 23.284852610876307], [94.3949160300266, 23.28593626254219], [94.39608910920671, 23.285925826557058], [94.39610606290366, 23.287551302953162], [94.39493296948925, 23.287561739750775], [94.39493861631635, 23.288103565409564], [94.39435206698194, 23.288108780655996], [94.39435771160622, 23.288650606411416], [94.3937711597295, 23.288655819601257], [94.39377680215081, 23.289197645453246], [94.39553646438978, 23.289181998901977], [94.39555341402686, 23.290807475007746], [94.3937937304326, 23.290823122777027], [94.39378244474177, 23.289739471266543], [94.39260933098865, 23.289749891611216], [94.3926149690036, 23.29029171765619], [94.39202840949994, 23.29029692467557], [94.39203968129252, 23.291380576919625], [94.39262624554205, 23.291375369630032], [94.39263752275852, 23.292459021449076], [94.39439722872815, 23.292443385615684], [94.39441981367466, 23.294610687166593], [94.39266007922568, 23.29462632462271]]]}, "properties": {"id": 266, "label": "temporary radar change (return toward T1)", "class_id": 2, "direction": "increase", "area_ha": 47.53422121091441, "pixel_count": 132, "mean_change_db": 3.848585605621338, "max_change_db": 5.133378982543945, "mean_signed_db": 3.848585605621338, "first_observed": "2024-11-20T11:46:56.693237Z", "observation_interval": ["2024-04-18T11:46:55.497558Z", "2024-11-20T11:46:56.693237Z"], "persists_into_T3": false, "mean_power_by_date": [0.07802526652812958, 0.1898159384727478, 0.09301615506410599], "interpretation": "Unvalidated radar-change candidate; terrain, registration and moisture may explain the signal.", "mean_slope_deg": 2.58, "max_slope_deg": 7.42, "mean_elevation_m": 120.7, "terrain_risk_pct": 0.0, "terrain_tier": "Low Risk (Flat Lowland)", "priority_score": 26.53, "temporal_class": "seasonal_transient", "t4_status": "pending", "t4_mean_power": null, "t4_mean_signed_db": null, "t4_observation": null}}, {"type": "Feature", "geometry": {"type": "Polygon", "coordinates": [[[93.73804523809842, 23.316415996486246], [93.73804224615769, 23.315874056572735], [93.73686865228304, 23.315879578548195], [93.73686267818401, 23.31479569832135], [93.73568909346298, 23.31480121122487], [93.73569207571131, 23.315343151500166], [93.73334489568171, 23.315354151235695], [93.73334192294597, 23.31481221067517], [93.73158154411989, 23.314820437200705], [93.73157857860774, 23.314278496389036], [93.73099178786545, 23.314281234100417], [93.73098586186448, 23.31319735222167], [93.72922550337148, 23.313205551752436], [93.72921368097136, 23.311037786690683], [93.73332111629725, 23.311018625692746], [93.73332408840763, 23.31156056651795], [93.73391086690366, 23.3115578203773], [93.73391384148111, 23.31209976109348], [93.73626096408137, 23.31208875428486], [93.73626394825936, 23.312630694677782], [93.73861107893572, 23.31261965244507], [93.73861407271484, 23.31316159251382], [93.73920085753701, 23.3131588263935], [93.73920385378403, 23.313700766352696], [93.73979064089409, 23.313697997964375], [93.73979363960916, 23.314239937813955], [93.74038042900706, 23.314237167157515], [93.74039243428129, 23.31640492589024], [93.73804523809842, 23.316415996486246]]]}, "properties": {"id": 19, "label": "persistent radar change", "class_id": 1, "direction": "increase", "area_ha": 38.545456321262535, "pixel_count": 107, "mean_change_db": 4.655766487121582, "max_change_db": 5.793554306030273, "mean_signed_db": 4.655766487121582, "first_observed": "2024-11-20T11:46:56.693237Z", "observation_interval": ["2024-04-18T11:46:55.497558Z", "2024-11-20T11:46:56.693237Z"], "persists_into_T3": true, "mean_power_by_date": [0.03730107098817825, 0.10886033624410629, 0.08728198707103729], "interpretation": "Unvalidated radar-change candidate; terrain, registration and moisture may explain the signal.", "mean_slope_deg": 29.02, "max_slope_deg": 40.37, "mean_elevation_m": 2109.2, "terrain_risk_pct": 78.5, "terrain_tier": "High Risk (Steep / Layover)", "priority_score": 6.21, "temporal_class": "persistent", "t4_status": "pending", "t4_mean_power": null, "t4_mean_signed_db": null, "t4_observation": null}}, {"type": "Feature", "geometry": {"type": "Polygon", "coordinates": [[[94.03507636159645, 23.025885162888436], [94.03507222399749, 23.02534324667819], [94.03273028405634, 23.025358547931084], [94.03272615593987, 23.0248166312824], [94.03214067298157, 23.02482045108212], [94.03212417112101, 23.02265278370939], [94.03270964472267, 23.02264896430973], [94.03269726262083, 23.02102321368344], [94.03328272908088, 23.02101939241887], [94.03327859962454, 23.020477475567937], [94.0344495274923, 23.020469826744286], [94.03444539348348, 23.01992791005586], [94.03561631617359, 23.01992025277321], [94.03561217761259, 23.019378336247513], [94.03736855369273, 23.0193668343886], [94.03737269926957, 23.01990875061307], [94.03795816005082, 23.01990491223005], [94.03796230809175, 23.020446828316206], [94.0385477710862, 23.0204429876678], [94.03855192159138, 23.020984903615577], [94.04147924637253, 23.020965667396787], [94.04149589642726, 23.023133328794962], [94.03973947386874, 23.02314487823068], [94.03974362967993, 23.023686793788144], [94.03915815290316, 23.023690639370443], [94.0391664602243, 23.024774470573362], [94.03858097864342, 23.02477831419174], [94.03858513015317, 23.025320229837135], [94.03741416193617, 23.025327910779023], [94.0374183088927, 23.025869826587734], [94.03507636159645, 23.025885162888436]]]}, "properties": {"id": 379, "label": "temporary radar change (return toward T1)", "class_id": 2, "direction": "increase", "area_ha": 46.82440855485464, "pixel_count": 130, "mean_change_db": 3.70686411857605, "max_change_db": 5.23662805557251, "mean_signed_db": 3.70686411857605, "first_observed": "2024-11-20T11:46:56.693237Z", "observation_interval": ["2024-04-18T11:46:55.497558Z", "2024-11-20T11:46:56.693237Z"], "persists_into_T3": false, "mean_power_by_date": [0.11057920008897781, 0.2605174779891968, 0.11570862680673599], "interpretation": "Unvalidated radar-change candidate; terrain, registration and moisture may explain the signal.", "mean_slope_deg": 0.15, "max_slope_deg": 0.39, "mean_elevation_m": 119.1, "terrain_risk_pct": 0.0, "terrain_tier": "Low Risk (Flat Lowland)", "priority_score": 25.37, "temporal_class": "seasonal_transient", "t4_status": "pending", "t4_mean_power": null, "t4_mean_signed_db": null, "t4_observation": null}}, {"type": "Feature", "geometry": {"type": "Polygon", "coordinates": [[[94.39258152482152, 23.343395702481324], [94.39256456854783, 23.341770235212522], [94.39373813887234, 23.341759793296383], [94.39373248236134, 23.341217971066385], [94.39431926488925, 23.34121274694738], [94.39429663102624, 23.339045458180994], [94.39312308483593, 23.339055903139233], [94.39312873828817, 23.339597725659555], [94.39136841059161, 23.339613377023213], [94.39136276427733, 23.33907155409744], [94.39018921639033, 23.33908197708346], [94.39017229273998, 23.337456507263585], [94.39251935928554, 23.337435654123357], [94.39252500984935, 23.33797747689518], [94.39311177844078, 23.337972257982283], [94.39310047272473, 23.336888612670293], [94.39368723638826, 23.33688339183081], [94.3936759265934, 23.335799746634276], [94.39426268532927, 23.33579452386843], [94.3942513714562, 23.33471087878747], [94.39483812526463, 23.334705654095476], [94.39483246620426, 23.334163831632218], [94.3971794702229, 23.33414291143875], [94.3971908075431, 23.33522655524245], [94.3977775628797, 23.335221319431056], [94.39779457727353, 23.336846784438894], [94.39662105215693, 23.336857254678623], [94.39663238642167, 23.337940898365837], [94.3972191538232, 23.337935664073264], [94.39724750436008, 23.340644771934816], [94.39666072506208, 23.340650006905392], [94.39668339903827, 23.34281729303914], [94.39492303156776, 23.34283298639252], [94.39492869334796, 23.343374808235506], [94.39258152482152, 23.343395702481324]]]}, "properties": {"id": 220, "label": "temporary radar change (return toward T1)", "class_id": 2, "direction": "increase", "area_ha": 41.05222038744299, "pixel_count": 114, "mean_change_db": 4.196422100067139, "max_change_db": 5.917733669281006, "mean_signed_db": 4.196422100067139, "first_observed": "2024-11-20T11:46:56.693237Z", "observation_interval": ["2024-04-18T11:46:55.497558Z", "2024-11-20T11:46:56.693237Z"], "persists_into_T3": false, "mean_power_by_date": [0.06860268861055374, 0.17936880886554718, 0.08245204389095306], "interpretation": "Unvalidated radar-change candidate; terrain, registration and moisture may explain the signal.", "mean_slope_deg": 1.54, "max_slope_deg": 5.34, "mean_elevation_m": 125.1, "terrain_risk_pct": 0.0, "terrain_tier": "Low Risk (Flat Lowland)", "priority_score": 26.89, "temporal_class": "seasonal_transient", "t4_status": "pending", "t4_mean_power": null, "t4_mean_signed_db": null, "t4_observation": null}}, {"type": "Feature", "geometry": {"type": "Polygon", "coordinates": [[[94.1009379203396, 23.132743110844704], [94.10092464981867, 23.13111741908387], [94.10209651001718, 23.131109232944766], [94.10209208207124, 23.130567335828676], [94.10326393702937, 23.1305591411982], [94.10325950451126, 23.130017244257875], [94.10384542943684, 23.130013143785273], [94.1038409946997, 23.129471246913912], [94.10442691713865, 23.129467144372178], [94.10442248018258, 23.128925247569818], [94.10618023963762, 23.128912927209395], [94.10617579575745, 23.128371030690467], [94.10676171295503, 23.128366919658816], [94.10675726685639, 23.127825023209116], [94.10734318156722, 23.1278209101088], [94.10733873325022, 23.127279013728398], [94.10851055756409, 23.127270781214765], [94.10850165192319, 23.126186988769486], [94.10967346628995, 23.12617874798243], [94.10966900896649, 23.125636851917783], [94.11025491359584, 23.12563272836822], [94.1102459946481, 23.124548936340027], [94.11376139136938, 23.1245241506467], [94.11377481233258, 23.12614983669159], [94.11318890615952, 23.126153973403234], [94.1131933777316, 23.1266958687834], [94.11260746907128, 23.126700003427185], [94.1126119384259, 23.12724189887721], [94.11202602727826, 23.12724603145302], [94.11203496168707, 23.12832982245461], [94.11144904569957, 23.128333953070108], [94.11145351075356, 23.12887584862163], [94.11028167366916, 23.12888410354007], [94.11028613415247, 23.129425999268935], [94.10911429182424, 23.129434245698388], [94.10911874773659, 23.12997614160437], [94.10794690016496, 23.12998437954436], [94.10795135150603, 23.13052627562724], [94.10677949869138, 23.130534505077307], [94.10678839236463, 23.131618297558372], [94.1050305980186, 23.131630626055085], [94.10503503799725, 23.132172522560207], [94.10327723538622, 23.132184831791005], [94.10328166843935, 23.13272672857922], [94.1009379203396, 23.132743110844704]]]}, "properties": {"id": 321, "label": "temporary radar change (return toward T1)", "class_id": 2, "direction": "increase", "area_ha": 41.78014039568394, "pixel_count": 116, "mean_change_db": 3.9944908618927, "max_change_db": 4.835065841674805, "mean_signed_db": 3.9944908618927, "first_observed": "2024-11-20T11:46:56.693237Z", "observation_interval": ["2024-04-18T11:46:55.497558Z", "2024-11-20T11:46:56.693237Z"], "persists_into_T3": false, "mean_power_by_date": [0.08005417138338089, 0.2002839744091034, 0.08915092796087265], "interpretation": "Unvalidated radar-change candidate; terrain, registration and moisture may explain the signal.", "mean_slope_deg": 1.23, "max_slope_deg": 4.11, "mean_elevation_m": 112.7, "terrain_risk_pct": 0.0, "terrain_tier": "Low Risk (Flat Lowland)", "priority_score": 25.82, "temporal_class": "seasonal_transient", "t4_status": "pending", "t4_mean_power": null, "t4_mean_signed_db": null, "t4_observation": null}}, {"type": "Feature", "geometry": {"type": "Polygon", "coordinates": [[[94.41375687449577, 23.40335319981778], [94.41375111980638, 23.402811386511686], [94.4131640710286, 23.40281669658869], [94.41315831889936, 23.402274883106454], [94.41257127233666, 23.402280190842397], [94.41256552276744, 23.401738377184063], [94.41197847841983, 23.401743682579063], [94.41197273141046, 23.401201868744703], [94.41079864697313, 23.401212472649352], [94.41078142130296, 23.399587030090625], [94.41371659529402, 23.399560505858574], [94.41371084181257, 23.399018692280308], [94.41194974509649, 23.39903461301848], [94.41193250717056, 23.39740917081561], [94.41251953242066, 23.397403866517767], [94.41250228888529, 23.39577842437644], [94.41602439380083, 23.395746554792574], [94.41603591795968, 23.396830181277622], [94.41662293961463, 23.39682486169437], [94.41662870434014, 23.397366674741033], [94.41721572820903, 23.39736135281699], [94.41725610283889, 23.401154042091665], [94.41549498058379, 23.4011700041424], [94.41550074191774, 23.401711817153014], [94.41667482836888, 23.40170117771449], [94.41669212773284, 23.4033266156879], [94.41375687449577, 23.40335319981778]]]}, "properties": {"id": 156, "label": "temporary radar change (return toward T1)", "class_id": 2, "direction": "increase", "area_ha": 39.25114429406149, "pixel_count": 109, "mean_change_db": 4.242345333099365, "max_change_db": 5.667118072509766, "mean_signed_db": 4.242345333099365, "first_observed": "2024-11-20T11:46:56.693237Z", "observation_interval": ["2024-04-18T11:46:55.497558Z", "2024-11-20T11:46:56.693237Z"], "persists_into_T3": false, "mean_power_by_date": [0.06475420296192169, 0.17076101899147034, 0.08002563565969467], "interpretation": "Unvalidated radar-change candidate; terrain, registration and moisture may explain the signal.", "mean_slope_deg": 1.41, "max_slope_deg": 4.9, "mean_elevation_m": 131.8, "terrain_risk_pct": 0.0, "terrain_tier": "Low Risk (Flat Lowland)", "priority_score": 26.58, "temporal_class": "seasonal_transient", "t4_status": "pending", "t4_mean_power": null, "t4_mean_signed_db": null, "t4_observation": null}}, {"type": "Feature", "geometry": {"type": "Polygon", "coordinates": [[[94.02476834015236, 22.82326251314679], [94.02473994899015, 22.81946898982261], [94.02707835892546, 22.819453934919732], [94.027070229774, 22.81837007156909], [94.02648563210035, 22.818373838312002], [94.02648157002233, 22.817831906481075], [94.02589697453764, 22.817835670980934], [94.02588479598121, 22.816209874965214], [94.02763856125434, 22.816198575928368], [94.02763449504589, 22.815656644146067], [94.02938825227024, 22.815645326115675], [94.02939232541506, 22.816187257599488], [94.03114608846151, 22.816175919978622], [94.03115424899597, 22.817259782235716], [94.03173884105463, 22.817255998542112], [94.03175517286164, 22.81942372220686], [94.03233977404594, 22.819419935970245], [94.03235611708945, 22.821587658635185], [94.03060228541172, 22.821599012110763], [94.030610443801, 22.82268287381675], [94.02827198132528, 22.822697982563255], [94.02827605145372, 22.82323991375831], [94.02476834015236, 22.82326251314679]], [[94.02709461871092, 22.82162166117074], [94.02826384143947, 22.82161412006057], [94.02825977168212, 22.821072188752936], [94.02884438054807, 22.821068415081164], [94.02884030860162, 22.820526483835504], [94.03059412751833, 22.82051515025465], [94.03059004875759, 22.8199732192703], [94.02708242368652, 22.819995866538772], [94.02709461871092, 22.82162166117074]]]}, "properties": {"id": 44, "label": "persistent radar change", "class_id": 1, "direction": "increase", "area_ha": 44.30324441715269, "pixel_count": 123, "mean_change_db": 3.7445499897003174, "max_change_db": 4.781429290771484, "mean_signed_db": 3.7445499897003174, "first_observed": "2024-11-20T11:46:56.693237Z", "observation_interval": ["2024-04-18T11:46:55.497558Z", "2024-11-20T11:46:56.693237Z"], "persists_into_T3": true, "mean_power_by_date": [0.05353155359625816, 0.1274222880601883, 0.12080404162406921], "interpretation": "Unvalidated radar-change candidate; terrain, registration and moisture may explain the signal.", "mean_slope_deg": 0.24, "max_slope_deg": 0.95, "mean_elevation_m": 149.4, "terrain_risk_pct": 0.0, "terrain_tier": "Low Risk (Flat Lowland)", "priority_score": 24.92, "temporal_class": "persistent", "t4_status": "pending", "t4_mean_power": null, "t4_mean_signed_db": null, "t4_observation": null}}, {"type": "Feature", "geometry": {"type": "Polygon", "coordinates": [[[94.061449539942, 22.65230527353166], [94.06144537350663, 22.65176333650307], [94.05794207100377, 22.651786500580755], [94.05793791844017, 22.651244562900455], [94.05560239006616, 22.65125996268345], [94.05559824679214, 22.650718024557357], [94.0550143666731, 22.650721869085384], [94.05497710350946, 22.645844423352543], [94.05672868164723, 22.645832886144326], [94.05673282836362, 22.646374824402383], [94.05790055106968, 22.64636712209724], [94.05790470249292, 22.646909060113632], [94.05965629247207, 22.6468974904056], [94.05966045089268, 22.647439428077746], [94.06024431625555, 22.647435567154307], [94.06025263805813, 22.648519442181733], [94.06083650787465, 22.64851557892745], [94.06084067125683, 22.649057516282674], [94.06142454323674, 22.64905365079986], [94.06142870903646, 22.649595588015202], [94.06318033108461, 22.649583978502477], [94.06318450388311, 22.650125915372538], [94.06376837993514, 22.650122041179984], [94.06378508156548, 22.65228978787565], [94.061449539942, 22.65230527353166]]]}, "properties": {"id": 518, "label": "temporary radar change (return toward T1)", "class_id": 2, "direction": "increase", "area_ha": 40.34047112255462, "pixel_count": 112, "mean_change_db": 3.9864871501922607, "max_change_db": 5.4918012619018555, "mean_signed_db": 3.9864871501922607, "first_observed": "2024-11-20T11:46:56.693237Z", "observation_interval": ["2024-04-18T11:46:55.497558Z", "2024-11-20T11:46:56.693237Z"], "persists_into_T3": false, "mean_power_by_date": [0.06932186335325241, 0.17416246235370636, 0.08628129959106445], "interpretation": "Unvalidated radar-change candidate; terrain, registration and moisture may explain the signal.", "mean_slope_deg": 0.42, "max_slope_deg": 0.77, "mean_elevation_m": 172.2, "terrain_risk_pct": 0.0, "terrain_tier": "Low Risk (Flat Lowland)", "priority_score": 25.32, "temporal_class": "seasonal_transient", "t4_status": "pending", "t4_mean_power": null, "t4_mean_signed_db": null, "t4_observation": null}}, {"type": "Feature", "geometry": {"type": "Polygon", "coordinates": [[[93.98313822250013, 23.130269970719986], [93.98313427260959, 23.129728052971508], [93.98196237994418, 23.129735354693853], [93.98195448993309, 23.128651518702284], [93.97961072199905, 23.128666095268848], [93.9795989161104, 23.12704033985657], [93.98077078619765, 23.127033056496135], [93.98076684643338, 23.12649113813972], [93.98018091380196, 23.126494780812973], [93.98016516534426, 23.124327106628556], [93.98133701166735, 23.124319819866567], [93.98132124629214, 23.122152145837152], [93.98307898665658, 23.122141200517635], [93.98309083168009, 23.123766955239518], [93.98602043185402, 23.123748668095576], [93.9860243921956, 23.124290585783267], [93.98661031422452, 23.124286921731407], [93.98662616619656, 23.1264545917211], [93.98486837152025, 23.1264655784958], [93.98488024057961, 23.128091331450587], [93.98546617931638, 23.128087671081936], [93.9854780565095, 23.129713423409445], [93.98489211071357, 23.129717084064627], [93.98489606766371, 23.130259001526912], [93.98313822250013, 23.130269970719986]]]}, "properties": {"id": 323, "label": "temporary radar change (return toward T1)", "class_id": 2, "direction": "increase", "area_ha": 39.981974209811376, "pixel_count": 111, "mean_change_db": 3.9290032386779785, "max_change_db": 5.2357563972473145, "mean_signed_db": 3.9290032386779785, "first_observed": "2024-11-20T11:46:56.693237Z", "observation_interval": ["2024-04-18T11:46:55.497558Z", "2024-11-20T11:46:56.693237Z"], "persists_into_T3": false, "mean_power_by_date": [0.0760979875922203, 0.18752634525299072, 0.09280803054571152], "interpretation": "Unvalidated radar-change candidate; terrain, registration and moisture may explain the signal.", "mean_slope_deg": 0.73, "max_slope_deg": 1.73, "mean_elevation_m": 148.3, "terrain_risk_pct": 0.0, "terrain_tier": "Low Risk (Flat Lowland)", "priority_score": 24.84, "temporal_class": "seasonal_transient", "t4_status": "pending", "t4_mean_power": null, "t4_mean_signed_db": null, "t4_observation": null}}, {"type": "Feature", "geometry": {"type": "Polygon", "coordinates": [[[94.41354406589835, 23.383306081600775], [94.41353256945834, 23.38222245207323], [94.41294561135821, 23.382227756934952], [94.41293986578175, 23.381685941975665], [94.41235290989411, 23.381691244498533], [94.41232419652067, 23.378982168433467], [94.41173725238396, 23.378987468069173], [94.41172577300947, 23.377903837096977], [94.41113883346934, 23.377909134257244], [94.4111216228519, 23.376283687096464], [94.41288241949754, 23.37626779024586], [94.41288816335032, 23.37680960559367], [94.41523589933452, 23.37678837842883], [94.41525316053844, 23.37841382259157], [94.41466621964832, 23.3784191330966], [94.41467197134384, 23.37896094787719], [94.41408502789673, 23.37896625631827], [94.41409652703642, 23.380049886037543], [94.41996600142312, 23.379996699815052], [94.41997754894606, 23.381080326627096], [94.42115145128551, 23.381069662413644], [94.42116878817814, 23.382695101512585], [94.41882095418843, 23.38271642278785], [94.41881518459043, 23.382174609242227], [94.41705431443503, 23.382190576667607], [94.41706007687834, 23.382732390626266], [94.4164731174291, 23.38273770883563], [94.41647887766031, 23.38327952289299], [94.41354406589835, 23.383306081600775]]]}, "properties": {"id": 181, "label": "temporary radar change (return toward T1)", "class_id": 2, "direction": "increase", "area_ha": 37.45059789266116, "pixel_count": 104, "mean_change_db": 4.1851701736450195, "max_change_db": 5.918707847595215, "mean_signed_db": 4.1851701736450195, "first_observed": "2024-11-20T11:46:56.693237Z", "observation_interval": ["2024-04-18T11:46:55.497558Z", "2024-11-20T11:46:56.693237Z"], "persists_into_T3": false, "mean_power_by_date": [0.06602097302675247, 0.17238344252109528, 0.08056945353746414], "interpretation": "Unvalidated radar-change candidate; terrain, registration and moisture may explain the signal.", "mean_slope_deg": 2.68, "max_slope_deg": 12.01, "mean_elevation_m": 136.8, "terrain_risk_pct": 0.0, "terrain_tier": "Low Risk (Flat Lowland)", "priority_score": 25.61, "temporal_class": "seasonal_transient", "t4_status": "pending", "t4_mean_power": null, "t4_mean_signed_db": null, "t4_observation": null}}, {"type": "Feature", "geometry": {"type": "Polygon", "coordinates": [[[94.05756471833148, 22.754761724566016], [94.0575605462601, 22.754219793789733], [94.05463895167871, 22.754239113881408], [94.05463479125446, 22.753697182557055], [94.05405047426198, 22.753701040062356], [94.05404631626834, 22.753159108598584], [94.05346200145325, 22.753162963865023], [94.05345784589007, 22.752621032261885], [94.05170490759777, 22.75263258493432], [94.05170905624927, 22.753174516842787], [94.04995610990866, 22.75318605058821], [94.04995196816887, 22.752644118374914], [94.04936765477366, 22.752647958581363], [94.04935523722203, 22.751022161412212], [94.0511081562955, 22.751010635296186], [94.05111230226444, 22.751552567418717], [94.05169661067363, 22.75154872100497], [94.051692462401, 22.751006788984107], [94.05344537995948, 22.750995237227645], [94.05344122490227, 22.75045330547463], [94.0540255281986, 22.750449450717635], [94.05402137096435, 22.749907519029033], [94.05635857366921, 22.749892079042816], [94.0563627401176, 22.750434010323314], [94.05694704278044, 22.750430144883147], [94.05696371905728, 22.752597869221702], [94.05930096529795, 22.752582384457806], [94.05928007419591, 22.74987273098716], [94.06103297298621, 22.749861096514984], [94.06103715786278, 22.75040302697654], [94.06162145950836, 22.750399144443406], [94.06163820950341, 22.75256686550437], [94.06280683084154, 22.752559093206614], [94.062823601308, 22.754726812846176], [94.05756471833148, 22.754761724566016]]]}, "properties": {"id": 472, "label": "temporary radar change (return toward T1)", "class_id": 2, "direction": "increase", "area_ha": 44.662735066815486, "pixel_count": 124, "mean_change_db": 3.4798789024353027, "max_change_db": 4.554115295410156, "mean_signed_db": 3.4798789024353027, "first_observed": "2024-11-20T11:46:56.693237Z", "observation_interval": ["2024-04-18T11:46:55.497558Z", "2024-11-20T11:46:56.693237Z"], "persists_into_T3": false, "mean_power_by_date": [0.05807473883032799, 0.12919895350933075, 0.07441149652004242], "interpretation": "Unvalidated radar-change candidate; terrain, registration and moisture may explain the signal.", "mean_slope_deg": 0.69, "max_slope_deg": 1.41, "mean_elevation_m": 157.8, "terrain_risk_pct": 0.0, "terrain_tier": "Low Risk (Flat Lowland)", "priority_score": 23.26, "temporal_class": "seasonal_transient", "t4_status": "pending", "t4_mean_power": null, "t4_mean_signed_db": null, "t4_observation": null}}, {"type": "Feature", "geometry": {"type": "Polygon", "coordinates": [[[94.40547362337401, 22.72064810321894], [94.40546808829149, 22.7201062412128], [94.40429989389298, 22.72011650649283], [94.40427777363529, 22.71794905700221], [94.40369368537654, 22.717954185900762], [94.40368815803137, 22.717412323297467], [94.40193589913953, 22.71742769679303], [94.40193037885695, 22.71688583374501], [94.4013462945213, 22.716890953843723], [94.40134077670488, 22.716349090622266], [94.40075669449917, 22.716354208453442], [94.40074014895204, 22.71472861815503], [94.40015607347189, 22.714733733448078], [94.40013402428502, 22.712566278643948], [94.40363841950148, 22.712535558159132], [94.40364394533135, 22.713077421104153], [94.40422801290946, 22.713072293426848], [94.40424459830216, 22.714697881627046], [94.40482867260475, 22.71469275141079], [94.40483420370363, 22.715234613932502], [94.40717050841934, 22.715214071205196], [94.40717604887807, 22.715755933145363], [94.40776012693306, 22.715750791997692], [94.40779338701857, 22.719001962024944], [94.40720929517514, 22.71900710398883], [94.40722592060249, 22.720632688897826], [94.40547362337401, 22.72064810321894]]]}, "properties": {"id": 493, "label": "temporary radar change (return toward T1)", "class_id": 2, "direction": "increase", "area_ha": 39.61133390461539, "pixel_count": 110, "mean_change_db": 3.7331855297088623, "max_change_db": 4.942131042480469, "mean_signed_db": 3.7331855297088623, "first_observed": "2024-11-20T11:46:56.693237Z", "observation_interval": ["2024-04-18T11:46:55.497558Z", "2024-11-20T11:46:56.693237Z"], "persists_into_T3": false, "mean_power_by_date": [0.09174787998199463, 0.21742737293243408, 0.10716221481561661], "interpretation": "Unvalidated radar-change candidate; terrain, registration and moisture may explain the signal.", "mean_slope_deg": 1.95, "max_slope_deg": 5.09, "mean_elevation_m": 148.1, "terrain_risk_pct": 0.0, "terrain_tier": "Low Risk (Flat Lowland)", "priority_score": 23.5, "temporal_class": "seasonal_transient", "t4_status": "pending", "t4_mean_power": null, "t4_mean_signed_db": null, "t4_observation": null}}, {"type": "Feature", "geometry": {"type": "Polygon", "coordinates": [[[94.04219725583512, 22.88547413963672], [94.04218898045369, 22.88439029045967], [94.04160410325359, 22.88439412309284], [94.04159583301625, 22.883310273563616], [94.04101096033246, 22.88331410384459], [94.04098616655587, 22.880062553749344], [94.04274074245934, 22.880051058269807], [94.04273660364103, 22.879509133424754], [94.04449117145282, 22.879497618896544], [94.04449531723226, 22.88003954343861], [94.04508017523833, 22.880035700861175], [94.04508432346402, 22.880577625264507], [94.04566918366466, 22.88057378043573], [94.04567748513486, 22.88165762892717], [94.04626234985061, 22.881653781745705], [94.04628727120966, 22.884905325709585], [94.04453263490974, 22.88491686262405], [94.04453678194756, 22.885458786789844], [94.04219725583512, 22.88547413963672]]]}, "properties": {"id": 30, "label": "persistent radar change", "class_id": 1, "direction": "increase", "area_ha": 28.814891420459375, "pixel_count": 80, "mean_change_db": 4.902780055999756, "max_change_db": 6.213099002838135, "mean_signed_db": 4.902780055999756, "first_observed": "2024-11-20T11:46:56.693237Z", "observation_interval": ["2024-04-18T11:46:55.497558Z", "2024-11-20T11:46:56.693237Z"], "persists_into_T3": true, "mean_power_by_date": [0.06438492238521576, 0.2000216543674469, 0.1717032641172409], "interpretation": "Unvalidated radar-change candidate; terrain, registration and moisture may explain the signal.", "mean_slope_deg": 0.22, "max_slope_deg": 0.53, "mean_elevation_m": 140.9, "terrain_risk_pct": 0.0, "terrain_tier": "Low Risk (Flat Lowland)", "priority_score": 26.32, "temporal_class": "persistent", "t4_status": "pending", "t4_mean_power": null, "t4_mean_signed_db": null, "t4_observation": null}}, {"type": "Feature", "geometry": {"type": "Polygon", "coordinates": [[[94.40462538672116, 23.372549084138896], [94.40460825992385, 23.370923631302052], [94.40402134931348, 23.370928900274667], [94.40401564310707, 23.37038708244838], [94.40342873470887, 23.37039234908417], [94.40344014252602, 23.37147598497049], [94.4005055741343, 23.371502286503453], [94.40048849841656, 23.369876830573958], [94.40107540528656, 23.36987157507657], [94.401069711339, 23.369329756491776], [94.40048280685228, 23.369335011853156], [94.40044866105343, 23.36608409871322], [94.40338311028687, 23.366057803986017], [94.40340021816144, 23.367683258688974], [94.4057478030628, 23.367662181670404], [94.40575922823292, 23.368745816853988], [94.40634612879599, 23.36874054182586], [94.4063632749868, 23.370365993900496], [94.40695018252808, 23.37036071626236], [94.40697305605124, 23.372527984605295], [94.40462538672116, 23.372549084138896]]]}, "properties": {"id": 191, "label": "temporary radar change (return toward T1)", "class_id": 2, "direction": "increase", "area_ha": 32.04934644079872, "pixel_count": 89, "mean_change_db": 4.375247001647949, "max_change_db": 6.362448215484619, "mean_signed_db": 4.375247001647949, "first_observed": "2024-11-20T11:46:56.693237Z", "observation_interval": ["2024-04-18T11:46:55.497558Z", "2024-11-20T11:46:56.693237Z"], "persists_into_T3": false, "mean_power_by_date": [0.06341949850320816, 0.17176444828510284, 0.07396995276212692], "interpretation": "Unvalidated radar-change candidate; terrain, registration and moisture may explain the signal.", "mean_slope_deg": 1.08, "max_slope_deg": 6.27, "mean_elevation_m": 128.6, "terrain_risk_pct": 0.0, "terrain_tier": "Low Risk (Flat Lowland)", "priority_score": 24.77, "temporal_class": "seasonal_transient", "t4_status": "pending", "t4_mean_power": null, "t4_mean_signed_db": null, "t4_observation": null}}, {"type": "Feature", "geometry": {"type": "Polygon", "coordinates": [[[94.3587302229611, 22.83756380035698], [94.35872484128141, 22.83702193556561], [94.35638641414955, 22.837041870965283], [94.35638104188827, 22.836500005610574], [94.35579643701087, 22.836504983967348], [94.35580180695843, 22.837046849453237], [94.35404798440652, 22.83706177204835], [94.35403189587625, 22.83543617429697], [94.35344729497405, 22.83544114381289], [94.35342585513477, 22.833273679088023], [94.35459503826885, 22.83326373895938], [94.35458431007332, 22.832180006892628], [94.35692265587964, 22.83216010195171], [94.3569280291486, 22.832701967479526], [94.35926638159569, 22.83268202770471], [94.35927176428083, 22.833223892669004], [94.36044094414996, 22.833213909652567], [94.36046249503306, 22.835381368076938], [94.36104709397573, 22.83537637282564], [94.36106326579763, 22.83700196584949], [94.36047865991404, 22.837006961495675], [94.36048404853506, 22.83754882589248], [94.3587302229611, 22.83756380035698]]]}, "properties": {"id": 431, "label": "temporary radar change (return toward T1)", "class_id": 2, "direction": "increase", "area_ha": 35.29131970643315, "pixel_count": 98, "mean_change_db": 3.873081684112549, "max_change_db": 4.933623313903809, "mean_signed_db": 3.873081684112549, "first_observed": "2024-11-20T11:46:56.693237Z", "observation_interval": ["2024-04-18T11:46:55.497558Z", "2024-11-20T11:46:56.693237Z"], "persists_into_T3": false, "mean_power_by_date": [0.08880241215229034, 0.21777106821537018, 0.10160103440284729], "interpretation": "Unvalidated radar-change candidate; terrain, registration and moisture may explain the signal.", "mean_slope_deg": 1.1, "max_slope_deg": 4.94, "mean_elevation_m": 120.5, "terrain_risk_pct": 0.0, "terrain_tier": "Low Risk (Flat Lowland)", "priority_score": 23.01, "temporal_class": "seasonal_transient", "t4_status": "pending", "t4_mean_power": null, "t4_mean_signed_db": null, "t4_observation": null}}, {"type": "Feature", "geometry": {"type": "Polygon", "coordinates": [[[94.02297327455534, 22.89589610991369], [94.02295702130107, 22.893728401076483], [94.02237210052876, 22.893732164420054], [94.0223599188489, 22.892106382100273], [94.02294483265479, 22.892102619053652], [94.02293264511793, 22.890476836692322], [94.02234773827786, 22.890480599442018], [94.0223436783339, 22.889938671814043], [94.02175877369243, 22.8899424323135], [94.02174660156466, 22.888316648907196], [94.02467108871461, 22.888297826382743], [94.02468329566715, 22.889923608303572], [94.02409839151886, 22.889927377408085], [94.02410245842819, 22.890469304738957], [94.02468736489826, 22.890465535535302], [94.02469143425286, 22.891007462729412], [94.0252763429213, 22.891003691275227], [94.0252804147213, 22.891545618332525], [94.02703514695082, 22.89153429076379], [94.02703922584035, 22.892076217485528], [94.02762413865807, 22.892072437227007], [94.02763638303561, 22.89369821686822], [94.0270514632515, 22.893701997425037], [94.02705962214446, 22.89478585052995], [94.02588977291576, 22.89479340558604], [94.02589384790306, 22.895335332280773], [94.02472399353499, 22.895342878928272], [94.02472806400098, 22.89588480578386], [94.02297327455534, 22.89589610991369]]]}, "properties": {"id": 28, "label": "persistent radar change", "class_id": 1, "direction": "increase", "area_ha": 29.175379399845518, "pixel_count": 81, "mean_change_db": 4.681912422180176, "max_change_db": 5.627188682556152, "mean_signed_db": 4.681912422180176, "first_observed": "2024-11-20T11:46:56.693237Z", "observation_interval": ["2024-04-18T11:46:55.497558Z", "2024-11-20T11:46:56.693237Z"], "persists_into_T3": true, "mean_power_by_date": [0.05129052326083183, 0.1507195085287094, 0.12176407873630524], "interpretation": "Unvalidated radar-change candidate; terrain, registration and moisture may explain the signal.", "mean_slope_deg": 0.59, "max_slope_deg": 1.29, "mean_elevation_m": 151.1, "terrain_risk_pct": 0.0, "terrain_tier": "Low Risk (Flat Lowland)", "priority_score": 25.29, "temporal_class": "persistent", "t4_status": "pending", "t4_mean_power": null, "t4_mean_signed_db": null, "t4_observation": null}}, {"type": "Feature", "geometry": {"type": "Polygon", "coordinates": [[[94.44331491461733, 23.42204807759877], [94.44328551520395, 23.41933905217473], [94.44504685646704, 23.41932276511107], [94.44505863004207, 23.420406374556002], [94.44623286622752, 23.420395504924564], [94.44621519179151, 23.418770091541145], [94.4479765232377, 23.418753771817038], [94.4479706249436, 23.4182119676996], [94.45031905483788, 23.418190177754784], [94.45032496269012, 23.41873198130925], [94.45149918135397, 23.41872107282298], [94.45149326872269, 23.41817926955034], [94.45442880033161, 23.418151960445986], [94.45445249971269, 23.42031917048038], [94.45269115260416, 23.420335564253033], [94.45270890749613, 23.42196097264009], [94.45036041352287, 23.421982801817585], [94.4503367789259, 23.419815588301265], [94.44857543526416, 23.41983193533485], [94.44858723786969, 23.420915543015617], [94.44623875805942, 23.420937309307774], [94.44625054225308, 23.42202091795728], [94.44331491461733, 23.42204807759877]]]}, "properties": {"id": 140, "label": "temporary radar change (return toward T1)", "class_id": 2, "direction": "increase", "area_ha": 30.60790977952485, "pixel_count": 85, "mean_change_db": 4.440950393676758, "max_change_db": 5.858153343200684, "mean_signed_db": 4.440950393676758, "first_observed": "2024-11-20T11:46:56.693237Z", "observation_interval": ["2024-04-18T11:46:55.497558Z", "2024-11-20T11:46:56.693237Z"], "persists_into_T3": false, "mean_power_by_date": [0.058411020785570145, 0.16135844588279724, 0.07137759774923325], "interpretation": "Unvalidated radar-change candidate; terrain, registration and moisture may explain the signal.", "mean_slope_deg": 3.38, "max_slope_deg": 11.14, "mean_elevation_m": 152.5, "terrain_risk_pct": 0.0, "terrain_tier": "Low Risk (Flat Lowland)", "priority_score": 24.57, "temporal_class": "seasonal_transient", "t4_status": "pending", "t4_mean_power": null, "t4_mean_signed_db": null, "t4_observation": null}}, {"type": "Feature", "geometry": {"type": "Polygon", "coordinates": [[[94.04214034159537, 22.64701232651267], [94.04212807320478, 22.645386504133597], [94.0432957930379, 22.64537890852214], [94.04328760557497, 22.64429502715249], [94.04270375030077, 22.644298825819526], [94.04269556791728, 22.64321494409906], [94.03977631257297, 22.64323390454398], [94.03976815358583, 22.642150021668204], [94.03918430672252, 22.642153807179803], [94.03917207604418, 22.640527982285004], [94.04092359565476, 22.640516620278444], [94.04092767929146, 22.641058561645877], [94.04326304618468, 22.641043382147938], [94.04327532531764, 22.64266920481814], [94.04385917359754, 22.642665404327985], [94.04384688759585, 22.64103958196028], [94.04559841107911, 22.64102816864567], [94.04561071768696, 22.6426539901049], [94.04444302175244, 22.642661601712394], [94.0444553157485, 22.64428742344159], [94.0456230254217, 22.644279811228266], [94.04562712825039, 22.644821751528085], [94.04679484200256, 22.644814130610175], [94.04679073459403, 22.64427219051253], [94.04912615143387, 22.644256923573895], [94.04913026800202, 22.644798863266516], [94.04971412418797, 22.644795041116478], [94.04972648151642, 22.64642085966618], [94.0473910285385, 22.646436136728195], [94.04739513873865, 22.646978076575365], [94.04214034159537, 22.64701232651267]]]}, "properties": {"id": 519, "label": "temporary radar change (return toward T1)", "class_id": 2, "direction": "increase", "area_ha": 36.01856596793332, "pixel_count": 100, "mean_change_db": 3.727313280105591, "max_change_db": 4.237279891967773, "mean_signed_db": 3.727313280105591, "first_observed": "2024-11-20T11:46:56.693237Z", "observation_interval": ["2024-04-18T11:46:55.497558Z", "2024-11-20T11:46:56.693237Z"], "persists_into_T3": false, "mean_power_by_date": [0.059558115899562836, 0.140419602394104, 0.07591800391674042], "interpretation": "Unvalidated radar-change candidate; terrain, registration and moisture may explain the signal.", "mean_slope_deg": 0.53, "max_slope_deg": 1.13, "mean_elevation_m": 184.1, "terrain_risk_pct": 0.0, "terrain_tier": "Low Risk (Flat Lowland)", "priority_score": 22.37, "temporal_class": "seasonal_transient", "t4_status": "pending", "t4_mean_power": null, "t4_mean_signed_db": null, "t4_observation": null}}, {"type": "Feature", "geometry": {"type": "Polygon", "coordinates": [[[94.42562107247439, 23.359896220502048], [94.42561528156129, 23.359354406981343], [94.42502842719749, 23.35935975226524], [94.42502263884002, 23.358817938567313], [94.42326208185177, 23.35883396080877], [94.42325630081322, 23.358292146657213], [94.42266945051838, 23.358297482867847], [94.42264633762568, 23.356130225320634], [94.42440685941096, 23.356114211749727], [94.42441842979926, 23.357197839771835], [94.42735265311515, 23.35717110512473], [94.42734685592667, 23.356629291825232], [94.42910738068399, 23.356613225064866], [94.42910157652526, 23.356071412142466], [94.4302752540629, 23.356060690251784], [94.43026363674295, 23.354977064845606], [94.4326109706748, 23.354955595789455], [94.43261678877262, 23.355497407956122], [94.43320362420036, 23.35549203505609], [94.43322108668596, 23.357117470905607], [94.43087371535054, 23.35713895098113], [94.43087952700239, 23.357680763409338], [94.43029268135068, 23.35768612806964], [94.43030430041445, 23.358769753087262], [94.42971744982502, 23.358775115826166], [94.42972325723674, 23.359316928415517], [94.42913640409122, 23.35932228909403], [94.42914220929543, 23.359864101783295], [94.42562107247439, 23.359896220502048]]]}, "properties": {"id": 201, "label": "temporary radar change (return toward T1)", "class_id": 2, "direction": "increase", "area_ha": 30.608376447145872, "pixel_count": 85, "mean_change_db": 4.352850914001465, "max_change_db": 5.990720748901367, "mean_signed_db": 4.352850914001465, "first_observed": "2024-11-20T11:46:56.693237Z", "observation_interval": ["2024-04-18T11:46:55.497558Z", "2024-11-20T11:46:56.693237Z"], "persists_into_T3": false, "mean_power_by_date": [0.06322959810495377, 0.17155566811561584, 0.0745350793004036], "interpretation": "Unvalidated radar-change candidate; terrain, registration and moisture may explain the signal.", "mean_slope_deg": 1.87, "max_slope_deg": 7.58, "mean_elevation_m": 149.8, "terrain_risk_pct": 0.0, "terrain_tier": "Low Risk (Flat Lowland)", "priority_score": 24.08, "temporal_class": "seasonal_transient", "t4_status": "pending", "t4_mean_power": null, "t4_mean_signed_db": null, "t4_observation": null}}, {"type": "Feature", "geometry": {"type": "Polygon", "coordinates": [[[94.3910903292803, 22.742450393770202], [94.39108484498409, 22.741908529904325], [94.38874807076775, 22.741928860181936], [94.38874259584364, 22.74138699574063], [94.38757421233763, 22.741397147802463], [94.38753045576087, 22.73706222875785], [94.38869880245122, 22.737052078843025], [94.38869332902718, 22.736510214059937], [94.39103001120479, 22.73648988915661], [94.39103549383145, 22.737031753402288], [94.39161966625932, 22.737026666706477], [94.39162515135364, 22.73756853077967], [94.39220932591522, 22.737563441815063], [94.39221481347732, 22.738105305715738], [94.3927989901726, 22.738100214482216], [94.39280448020266, 22.738642078210304], [94.39338865903161, 22.738636984707764], [94.39340513702771, 22.740262575260118], [94.39282095129577, 22.740267669166663], [94.39284291509367, 22.742435123243364], [94.3910903292803, 22.742450393770202]]]}, "properties": {"id": 482, "label": "temporary radar change (return toward T1)", "class_id": 2, "direction": "increase", "area_ha": 30.9691760818125, "pixel_count": 86, "mean_change_db": 4.288633823394775, "max_change_db": 4.98608922958374, "mean_signed_db": 4.288633823394775, "first_observed": "2024-11-20T11:46:56.693237Z", "observation_interval": ["2024-04-18T11:46:55.497558Z", "2024-11-20T11:46:56.693237Z"], "persists_into_T3": false, "mean_power_by_date": [0.07353104650974274, 0.1996958702802658, 0.08571917563676834], "interpretation": "Unvalidated radar-change candidate; terrain, registration and moisture may explain the signal.", "mean_slope_deg": 1.0, "max_slope_deg": 10.81, "mean_elevation_m": 132.6, "terrain_risk_pct": 0.0, "terrain_tier": "Low Risk (Flat Lowland)", "priority_score": 23.87, "temporal_class": "seasonal_transient", "t4_status": "pending", "t4_mean_power": null, "t4_mean_signed_db": null, "t4_observation": null}}, {"type": "Feature", "geometry": {"type": "Polygon", "coordinates": [[[94.4405544365953, 23.707628770499614], [94.44053064048512, 23.70546162714701], [94.44229580235718, 23.705445184512868], [94.44228984648974, 23.704903398997246], [94.44287823099798, 23.7048979137883], [94.44286631494033, 23.703814342919856], [94.44345469441598, 23.703808855756225], [94.44344873422598, 23.70326707040346], [94.44403711109662, 23.703261581144865], [94.44403114865685, 23.702719795893277], [94.44579627092054, 23.702703315126918], [94.44582015087501, 23.704870454209875], [94.44523176725507, 23.70487595059671], [94.44526160906149, 23.70758487426882], [94.4405544365953, 23.707628770499614]]]}, "properties": {"id": 1, "label": "persistent radar change", "class_id": 1, "direction": "decrease", "area_ha": 19.44515301658828, "pixel_count": 54, "mean_change_db": 6.78225040435791, "max_change_db": 9.49399471282959, "mean_signed_db": -6.78225040435791, "first_observed": "2024-11-20T11:46:56.693237Z", "observation_interval": ["2024-04-18T11:46:55.497558Z", "2024-11-20T11:46:56.693237Z"], "persists_into_T3": true, "mean_power_by_date": [0.16714684665203094, 0.0374811552464962, 0.038686562329530716], "interpretation": "Unvalidated radar-change candidate; terrain, registration and moisture may explain the signal.", "mean_slope_deg": 0.1, "max_slope_deg": 0.25, "mean_elevation_m": 107.7, "terrain_risk_pct": 0.0, "terrain_tier": "Low Risk (Flat Lowland)", "priority_score": 29.91, "temporal_class": "persistent", "t4_status": "pending", "t4_mean_power": null, "t4_mean_signed_db": null, "t4_observation": null}}, {"type": "Feature", "geometry": {"type": "Polygon", "coordinates": [[[94.36880640188465, 23.371241011567754], [94.36880083868807, 23.370699185664865], [94.36821392014616, 23.370704320267542], [94.36818611858443, 23.367995189507386], [94.36877302520949, 23.36799005556907], [94.36873965454407, 23.364739098175118], [94.37284789615639, 23.3647031045873], [94.37286463077804, 23.366328580663772], [94.3734515289164, 23.366323429522748], [94.37347385362169, 23.36849072988207], [94.37288694595094, 23.368495881556385], [94.37290368408871, 23.370121356818807], [94.3705560231317, 23.37014194311042], [94.37056716365916, 23.371225594157018], [94.36880640188465, 23.371241011567754]]]}, "properties": {"id": 192, "label": "temporary radar change (return toward T1)", "class_id": 2, "direction": "increase", "area_ha": 30.60964224734723, "pixel_count": 85, "mean_change_db": 4.148420810699463, "max_change_db": 5.054658889770508, "mean_signed_db": 4.148420810699463, "first_observed": "2024-11-20T11:46:56.693237Z", "observation_interval": ["2024-04-18T11:46:55.497558Z", "2024-11-20T11:46:56.693237Z"], "persists_into_T3": false, "mean_power_by_date": [0.07520967721939087, 0.19507382810115814, 0.09419308602809906], "interpretation": "Unvalidated radar-change candidate; terrain, registration and moisture may explain the signal.", "mean_slope_deg": 1.18, "max_slope_deg": 3.93, "mean_elevation_m": 120.4, "terrain_risk_pct": 0.0, "terrain_tier": "Low Risk (Flat Lowland)", "priority_score": 22.95, "temporal_class": "seasonal_transient", "t4_status": "pending", "t4_mean_power": null, "t4_mean_signed_db": null, "t4_observation": null}}, {"type": "Feature", "geometry": {"type": "Polygon", "coordinates": [[[94.15285415822781, 23.78210994985858], [94.15284938011243, 23.781568107422796], [94.15108298923111, 23.78158128836249], [94.15107344806026, 23.780497602701043], [94.15048465569372, 23.780501991634186], [94.15047035231801, 23.77887646251392], [94.15105913736835, 23.77887207391699], [94.15104959761662, 23.77778838786638], [94.15046081744339, 23.777792776239178], [94.1504417493961, 23.775625403222737], [94.15220806022997, 23.77561223271712], [94.15222238299738, 23.777237761528713], [94.15457749137981, 23.77722016809063], [94.15459184468774, 23.778845695204076], [94.1551806287432, 23.778841290896725], [94.15518541590248, 23.779383133077562], [94.15577420225416, 23.779378726413345], [94.15575504471731, 23.777211357906573], [94.15752137365475, 23.777198125799277], [94.15754535751054, 23.77990733464581], [94.15577899199461, 23.779920568442733], [94.15578857190296, 23.78100425238474], [94.15519977823492, 23.78100865938655], [94.15520935383533, 23.78209234339792], [94.15285415822781, 23.78210994985858]]]}, "properties": {"id": 83, "label": "temporary radar change (return toward T1)", "class_id": 2, "direction": "increase", "area_ha": 31.694538774344302, "pixel_count": 88, "mean_change_db": 3.9870989322662354, "max_change_db": 4.966543197631836, "mean_signed_db": 3.9870989322662354, "first_observed": "2024-11-20T11:46:56.693237Z", "observation_interval": ["2024-04-18T11:46:55.497558Z", "2024-11-20T11:46:56.693237Z"], "persists_into_T3": false, "mean_power_by_date": [0.09531629085540771, 0.23987509310245514, 0.12140586227178574], "interpretation": "Unvalidated radar-change candidate; terrain, registration and moisture may explain the signal.", "mean_slope_deg": 0.49, "max_slope_deg": 0.87, "mean_elevation_m": 192.0, "terrain_risk_pct": 0.0, "terrain_tier": "Low Risk (Flat Lowland)", "priority_score": 22.45, "temporal_class": "seasonal_transient", "t4_status": "pending", "t4_mean_power": null, "t4_mean_signed_db": null, "t4_observation": null}}, {"type": "Feature", "geometry": {"type": "Polygon", "coordinates": [[[94.01939309650201, 23.120284876365826], [94.01938900294142, 23.119742963953613], [94.01880310653571, 23.119746749061107], [94.01879492448856, 23.1186629239254], [94.01820903266272, 23.118666706660107], [94.01818450359319, 23.115415229751203], [94.01935625890452, 23.11540766329168], [94.01935216645586, 23.114865750538424], [94.0199380415751, 23.114861964145206], [94.01992575791729, 23.11323622595462], [94.02226922894543, 23.113221059821537], [94.02227743673477, 23.114304884527982], [94.0228633088842, 23.114301087359895], [94.0228797353543, 23.116468735921554], [94.02229385380016, 23.116472533486128], [94.02230206307624, 23.117556357737836], [94.02288794933314, 23.117552559975003], [94.02289205650852, 23.118094471944886], [94.02347794499295, 23.11809067190779], [94.02349027431787, 23.119716407292476], [94.021732587328, 23.119727801770523], [94.02173669029574, 23.120269713787014], [94.01939309650201, 23.120284876365826]]]}, "properties": {"id": 326, "label": "temporary radar change (return toward T1)", "class_id": 2, "direction": "increase", "area_ha": 30.976416804257454, "pixel_count": 86, "mean_change_db": 4.027810573577881, "max_change_db": 5.136973857879639, "mean_signed_db": 4.027810573577881, "first_observed": "2024-11-20T11:46:56.693237Z", "observation_interval": ["2024-04-18T11:46:55.497558Z", "2024-11-20T11:46:56.693237Z"], "persists_into_T3": false, "mean_power_by_date": [0.07964038848876953, 0.19983826577663422, 0.0870857834815979], "interpretation": "Unvalidated radar-change candidate; terrain, registration and moisture may explain the signal.", "mean_slope_deg": 0.28, "max_slope_deg": 0.51, "mean_elevation_m": 129.6, "terrain_risk_pct": 0.0, "terrain_tier": "Low Risk (Flat Lowland)", "priority_score": 22.42, "temporal_class": "seasonal_transient", "t4_status": "pending", "t4_mean_power": null, "t4_mean_signed_db": null, "t4_observation": null}}, {"type": "Feature", "geometry": {"type": "Polygon", "coordinates": [[[94.386419370577, 23.427982243536373], [94.38641372049292, 23.42744042558864], [94.38523939166434, 23.427450848483513], [94.38521116769208, 23.424741756815838], [94.38697262481891, 23.42472612118322], [94.38696697336027, 23.424184303136986], [94.38637982354454, 23.424189517086088], [94.3863572289656, 23.422022243973817], [94.39046720718464, 23.421985703776137], [94.39047287230741, 23.422527521168526], [94.3928214371164, 23.422506591984025], [94.39284413755297, 23.424673859002176], [94.38932123194938, 23.42470524278562], [94.38932689314002, 23.42524706025366], [94.38815258513259, 23.42525750413472], [94.38816389845992, 23.426341139493758], [94.38875105732997, 23.42633591838666], [94.38876803576547, 23.427961370729122], [94.386419370577, 23.427982243536373]]]}, "properties": {"id": 136, "label": "temporary radar change (return toward T1)", "class_id": 2, "direction": "increase", "area_ha": 29.889049880408983, "pixel_count": 83, "mean_change_db": 4.112628936767578, "max_change_db": 5.175482749938965, "mean_signed_db": 4.112628936767578, "first_observed": "2024-11-20T11:46:56.693237Z", "observation_interval": ["2024-04-18T11:46:55.497558Z", "2024-11-20T11:46:56.693237Z"], "persists_into_T3": false, "mean_power_by_date": [0.06751757115125656, 0.17426152527332306, 0.08677398413419724], "interpretation": "Unvalidated radar-change candidate; terrain, registration and moisture may explain the signal.", "mean_slope_deg": 2.14, "max_slope_deg": 11.56, "mean_elevation_m": 131.4, "terrain_risk_pct": 0.0, "terrain_tier": "Low Risk (Flat Lowland)", "priority_score": 22.48, "temporal_class": "seasonal_transient", "t4_status": "pending", "t4_mean_power": null, "t4_mean_signed_db": null, "t4_observation": null}}, {"type": "Feature", "geometry": {"type": "Polygon", "coordinates": [[[94.01015083536707, 23.05964683524383], [94.01014679078911, 23.05910491711696], [94.00956115549414, 23.05910865863015], [94.00954498777953, 23.056940985353194], [94.01071623949755, 23.05693350094087], [94.01070410093364, 23.055307746173483], [94.0148034288779, 23.05528148447535], [94.01478718022861, 23.053113813670578], [94.0136159630316, 23.05312132706963], [94.01360379189161, 23.051495572979473], [94.01418939352264, 23.051491817658846], [94.01418533437845, 23.05094989965143], [94.01594213150658, 23.050938620975533], [94.01594619767916, 23.051480538687894], [94.01711739983567, 23.051473008533044], [94.0171418275692, 23.054724512831296], [94.0165562124942, 23.05472827958396], [94.0165602818706, 23.055270196933197], [94.01597466432928, 23.055273961615818], [94.01598279876431, 23.05635779639781], [94.01656842099243, 23.05635403151824], [94.0165806305978, 23.057979783112216], [94.01423811282501, 23.057994830799046], [94.01422999171399, 23.05691099565375], [94.01130186517315, 23.056929755481566], [94.01130996284792, 23.05801359160821], [94.0118955930884, 23.05800984378411], [94.01190774754984, 23.05963559739644], [94.01015083536707, 23.05964683524383]]]}, "properties": {"id": 365, "label": "temporary radar change (return toward T1)", "class_id": 2, "direction": "increase", "area_ha": 32.05709810918458, "pixel_count": 89, "mean_change_db": 3.8273160457611084, "max_change_db": 4.964323043823242, "mean_signed_db": 3.8273160457611084, "first_observed": "2024-11-20T11:46:56.693237Z", "observation_interval": ["2024-04-18T11:46:55.497558Z", "2024-11-20T11:46:56.693237Z"], "persists_into_T3": false, "mean_power_by_date": [0.09224560856819153, 0.22449861466884613, 0.1154274046421051], "interpretation": "Unvalidated radar-change candidate; terrain, registration and moisture may explain the signal.", "mean_slope_deg": 0.54, "max_slope_deg": 1.12, "mean_elevation_m": 118.2, "terrain_risk_pct": 0.0, "terrain_tier": "Low Risk (Flat Lowland)", "priority_score": 21.67, "temporal_class": "seasonal_transient", "t4_status": "pending", "t4_mean_power": null, "t4_mean_signed_db": null, "t4_observation": null}}, {"type": "Feature", "geometry": {"type": "Polygon", "coordinates": [[[94.01253798627526, 23.06559293969736], [94.01253393097379, 23.065051022378427], [94.01077694883018, 23.06506226967378], [94.01076480476173, 23.0634365166078], [94.01135045856516, 23.063432769972874], [94.01134640844265, 23.06289085230656], [94.01193205977928, 23.062887103600225], [94.01192800743488, 23.06234518599413], [94.01427060217878, 23.062330169867728], [94.01427872574475, 23.063414004256746], [94.01545003175775, 23.063406482784288], [94.01544596522467, 23.062864565805366], [94.01837421638339, 23.062845724652036], [94.0183701382518, 23.062303808127997], [94.02364096146812, 23.062269758273015], [94.0236532595298, 23.063895505060383], [94.02013933629938, 23.06391822626974], [94.0201434218342, 23.064460142384007], [94.01721513735697, 23.0644790175584], [94.01721921129247, 23.065020934128402], [94.01546223209442, 23.065032233494126], [94.01546629911914, 23.06557415032177], [94.01253798627526, 23.06559293969736]]]}, "properties": {"id": 361, "label": "temporary radar change (return toward T1)", "class_id": 2, "direction": "increase", "area_ha": 30.976478852586798, "pixel_count": 86, "mean_change_db": 3.9572513103485107, "max_change_db": 5.105945587158203, "mean_signed_db": 3.9572513103485107, "first_observed": "2024-11-20T11:46:56.693237Z", "observation_interval": ["2024-04-18T11:46:55.497558Z", "2024-11-20T11:46:56.693237Z"], "persists_into_T3": false, "mean_power_by_date": [0.0857696458697319, 0.21382781863212585, 0.10077374428510666], "interpretation": "Unvalidated radar-change candidate; terrain, registration and moisture may explain the signal.", "mean_slope_deg": 0.31, "max_slope_deg": 0.87, "mean_elevation_m": 120.0, "terrain_risk_pct": 0.0, "terrain_tier": "Low Risk (Flat Lowland)", "priority_score": 22.02, "temporal_class": "seasonal_transient", "t4_status": "pending", "t4_mean_power": null, "t4_mean_signed_db": null, "t4_observation": null}}, {"type": "Feature", "geometry": {"type": "Polygon", "coordinates": [[[94.37052128688393, 22.963726567698334], [94.37051582509149, 22.96318471417165], [94.36993068050377, 22.963189770726743], [94.36991976207527, 22.96210606329334], [94.36816434130051, 22.962121219215856], [94.3681370830698, 22.959411947975106], [94.36872221184427, 22.95940689882117], [94.36871130504875, 22.95832319032225], [94.36929642899892, 22.958318139275875], [94.36928006305642, 22.956692576638392], [94.36986517985322, 22.956687523832393], [94.36985426539275, 22.955603815481464], [94.37160960081582, 22.9555886449163], [94.37164785323733, 22.959381620688728], [94.37106272528953, 22.959386680630242], [94.37107365138333, 22.960470387915247], [94.3716587839905, 22.960465327708192], [94.37166424961539, 22.961007181160568], [94.37224938438679, 22.961002118663068], [94.37226032079306, 22.962085825187458], [94.37284546005861, 22.9620807602665], [94.37286187290043, 22.963706319367652], [94.37052128688393, 22.963726567698334]]]}, "properties": {"id": 10, "label": "persistent radar change", "class_id": 1, "direction": "decrease", "area_ha": 25.928098039921885, "pixel_count": 72, "mean_change_db": 4.658738136291504, "max_change_db": 6.856522560119629, "mean_signed_db": -4.658738136291504, "first_observed": "2024-11-20T11:46:56.693237Z", "observation_interval": ["2024-04-18T11:46:55.497558Z", "2024-11-20T11:46:56.693237Z"], "persists_into_T3": true, "mean_power_by_date": [0.06810958683490753, 0.022967295721173286, 0.02167324908077717], "interpretation": "Unvalidated radar-change candidate; terrain, registration and moisture may explain the signal.", "mean_slope_deg": 0.16, "max_slope_deg": 2.08, "mean_elevation_m": 93.5, "terrain_risk_pct": 0.0, "terrain_tier": "Low Risk (Flat Lowland)", "priority_score": 23.72, "temporal_class": "persistent", "t4_status": "pending", "t4_mean_power": null, "t4_mean_signed_db": null, "t4_observation": null}}, {"type": "Feature", "geometry": {"type": "Polygon", "coordinates": [[[94.32199665158225, 22.908321834614764], [94.32198088921179, 22.90669623007132], [94.31964123379713, 22.906715681804144], [94.31963074492991, 22.905631944228805], [94.31904583532419, 22.905636801526196], [94.31900914555695, 22.90184371791946], [94.3201789320934, 22.901834002960594], [94.32017368668939, 22.901292133977055], [94.32251324856333, 22.901272678750853], [94.32251850325645, 22.901814547222877], [94.32368828788192, 22.901804806444066], [94.32369880703581, 22.902888542761694], [94.32603839295079, 22.902869034358503], [94.32605420074866, 22.904494637010707], [94.32254477911289, 22.904523889011873], [94.32253952362281, 22.903982020730222], [94.32136971978018, 22.9039917539259], [94.3213802216291, 22.905075490962886], [94.32196512827541, 22.905070625185164], [94.32197038176152, 22.90561249351862], [94.32489492421544, 22.90558813170966], [94.32491072047335, 22.907213734560308], [94.32432580533299, 22.907218611610787], [94.32433106874865, 22.907760479279712], [94.3237461511256, 22.90776535430612], [94.32375141237779, 22.908307222065087], [94.32199665158225, 22.908321834614764]]]}, "properties": {"id": 412, "label": "temporary radar change (return toward T1)", "class_id": 2, "direction": "increase", "area_ha": 33.49157543966467, "pixel_count": 93, "mean_change_db": 3.5338072776794434, "max_change_db": 4.159555435180664, "mean_signed_db": 3.5338072776794434, "first_observed": "2024-11-20T11:46:56.693237Z", "observation_interval": ["2024-04-18T11:46:55.497558Z", "2024-11-20T11:46:56.693237Z"], "persists_into_T3": false, "mean_power_by_date": [0.08601821213960648, 0.19467470049858093, 0.10519666224718094], "interpretation": "Unvalidated radar-change candidate; terrain, registration and moisture may explain the signal.", "mean_slope_deg": 1.42, "max_slope_deg": 4.96, "mean_elevation_m": 108.0, "terrain_risk_pct": 0.0, "terrain_tier": "Low Risk (Flat Lowland)", "priority_score": 20.45, "temporal_class": "seasonal_transient", "t4_status": "pending", "t4_mean_power": null, "t4_mean_signed_db": null, "t4_observation": null}}, {"type": "Feature", "geometry": {"type": "Polygon", "coordinates": [[[94.36813052797554, 23.362576925080443], [94.3681249698323, 23.362035098424617], [94.36695120850347, 23.362045356779134], [94.3669456552918, 23.361503529819018], [94.36577189806097, 23.36151377910933], [94.36575525371957, 23.35988829720058], [94.36634212527156, 23.359883174053135], [94.36633657510873, 23.359341346805362], [94.36692344411202, 23.359336221591096], [94.3669123395222, 23.358252567244676], [94.36749920359485, 23.35824744009645], [94.36749364916805, 23.35770561299786], [94.36984109426302, 23.357685082943245], [94.3698466582173, 23.358226909510325], [94.37043352145552, 23.358221771365507], [94.37044465462911, 23.359305424117387], [94.37337899213198, 23.359279699071784], [94.37339572887777, 23.360905175911075], [94.37222198008567, 23.360915473327243], [94.37222755457132, 23.361457299129384], [94.37046692298154, 23.36147272915615], [94.37047805816044, 23.362556381443028], [94.36813052797554, 23.362576925080443]]]}, "properties": {"id": 197, "label": "temporary radar change (return toward T1)", "class_id": 2, "direction": "increase", "area_ha": 27.008535360017863, "pixel_count": 75, "mean_change_db": 4.334856033325195, "max_change_db": 5.798252105712891, "mean_signed_db": 4.334856033325195, "first_observed": "2024-11-20T11:46:56.693237Z", "observation_interval": ["2024-04-18T11:46:55.497558Z", "2024-11-20T11:46:56.693237Z"], "persists_into_T3": false, "mean_power_by_date": [0.06792406737804413, 0.18176718056201935, 0.0802593007683754], "interpretation": "Unvalidated radar-change candidate; terrain, registration and moisture may explain the signal.", "mean_slope_deg": 1.85, "max_slope_deg": 6.58, "mean_elevation_m": 125.7, "terrain_risk_pct": 0.0, "terrain_tier": "Low Risk (Flat Lowland)", "priority_score": 22.53, "temporal_class": "seasonal_transient", "t4_status": "pending", "t4_mean_power": null, "t4_mean_signed_db": null, "t4_observation": null}}, {"type": "Feature", "geometry": {"type": "Polygon", "coordinates": [[[94.37047558823528, 22.78435591504891], [94.37046476016619, 22.783272183518076], [94.36988038578791, 22.78327720250325], [94.36987497430705, 22.782735336548335], [94.36929060207089, 22.78274035326194], [94.3692689670196, 22.78057288853257], [94.3698533300296, 22.7805678723487], [94.36983709854962, 22.778942273800002], [94.37100581023809, 22.778932235810785], [94.3710003954616, 22.77839036981693], [94.37216910187892, 22.778380323538233], [94.37215826359596, 22.777296591967023], [94.3739113081492, 22.777281507305933], [94.37391673412624, 22.777823372712255], [94.37450108428662, 22.777818340082007], [94.3745173701265, 22.77944393567431], [94.3733486558039, 22.77945399959334], [94.37335408013492, 22.779995864980478], [94.37452279907006, 22.779985800795743], [94.37453908689163, 22.781611395932003], [94.37395472058735, 22.78161642949241], [94.37396557534763, 22.782700159658997], [94.37279683301755, 22.782710220894163], [94.3728022560319, 22.783252086186053], [94.37221788231274, 22.783257113727753], [94.37222872422271, 22.78434084446295], [94.37047558823528, 22.78435591504891]]]}, "properties": {"id": 453, "label": "temporary radar change (return toward T1)", "class_id": 2, "direction": "increase", "area_ha": 28.808926788371753, "pixel_count": 80, "mean_change_db": 3.9987220764160156, "max_change_db": 5.6861252784729, "mean_signed_db": 3.9987220764160156, "first_observed": "2024-11-20T11:46:56.693237Z", "observation_interval": ["2024-04-18T11:46:55.497558Z", "2024-11-20T11:46:56.693237Z"], "persists_into_T3": false, "mean_power_by_date": [0.07390102744102478, 0.18573863804340363, 0.0867738351225853], "interpretation": "Unvalidated radar-change candidate; terrain, registration and moisture may explain the signal.", "mean_slope_deg": 2.0, "max_slope_deg": 4.69, "mean_elevation_m": 126.6, "terrain_risk_pct": 0.0, "terrain_tier": "Low Risk (Flat Lowland)", "priority_score": 21.46, "temporal_class": "seasonal_transient", "t4_status": "pending", "t4_mean_power": null, "t4_mean_signed_db": null, "t4_observation": null}}, {"type": "Feature", "geometry": {"type": "Polygon", "coordinates": [[[94.41037844598354, 23.52747009279355], [94.41036689603943, 23.52638648179164], [94.40742891231146, 23.526413077956718], [94.40742314961828, 23.525871271712496], [94.40624795972808, 23.525881894386895], [94.40624220201505, 23.525340087830163], [94.4056546092155, 23.52534539570546], [94.40564885407852, 23.52480358897305], [94.40506126351067, 23.52480889449498], [94.4050555109496, 23.524267087586942], [94.40446792261345, 23.524272390755605], [94.40446217262812, 23.523730583672016], [94.40387458652371, 23.523735884487536], [94.40385734481022, 23.522110462593176], [94.4067952375585, 23.5220839383984], [94.4068067558974, 23.523167551667736], [94.40915708622386, 23.523146291321414], [94.40916285526613, 23.523688097350142], [94.41151319244615, 23.52366680099101], [94.41152475027799, 23.524750411834727], [94.41211233894846, 23.52474508192905], [94.4121412485727, 23.52745410766904], [94.41037844598354, 23.52747009279355]]]}, "properties": {"id": 113, "label": "temporary radar change (return toward T1)", "class_id": 2, "direction": "increase", "area_ha": 27.728023956710846, "pixel_count": 77, "mean_change_db": 4.130297660827637, "max_change_db": 5.232273101806641, "mean_signed_db": 4.130297660827637, "first_observed": "2024-11-20T11:46:56.693237Z", "observation_interval": ["2024-04-18T11:46:55.497558Z", "2024-11-20T11:46:56.693237Z"], "persists_into_T3": false, "mean_power_by_date": [0.05862190201878548, 0.15095853805541992, 0.0720018818974495], "interpretation": "Unvalidated radar-change candidate; terrain, registration and moisture may explain the signal.", "mean_slope_deg": 0.94, "max_slope_deg": 4.71, "mean_elevation_m": 111.8, "terrain_risk_pct": 0.0, "terrain_tier": "Low Risk (Flat Lowland)", "priority_score": 21.75, "temporal_class": "seasonal_transient", "t4_status": "pending", "t4_mean_power": null, "t4_mean_signed_db": null, "t4_observation": null}}, {"type": "Feature", "geometry": {"type": "Polygon", "coordinates": [[[94.09096081734728, 22.692212109118202], [94.090935075425, 22.68896053419051], [94.0897670048647, 22.688968491223466], [94.08975843445204, 22.68788463219318], [94.08917440356679, 22.687888607303858], [94.08916155581346, 22.686262818161772], [94.09208167450355, 22.68624292288926], [94.09206450009316, 22.68407520561716], [94.09381654219659, 22.68406324416297], [94.09382084248755, 22.684605173220262], [94.0944048585548, 22.68460118170389], [94.09441776709954, 22.686226968333912], [94.09383374414716, 22.686230960167514], [94.0938423459092, 22.687314817945154], [94.09267429043022, 22.68732279564547], [94.09270007131748, 22.690574369347694], [94.09328411289555, 22.690570380928712], [94.09329701199515, 22.69219616695741], [94.09096081734728, 22.692212109118202]]]}, "properties": {"id": 72, "label": "persistent radar change", "class_id": 1, "direction": "increase", "area_ha": 24.49197861621005, "pixel_count": 68, "mean_change_db": 4.580311298370361, "max_change_db": 5.4633989334106445, "mean_signed_db": 4.580311298370361, "first_observed": "2024-11-20T11:46:56.693237Z", "observation_interval": ["2024-04-18T11:46:55.497558Z", "2024-11-20T11:46:56.693237Z"], "persists_into_T3": true, "mean_power_by_date": [0.06543520092964172, 0.18826305866241455, 0.1545575112104416], "interpretation": "Unvalidated radar-change candidate; terrain, registration and moisture may explain the signal.", "mean_slope_deg": 0.29, "max_slope_deg": 0.59, "mean_elevation_m": 147.5, "terrain_risk_pct": 0.0, "terrain_tier": "Low Risk (Flat Lowland)", "priority_score": 22.67, "temporal_class": "persistent", "t4_status": "pending", "t4_mean_power": null, "t4_mean_signed_db": null, "t4_observation": null}}, {"type": "Feature", "geometry": {"type": "Polygon", "coordinates": [[[94.05892562461611, 22.779682747132888], [94.05892144208585, 22.779140818286105], [94.0583370176169, 22.779144695561175], [94.05832865755252, 22.77806083755031], [94.05774423757082, 22.778064712481118], [94.05770664433689, 22.773187348654663], [94.06004424045497, 22.77317183978091], [94.06005261206995, 22.774255697852354], [94.06063701539439, 22.774251815081353], [94.06064120369959, 22.774793743958266], [94.06181001457944, 22.774785971793712], [94.06180162886993, 22.773702114412874], [94.06355483039296, 22.77369044073899], [94.06356742990856, 22.775316225829055], [94.06181420762556, 22.775327900427857], [94.06182678752936, 22.776953686105244], [94.06241120200532, 22.776949796403372], [94.06242378997862, 22.77857558143497], [94.06183936858139, 22.778579471444992], [94.06184775658735, 22.77966332815058], [94.05892562461611, 22.779682747132888]]]}, "properties": {"id": 459, "label": "temporary radar change (return toward T1)", "class_id": 2, "direction": "increase", "area_ha": 30.2553457304911, "pixel_count": 84, "mean_change_db": 3.6834280490875244, "max_change_db": 4.441269397735596, "mean_signed_db": 3.6834280490875244, "first_observed": "2024-11-20T11:46:56.693237Z", "observation_interval": ["2024-04-18T11:46:55.497558Z", "2024-11-20T11:46:56.693237Z"], "persists_into_T3": false, "mean_power_by_date": [0.06137637794017792, 0.14302118122577667, 0.06777844578027725], "interpretation": "Unvalidated radar-change candidate; terrain, registration and moisture may explain the signal.", "mean_slope_deg": 0.32, "max_slope_deg": 0.77, "mean_elevation_m": 153.7, "terrain_risk_pct": 0.0, "terrain_tier": "Low Risk (Flat Lowland)", "priority_score": 20.26, "temporal_class": "seasonal_transient", "t4_status": "pending", "t4_mean_power": null, "t4_mean_signed_db": null, "t4_observation": null}}, {"type": "Feature", "geometry": {"type": "Polygon", "coordinates": [[[94.452621608001, 23.57476428647317], [94.45261564659886, 23.574222494313688], [94.45202784841962, 23.574227987934535], [94.4520218896057, 23.573686195594682], [94.45143409365856, 23.57369168685261], [94.45142813743273, 23.573149894332428], [94.4496647557541, 23.57316635435287], [94.44964690983365, 23.57154097528797], [94.45023469667458, 23.571535491259073], [94.45021684512456, 23.56991011226457], [94.44904128572325, 23.56992107725522], [94.44902345023031, 23.568295697062563], [94.45019899517462, 23.568284732917554], [94.45018114682472, 23.56665935321804], [94.45194444122417, 23.56664289161168], [94.45195635440177, 23.56772647727071], [94.45313189274853, 23.567715491196765], [94.45315574051521, 23.569882660915006], [94.4525679617931, 23.56988815562753], [94.45257392177051, 23.57042994810041], [94.45198614046068, 23.570435440732826], [94.4520040142321, 23.572060818340038], [94.45259180277124, 23.572055325284012], [94.4525858422596, 23.571513532928652], [94.45434919957867, 23.57149704085536], [94.45438500870041, 23.574747791856126], [94.452621608001, 23.57476428647317]]]}, "properties": {"id": 104, "label": "temporary radar change (return toward T1)", "class_id": 2, "direction": "increase", "area_ha": 27.72714688913729, "pixel_count": 77, "mean_change_db": 3.9123752117156982, "max_change_db": 5.022073268890381, "mean_signed_db": 3.9123752117156982, "first_observed": "2024-11-20T11:46:56.693237Z", "observation_interval": ["2024-04-18T11:46:55.497558Z", "2024-11-20T11:46:56.693237Z"], "persists_into_T3": false, "mean_power_by_date": [0.07351914048194885, 0.18165600299835205, 0.09061030298471451], "interpretation": "Unvalidated radar-change candidate; terrain, registration and moisture may explain the signal.", "mean_slope_deg": 0.34, "max_slope_deg": 1.33, "mean_elevation_m": 109.3, "terrain_risk_pct": 0.0, "terrain_tier": "Low Risk (Flat Lowland)", "priority_score": 20.6, "temporal_class": "seasonal_transient", "t4_status": "pending", "t4_mean_power": null, "t4_mean_signed_db": null, "t4_observation": null}}, {"type": "Feature", "geometry": {"type": "Polygon", "coordinates": [[[94.40474453127513, 23.328114653830497], [94.40472174252898, 23.325947371123206], [94.40413502966896, 23.325952630978524], [94.4041464189446, 23.327036272682335], [94.40238626507299, 23.327052039890656], [94.40236920281404, 23.325426576050965], [94.40295591380955, 23.32542132291922], [94.40294453506974, 23.324337680437882], [94.40235782882898, 23.324342933297352], [94.40234076913265, 23.32271746887622], [94.40175406985264, 23.3227227191318], [94.40173701882472, 23.32109725395358], [94.40525716915533, 23.3210657219401], [94.40525147155985, 23.320523900953837], [94.4070115372848, 23.3205081057201], [94.40703435721686, 23.322675387794877], [94.40468756454366, 23.322696445899233], [94.40469326044675, 23.32323826686681], [94.40527996124901, 23.32323300549754], [94.40528565970038, 23.323774826289984], [94.40587236270864, 23.32376956258878], [94.40587806370846, 23.32431138320603], [94.40646476892269, 23.324306117172778], [94.4065046973598, 23.328098859452588], [94.40474453127513, 23.328114653830497]]]}, "properties": {"id": 232, "label": "temporary radar change (return toward T1)", "class_id": 2, "direction": "increase", "area_ha": 29.528580100675764, "pixel_count": 82, "mean_change_db": 3.6622891426086426, "max_change_db": 4.573598384857178, "mean_signed_db": 3.6622891426086426, "first_observed": "2024-11-20T11:46:56.693237Z", "observation_interval": ["2024-04-18T11:46:55.497558Z", "2024-11-20T11:46:56.693237Z"], "persists_into_T3": false, "mean_power_by_date": [0.07434742897748947, 0.17307603359222412, 0.08821109682321548], "interpretation": "Unvalidated radar-change candidate; terrain, registration and moisture may explain the signal.", "mean_slope_deg": 2.01, "max_slope_deg": 4.16, "mean_elevation_m": 122.6, "terrain_risk_pct": 0.0, "terrain_tier": "Low Risk (Flat Lowland)", "priority_score": 19.9, "temporal_class": "seasonal_transient", "t4_status": "pending", "t4_mean_power": null, "t4_mean_signed_db": null, "t4_observation": null}}, {"type": "Feature", "geometry": {"type": "Polygon", "coordinates": [[[94.0183816722322, 22.9858894392009], [94.0183776092462, 22.98534751741175], [94.01720697842444, 22.985355036512686], [94.01720292022979, 22.98481311448867], [94.01661760696872, 22.98481687069878], [94.01660949561615, 22.983733026340612], [94.01602418690041, 22.983736780192668], [94.01600797500411, 22.981569090630003], [94.01659327438448, 22.981565337171663], [94.01658110974996, 22.979939569898924], [94.01950756980462, 22.97992077167329], [94.01951163622763, 22.980462693642284], [94.02068222405511, 22.98045515902968], [94.02068629526842, 22.98099708076337], [94.02185688726995, 22.980989537310027], [94.0218691156519, 22.98261530169134], [94.019527903151, 22.98263038114107], [94.01953603735153, 22.98371422466414], [94.02012134532944, 22.983710457845607], [94.02012541494845, 22.984252379451792], [94.02071072513715, 22.984248610373363], [94.02072294173591, 22.985874374669077], [94.0183816722322, 22.9858894392009]]]}, "properties": {"id": 388, "label": "temporary radar change (return toward T1)", "class_id": 2, "direction": "increase", "area_ha": 27.374524077452463, "pixel_count": 76, "mean_change_db": 3.8912272453308105, "max_change_db": 5.121637344360352, "mean_signed_db": 3.8912272453308105, "first_observed": "2024-11-20T11:46:56.693237Z", "observation_interval": ["2024-04-18T11:46:55.497558Z", "2024-11-20T11:46:56.693237Z"], "persists_into_T3": false, "mean_power_by_date": [0.08177883923053741, 0.20018818974494934, 0.09719079732894897], "interpretation": "Unvalidated radar-change candidate; terrain, registration and moisture may explain the signal.", "mean_slope_deg": 1.56, "max_slope_deg": 2.96, "mean_elevation_m": 162.2, "terrain_risk_pct": 0.0, "terrain_tier": "Low Risk (Flat Lowland)", "priority_score": 20.36, "temporal_class": "seasonal_transient", "t4_status": "pending", "t4_mean_power": null, "t4_mean_signed_db": null, "t4_observation": null}}, {"type": "Feature", "geometry": {"type": "Polygon", "coordinates": [[[94.42429119372979, 23.345277922983882], [94.42428541226876, 23.34473610813783], [94.42369862184096, 23.344741445290623], [94.42369284293338, 23.344199630267514], [94.42310605471191, 23.34420496508443], [94.4230887261695, 23.342579519367614], [94.42250194491379, 23.342584851572532], [94.42248462507091, 23.34095940509197], [94.42307139918809, 23.34095407330139], [94.42306562387448, 23.340412257868337], [94.42365239543884, 23.340406924018602], [94.42364661791936, 23.33986510868489], [94.42482015576894, 23.339854434670162], [94.42481437366452, 23.339312619574134], [94.42657467199875, 23.339296592488278], [94.42656888293052, 23.338754777768592], [94.42832917256267, 23.33873873132427], [94.42835815533145, 23.34144780245601], [94.42777138039834, 23.341453154160945], [94.42777717509483, 23.34199496840942], [94.42719039760821, 23.342000318055568], [94.42719619009915, 23.342542132403782], [94.42543584945724, 23.342558168573138], [94.4254416349832, 23.34309998329788], [94.42602841775066, 23.343094639967166], [94.42603420583005, 23.34363645451468], [94.4266209908034, 23.343631108847987], [94.42663836322404, 23.345256551842162], [94.42429119372979, 23.345277922983882]]]}, "properties": {"id": 213, "label": "temporary radar change (return toward T1)", "class_id": 2, "direction": "increase", "area_ha": 27.727635876748618, "pixel_count": 77, "mean_change_db": 3.8337109088897705, "max_change_db": 4.901565074920654, "mean_signed_db": 3.8337109088897705, "first_observed": "2024-11-20T11:46:56.693237Z", "observation_interval": ["2024-04-18T11:46:55.497558Z", "2024-11-20T11:46:56.693237Z"], "persists_into_T3": false, "mean_power_by_date": [0.06830485165119171, 0.16514459252357483, 0.08253216743469238], "interpretation": "Unvalidated radar-change candidate; terrain, registration and moisture may explain the signal.", "mean_slope_deg": 2.57, "max_slope_deg": 8.65, "mean_elevation_m": 145.1, "terrain_risk_pct": 0.0, "terrain_tier": "Low Risk (Flat Lowland)", "priority_score": 20.19, "temporal_class": "seasonal_transient", "t4_status": "pending", "t4_mean_power": null, "t4_mean_signed_db": null, "t4_observation": null}}, {"type": "Feature", "geometry": {"type": "Polygon", "coordinates": [[[94.1845901969619, 23.775367194321227], [94.18457056557406, 23.77319984705953], [94.1851593178927, 23.773195329447667], [94.18515440797306, 23.772653492650228], [94.18574315770789, 23.772648972910147], [94.18572842151282, 23.771023462630378], [94.1851396790907, 23.77102798202414], [94.18512986056618, 23.769944308078625], [94.18454112287274, 23.769948824998202], [94.18452149732522, 23.76778147617818], [94.18628768072122, 23.76776792007472], [94.18629750782556, 23.76885159387005], [94.18688624020608, 23.768847070451645], [94.186900989271, 23.7704725805058], [94.18748972881704, 23.770468054497393], [94.18750448651105, 23.772093563854078], [94.18927072620802, 23.77207997132721], [94.18928550715866, 23.773705479291667], [94.18869675342641, 23.773710012724838], [94.1887016782653, 23.774251848750843], [94.18811292194869, 23.774256380056045], [94.1881178444962, 23.77479821615881], [94.18752908559522, 23.774802745335926], [94.1875340058512, 23.7753445815154], [94.1845901969619, 23.775367194321227]]]}, "properties": {"id": 13, "label": "persistent radar change", "class_id": 1, "direction": "increase", "area_ha": 23.770432158861052, "pixel_count": 66, "mean_change_db": 4.392405986785889, "max_change_db": 5.98925256729126, "mean_signed_db": 4.392405986785889, "first_observed": "2024-11-20T11:46:56.693237Z", "observation_interval": ["2024-04-18T11:46:55.497558Z", "2024-11-20T11:46:56.693237Z"], "persists_into_T3": true, "mean_power_by_date": [0.07356543838977814, 0.2023654729127884, 0.184853196144104], "interpretation": "Unvalidated radar-change candidate; terrain, registration and moisture may explain the signal.", "mean_slope_deg": 0.34, "max_slope_deg": 2.24, "mean_elevation_m": 171.5, "terrain_risk_pct": 0.0, "terrain_tier": "Low Risk (Flat Lowland)", "priority_score": 21.42, "temporal_class": "persistent", "t4_status": "pending", "t4_mean_power": null, "t4_mean_signed_db": null, "t4_observation": null}}, {"type": "Feature", "geometry": {"type": "Polygon", "coordinates": [[[94.3481965587858, 22.836569507433786], [94.34819121907925, 22.836027640209668], [94.34760661423819, 22.836032588409562], [94.3476012770075, 22.835490721017035], [94.34701667431794, 22.83549566694189], [94.34697400081552, 22.831160725390024], [94.34755858499852, 22.83115578050778], [94.34755324922695, 22.83061391277301], [94.35047615614387, 22.830589156851246], [94.35048150348044, 22.831131023933555], [94.35106608668971, 22.831126066186137], [94.35108213661357, 22.83275166681292], [94.35049754646491, 22.832756624952335], [94.35050289445135, 22.83329849188253], [94.35108748691326, 22.83329353361245], [94.3510928373755, 22.833835400373957], [94.35167743198822, 22.83383043982874], [94.35169349129069, 22.83545603949286], [94.35110888973755, 22.83546100043025], [94.35111959212503, 22.836544733610936], [94.3481965587858, 22.836569507433786]]]}, "properties": {"id": 432, "label": "temporary radar change (return toward T1)", "class_id": 2, "direction": "increase", "area_ha": 26.648695245592926, "pixel_count": 74, "mean_change_db": 3.9150209426879883, "max_change_db": 5.094745635986328, "mean_signed_db": 3.9150209426879883, "first_observed": "2024-11-20T11:46:56.693237Z", "observation_interval": ["2024-04-18T11:46:55.497558Z", "2024-11-20T11:46:56.693237Z"], "persists_into_T3": false, "mean_power_by_date": [0.07213209569454193, 0.17942099273204803, 0.08400407433509827], "interpretation": "Unvalidated radar-change candidate; terrain, registration and moisture may explain the signal.", "mean_slope_deg": 0.28, "max_slope_deg": 1.88, "mean_elevation_m": 115.3, "terrain_risk_pct": 0.0, "terrain_tier": "Low Risk (Flat Lowland)", "priority_score": 20.21, "temporal_class": "seasonal_transient", "t4_status": "pending", "t4_mean_power": null, "t4_mean_signed_db": null, "t4_observation": null}}, {"type": "Feature", "geometry": {"type": "Polygon", "coordinates": [[[93.99742229444254, 22.761110291436847], [93.99740261535838, 22.758400588072785], [93.9979869627379, 22.758396937091028], [93.99798302497571, 22.757854996402475], [93.99973605948061, 22.75784403092134], [93.99973211492431, 22.757302090485137], [93.99914777251398, 22.75730574768642], [93.99913594647899, 22.755679925863454], [93.9997202819758, 22.755676268952108], [93.99971633789974, 22.75513432836628], [94.00030067097211, 22.75513066941431], [94.0002967247118, 22.75458872888778], [94.00263404658214, 22.75457407209469], [94.00263800205963, 22.755116012233866], [94.00439099911125, 22.75510499690739], [94.00439496162222, 22.75564693671806], [94.00556363032904, 22.755639582286488], [94.00557553241262, 22.757265400910928], [94.00206948336435, 22.757287440305188], [94.00207343713923, 22.75782938035425], [94.00032040407555, 22.75784037148588], [94.00032435105663, 22.758382311787965], [94.00149304449546, 22.758374986310844], [94.00150489998873, 22.76000080641193], [93.99975183890652, 22.76001179229205], [93.99975972933991, 22.761095672752948], [93.99742229444254, 22.761110291436847]]]}, "properties": {"id": 466, "label": "temporary radar change (return toward T1)", "class_id": 2, "direction": "increase", "area_ha": 29.53591928128649, "pixel_count": 82, "mean_change_db": 3.4755048751831055, "max_change_db": 4.310403823852539, "mean_signed_db": 3.4755048751831055, "first_observed": "2024-11-20T11:46:56.693237Z", "observation_interval": ["2024-04-18T11:46:55.497558Z", "2024-11-20T11:46:56.693237Z"], "persists_into_T3": false, "mean_power_by_date": [0.07643309235572815, 0.17040438950061798, 0.10194136202335358], "interpretation": "Unvalidated radar-change candidate; terrain, registration and moisture may explain the signal.", "mean_slope_deg": 7.13, "max_slope_deg": 19.7, "mean_elevation_m": 213.4, "terrain_risk_pct": 0.0, "terrain_tier": "Low Risk (Flat Lowland)", "priority_score": 18.89, "temporal_class": "seasonal_transient", "t4_status": "pending", "t4_mean_power": null, "t4_mean_signed_db": null, "t4_observation": null}}, {"type": "Feature", "geometry": {"type": "Polygon", "coordinates": [[[94.05227264777731, 22.67404439179982], [94.0522643782551, 22.672960517426], [94.05168040340149, 22.67296435336402], [94.05167627112307, 22.672422416019398], [94.05109229843697, 22.672426249727238], [94.051075779757, 22.67025849956868], [94.05165974326967, 22.670254666267248], [94.0516514800991, 22.669170791167], [94.05223543889944, 22.669166955940604], [94.05223130521016, 22.668625018436085], [94.05281526159138, 22.668621181183223], [94.0528111257352, 22.668079243743062], [94.05573089428277, 22.668060026066428], [94.05573504160377, 22.668601962997176], [94.05631899722701, 22.668598112975637], [94.05633144682832, 22.670223923237533], [94.05516352169676, 22.670231621764657], [94.05518425063015, 22.672941305807367], [94.05460027640777, 22.672945152388227], [94.0546044202802, 22.673487089186608], [94.05402044363784, 22.673490933740784], [94.05402458534302, 22.674032870603686], [94.05227264777731, 22.67404439179982]]]}, "properties": {"id": 75, "label": "persistent radar change", "class_id": 1, "direction": "increase", "area_ha": 24.852686927790568, "pixel_count": 69, "mean_change_db": 4.110749244689941, "max_change_db": 5.04931640625, "mean_signed_db": 4.110749244689941, "first_observed": "2024-11-20T11:46:56.693237Z", "observation_interval": ["2024-04-18T11:46:55.497558Z", "2024-11-20T11:46:56.693237Z"], "persists_into_T3": true, "mean_power_by_date": [0.0587710365653038, 0.15163609385490417, 0.1342708021402359], "interpretation": "Unvalidated radar-change candidate; terrain, registration and moisture may explain the signal.", "mean_slope_deg": 0.29, "max_slope_deg": 0.61, "mean_elevation_m": 163.3, "terrain_risk_pct": 0.0, "terrain_tier": "Low Risk (Flat Lowland)", "priority_score": 20.49, "temporal_class": "persistent", "t4_status": "pending", "t4_mean_power": null, "t4_mean_signed_db": null, "t4_observation": null}}, {"type": "Feature", "geometry": {"type": "Polygon", "coordinates": [[[94.08238367006871, 23.15725840305867], [94.08237931582435, 23.15671650416742], [94.08179327061825, 23.156720529260408], [94.08178891886159, 23.156178630226208], [94.08120287588063, 23.1561826530353], [94.08118982846678, 23.154556955389964], [94.07708757341251, 23.154585051844883], [94.07707457665582, 23.152959351660055], [94.08117678223338, 23.152931257402415], [94.08118982846678, 23.154556955389964], [94.08294793580977, 23.154544881370043], [94.08294357986587, 23.154002982393635], [94.08352961302812, 23.153998953467756], [94.08352089682246, 23.152915155610916], [94.08293486837218, 23.152919184326734], [94.08292180211689, 23.151293486941196], [94.08467986587115, 23.15128139520362], [94.08468422822541, 23.151823294054907], [94.0864422978627, 23.151811182395505], [94.08645977686633, 23.15397877615731], [94.08528771172595, 23.153986853617692], [94.08530953988377, 23.156696346017114], [94.08413745065451, 23.156704415814303], [94.08414181196818, 23.15724631439045], [94.08238367006871, 23.15725840305867]]]}, "properties": {"id": 311, "label": "temporary radar change (return toward T1)", "class_id": 2, "direction": "increase", "area_ha": 28.814305106556695, "pixel_count": 80, "mean_change_db": 3.462210178375244, "max_change_db": 4.062928199768066, "mean_signed_db": 3.462210178375244, "first_observed": "2024-11-20T11:46:56.693237Z", "observation_interval": ["2024-04-18T11:46:55.497558Z", "2024-11-20T11:46:56.693237Z"], "persists_into_T3": false, "mean_power_by_date": [0.10618579387664795, 0.2357933521270752, 0.11941070854663849], "interpretation": "Unvalidated radar-change candidate; terrain, registration and moisture may explain the signal.", "mean_slope_deg": 0.21, "max_slope_deg": 1.44, "mean_elevation_m": 113.0, "terrain_risk_pct": 0.0, "terrain_tier": "Low Risk (Flat Lowland)", "priority_score": 18.58, "temporal_class": "seasonal_transient", "t4_status": "pending", "t4_mean_power": null, "t4_mean_signed_db": null, "t4_observation": null}}, {"type": "Feature", "geometry": {"type": "Polygon", "coordinates": [[[94.05336645550027, 22.74069852751384], [94.05334984564186, 22.738530797429902], [94.05276559288079, 22.738534647810184], [94.05274899425304, 22.736366916719753], [94.05333323780653, 22.736363066746712], [94.05332908616379, 22.73582113398229], [94.05625029052479, 22.735801852599486], [94.05624612750024, 22.73525992030751], [94.05799884169114, 22.735248326163155], [94.05801969260827, 22.737957985715447], [94.05743544316267, 22.737961853076587], [94.0574396114251, 22.73850378497694], [94.05919236628678, 22.738492176180582], [94.05920906823171, 22.740659902179516], [94.05687202466102, 22.740675377940605], [94.05686785819312, 22.740133446087874], [94.05511508108951, 22.740145030178486], [94.05511924065061, 22.7406869623375], [94.05336645550027, 22.74069852751384]], [[94.05510260316616, 22.73851923347669], [94.05568685542104, 22.738515374554833], [94.05567853283482, 22.73743151010377], [94.05509428518386, 22.737435368821554], [94.05510260316616, 22.73851923347669]]]}, "properties": {"id": 484, "label": "temporary radar change (return toward T1)", "class_id": 2, "direction": "increase", "area_ha": 29.17486476079596, "pixel_count": 81, "mean_change_db": 3.384720802307129, "max_change_db": 4.164459228515625, "mean_signed_db": 3.384720802307129, "first_observed": "2024-11-20T11:46:56.693237Z", "observation_interval": ["2024-04-18T11:46:55.497558Z", "2024-11-20T11:46:56.693237Z"], "persists_into_T3": false, "mean_power_by_date": [0.06213928014039993, 0.13562901318073273, 0.07982224225997925], "interpretation": "Unvalidated radar-change candidate; terrain, registration and moisture may explain the signal.", "mean_slope_deg": 0.53, "max_slope_deg": 0.96, "mean_elevation_m": 162.0, "terrain_risk_pct": 0.0, "terrain_tier": "Low Risk (Flat Lowland)", "priority_score": 18.28, "temporal_class": "seasonal_transient", "t4_status": "pending", "t4_mean_power": null, "t4_mean_signed_db": null, "t4_observation": null}}, {"type": "Feature", "geometry": {"type": "Polygon", "coordinates": [[[94.05622522037017, 23.33356193752967], [94.0562166500955, 23.332478154736773], [94.05562983154812, 23.332482110584706], [94.05561270206124, 23.33031454413029], [94.0550258929031, 23.330318497370868], [94.0550087749912, 23.328150929895266], [94.05676917352945, 23.32813906481164], [94.05678631999155, 23.33030663105717], [94.05737312876356, 23.33030267122464], [94.05737741808038, 23.330844562587874], [94.06031147190295, 23.330824729951583], [94.06031577324573, 23.331366620762623], [94.06207621112753, 23.33135469450345], [94.06208051973798, 23.331896584967208], [94.06325414910444, 23.33188862293437], [94.06326708999008, 23.333514293477304], [94.05915933497155, 23.333542124300017], [94.0591550378713, 23.333000233436092], [94.0585682175886, 23.333004200374525], [94.05857251230914, 23.33354609134125], [94.05622522037017, 23.33356193752967]]]}, "properties": {"id": 227, "label": "temporary radar change (return toward T1)", "class_id": 2, "direction": "increase", "area_ha": 25.212873199764896, "pixel_count": 70, "mean_change_db": 3.900317907333374, "max_change_db": 4.8727922439575195, "mean_signed_db": 3.900317907333374, "first_observed": "2024-11-20T11:46:56.693237Z", "observation_interval": ["2024-04-18T11:46:55.497558Z", "2024-11-20T11:46:56.693237Z"], "persists_into_T3": false, "mean_power_by_date": [0.09479182958602905, 0.23169751465320587, 0.11197655647993088], "interpretation": "Unvalidated radar-change candidate; terrain, registration and moisture may explain the signal.", "mean_slope_deg": 0.31, "max_slope_deg": 0.57, "mean_elevation_m": 120.8, "terrain_risk_pct": 0.0, "terrain_tier": "Low Risk (Flat Lowland)", "priority_score": 19.58, "temporal_class": "seasonal_transient", "t4_status": "pending", "t4_mean_power": null, "t4_mean_signed_db": null, "t4_observation": null}}, {"type": "Feature", "geometry": {"type": "Polygon", "coordinates": [[[93.98478927191586, 23.115627216756987], [93.98477741109328, 23.114001461190345], [93.98126214308463, 23.114023362833613], [93.9812503256542, 23.11239760521117], [93.98300793903556, 23.112386665032993], [93.98300004723819, 23.111302827000053], [93.9835859134255, 23.11129917611536], [93.98357406957093, 23.109673419068116], [93.98533164626164, 23.10966245422578], [93.985327691497, 23.10912053542064], [93.98708526006163, 23.109109551296022], [93.98708129836511, 23.10856763273982], [93.98883885880201, 23.108556629333982], [93.98885076540479, 23.110182384027148], [93.98767904446365, 23.11018972238003], [93.98768697339531, 23.111273559036103], [93.98592937698211, 23.111284550831417], [93.98593333457517, 23.11182646938966], [93.98534746651426, 23.11183012906796], [93.98535142187593, 23.1123720476839], [93.98476555134478, 23.112375705283117], [93.98477741109328, 23.114001461190345], [93.98653504348738, 23.11399048100892], [93.98654692547083, 23.11561623571564], [93.98478927191586, 23.115627216756987]]]}, "properties": {"id": 330, "label": "temporary radar change (return toward T1)", "class_id": 2, "direction": "increase", "area_ha": 24.493435272286018, "pixel_count": 68, "mean_change_db": 3.9889047145843506, "max_change_db": 5.292104721069336, "mean_signed_db": 3.9889047145843506, "first_observed": "2024-11-20T11:46:56.693237Z", "observation_interval": ["2024-04-18T11:46:55.497558Z", "2024-11-20T11:46:56.693237Z"], "persists_into_T3": false, "mean_power_by_date": [0.07407941669225693, 0.1860920488834381, 0.09440766274929047], "interpretation": "Unvalidated radar-change candidate; terrain, registration and moisture may explain the signal.", "mean_slope_deg": 0.76, "max_slope_deg": 2.79, "mean_elevation_m": 139.1, "terrain_risk_pct": 0.0, "terrain_tier": "Low Risk (Flat Lowland)", "priority_score": 19.74, "temporal_class": "seasonal_transient", "t4_status": "pending", "t4_mean_power": null, "t4_mean_signed_db": null, "t4_observation": null}}, {"type": "Feature", "geometry": {"type": "Polygon", "coordinates": [[[94.44652204910764, 23.715158854962368], [94.44651607304309, 23.71461707113882], [94.44475079105783, 23.714633567896524], [94.44472691772472, 23.712466430520532], [94.4459037531294, 23.712455436044003], [94.44589778038343, 23.71191365188298], [94.44707461021929, 23.71190264874253], [94.44706863279423, 23.711360864823728], [94.44471498212484, 23.71138286159649], [94.44469111305828, 23.70921572327634], [94.44527951627916, 23.70921022800007], [94.44527354702878, 23.708668443462322], [94.44703874833974, 23.708651944639566], [94.44706863279423, 23.711360864823728], [94.4488338689269, 23.711344343763507], [94.44883985363742, 23.711886127259547], [94.44942826775367, 23.711880615625947], [94.44943425507104, 23.7124223989416], [94.45002267143748, 23.71241688493061], [94.45005262284356, 23.715125800213148], [94.44652204910764, 23.715158854962368]]]}, "properties": {"id": 94, "label": "temporary radar change (return toward T1)", "class_id": 2, "direction": "increase", "area_ha": 25.20661317193615, "pixel_count": 70, "mean_change_db": 3.845257520675659, "max_change_db": 4.6758317947387695, "mean_signed_db": 3.845257520675659, "first_observed": "2024-11-20T11:46:56.693237Z", "observation_interval": ["2024-04-18T11:46:55.497558Z", "2024-11-20T11:46:56.693237Z"], "persists_into_T3": false, "mean_power_by_date": [0.06430700421333313, 0.1557377427816391, 0.07696550339460373], "interpretation": "Unvalidated radar-change candidate; terrain, registration and moisture may explain the signal.", "mean_slope_deg": 0.62, "max_slope_deg": 1.18, "mean_elevation_m": 110.4, "terrain_risk_pct": 0.0, "terrain_tier": "Low Risk (Flat Lowland)", "priority_score": 19.31, "temporal_class": "seasonal_transient", "t4_status": "pending", "t4_mean_power": null, "t4_mean_signed_db": null, "t4_observation": null}}, {"type": "Feature", "geometry": {"type": "Polygon", "coordinates": [[[94.0179395303478, 22.9268197422895], [94.01792333272218, 22.924652038475994], [94.01850838696194, 22.924648286728452], [94.0185043355362, 22.924106360779525], [94.0190893873269, 22.92410260697571], [94.0190691204105, 22.921392977159563], [94.02491951524466, 22.921355325551986], [94.02493174480442, 22.922981100586522], [94.02083642086914, 22.923007481414093], [94.02084860269196, 22.924633258189242], [94.02143365631683, 22.924629495667197], [94.02143771949699, 22.92517142108476], [94.02202277532498, 22.92516765630891], [94.02203497258395, 22.926793432038956], [94.0179395303478, 22.9268197422895]]]}, "properties": {"id": 404, "label": "temporary radar change (return toward T1)", "class_id": 2, "direction": "increase", "area_ha": 24.132770276422658, "pixel_count": 67, "mean_change_db": 3.9626364707946777, "max_change_db": 5.560076713562012, "mean_signed_db": 3.9626364707946777, "first_observed": "2024-11-20T11:46:56.693237Z", "observation_interval": ["2024-04-18T11:46:55.497558Z", "2024-11-20T11:46:56.693237Z"], "persists_into_T3": false, "mean_power_by_date": [0.058766622096300125, 0.14608213305473328, 0.07557512819766998], "interpretation": "Unvalidated radar-change candidate; terrain, registration and moisture may explain the signal.", "mean_slope_deg": 0.82, "max_slope_deg": 1.91, "mean_elevation_m": 146.9, "terrain_risk_pct": 0.0, "terrain_tier": "Low Risk (Flat Lowland)", "priority_score": 19.47, "temporal_class": "seasonal_transient", "t4_status": "pending", "t4_mean_power": null, "t4_mean_signed_db": null, "t4_observation": null}}, {"type": "Feature", "geometry": {"type": "Polygon", "coordinates": [[[94.04377379133794, 22.862159850782415], [94.043765512843, 22.861075998976276], [94.04318073575661, 22.861079833718865], [94.04317659901557, 22.860537907658426], [94.04259182412149, 22.860541740151895], [94.04257115388887, 22.857832108781206], [94.04198639045778, 22.857835938622255], [94.04197399677682, 22.856210159046174], [94.04255875325565, 22.85620632950769], [94.04255048679444, 22.855122476470715], [94.04430474157407, 22.855110975574867], [94.04430888169354, 22.85565290180926], [94.04489363535261, 22.855649063781073], [94.04489777791508, 22.85619098987679], [94.04548253376561, 22.85618714959984], [94.04549496916009, 22.85781292735803], [94.04491020635733, 22.85781676793839], [94.04491434942302, 22.858358693883734], [94.04549911454335, 22.858354853202236], [94.04550326005247, 22.858896779008848], [94.04608802736455, 22.85889293607824], [94.0460963233959, 22.85997678737628], [94.04668109521745, 22.8599729420952], [94.04668524573991, 22.86051486758656], [94.04727001975327, 22.860511020056098], [94.0472824790307, 22.862136796000648], [94.04377379133794, 22.862159850782415]]]}, "properties": {"id": 40, "label": "persistent radar change", "class_id": 1, "direction": "increase", "area_ha": 25.933388655236154, "pixel_count": 72, "mean_change_db": 3.670403003692627, "max_change_db": 4.843705177307129, "mean_signed_db": 3.670403003692627, "first_observed": "2024-11-20T11:46:56.693237Z", "observation_interval": ["2024-04-18T11:46:55.497558Z", "2024-11-20T11:46:56.693237Z"], "persists_into_T3": true, "mean_power_by_date": [0.07601509988307953, 0.17713850736618042, 0.18118147552013397], "interpretation": "Unvalidated radar-change candidate; terrain, registration and moisture may explain the signal.", "mean_slope_deg": 0.2, "max_slope_deg": 0.34, "mean_elevation_m": 141.2, "terrain_risk_pct": 0.0, "terrain_tier": "Low Risk (Flat Lowland)", "priority_score": 18.69, "temporal_class": "persistent", "t4_status": "pending", "t4_mean_power": null, "t4_mean_signed_db": null, "t4_observation": null}}, {"type": "Feature", "geometry": {"type": "Polygon", "coordinates": [[[94.03717479578579, 22.763024857119767], [94.03716251627343, 22.76139905573063], [94.03657816325052, 22.761402850529453], [94.03655771141233, 22.758693180297037], [94.03831073553427, 22.758681790991897], [94.03831892972462, 22.75976565859533], [94.04299369210047, 22.75973519145349], [94.04301427195844, 22.76244485578126], [94.04184555906481, 22.762452486400566], [94.04184967080182, 22.762994419355316], [94.03717479578579, 22.763024857119767]]]}, "properties": {"id": 462, "label": "temporary radar change (return toward T1)", "class_id": 2, "direction": "increase", "area_ha": 24.13251147191797, "pixel_count": 67, "mean_change_db": 3.8698854446411133, "max_change_db": 4.333016395568848, "mean_signed_db": 3.8698854446411133, "first_observed": "2024-11-20T11:46:56.693237Z", "observation_interval": ["2024-04-18T11:46:55.497558Z", "2024-11-20T11:46:56.693237Z"], "persists_into_T3": false, "mean_power_by_date": [0.058754708617925644, 0.14302770793437958, 0.07088930159807205], "interpretation": "Unvalidated radar-change candidate; terrain, registration and moisture may explain the signal.", "mean_slope_deg": 0.88, "max_slope_deg": 1.84, "mean_elevation_m": 167.6, "terrain_risk_pct": 0.0, "terrain_tier": "Low Risk (Flat Lowland)", "priority_score": 19.01, "temporal_class": "seasonal_transient", "t4_status": "pending", "t4_mean_power": null, "t4_mean_signed_db": null, "t4_observation": null}}, {"type": "Feature", "geometry": {"type": "Polygon", "coordinates": [[[94.00162713029937, 23.094927423821453], [94.00161507875993, 23.093301672316347], [94.00102929383463, 23.093305387407177], [94.00102527924578, 23.09276347006608], [93.99926793078761, 23.09277460201222], [93.99925590888208, 23.09114884888949], [93.99984168477806, 23.091145140703947], [93.99983767537024, 23.090603223017578], [94.00100922210281, 23.09059580032331], [94.00100119425878, 23.089511965224915], [94.00275849936061, 23.089500815473837], [94.00276252026566, 23.090042732750646], [94.00393406108887, 23.09003528852783], [94.00394613862085, 23.091661039547773], [94.00336036122594, 23.09166476303712], [94.00336438496497, 23.092206680065363], [94.00395016470803, 23.092202956478737], [94.003970296968, 23.09491254056594], [94.00162713029937, 23.094927423821453]]]}, "properties": {"id": 347, "label": "temporary radar change (return toward T1)", "class_id": 2, "direction": "increase", "area_ha": 19.810692658280114, "pixel_count": 55, "mean_change_db": 4.710391998291016, "max_change_db": 5.750698089599609, "mean_signed_db": 4.710391998291016, "first_observed": "2024-11-20T11:46:56.693237Z", "observation_interval": ["2024-04-18T11:46:55.497558Z", "2024-11-20T11:46:56.693237Z"], "persists_into_T3": false, "mean_power_by_date": [0.06701894849538803, 0.19752469658851624, 0.0893184170126915], "interpretation": "Unvalidated radar-change candidate; terrain, registration and moisture may explain the signal.", "mean_slope_deg": 0.69, "max_slope_deg": 1.18, "mean_elevation_m": 128.1, "terrain_risk_pct": 0.0, "terrain_tier": "Low Risk (Flat Lowland)", "priority_score": 20.97, "temporal_class": "seasonal_transient", "t4_status": "pending", "t4_mean_power": null, "t4_mean_signed_db": null, "t4_observation": null}}, {"type": "Feature", "geometry": {"type": "Polygon", "coordinates": [[[94.06005936657259, 22.850671208511436], [94.06004676235143, 22.84904543692674], [94.05829259427594, 22.849057108392554], [94.05828840007301, 22.848515184148333], [94.0577036794426, 22.84851907024075], [94.05768691316925, 22.846351372478413], [94.05827162453511, 22.846347486795455], [94.05825485103529, 22.844179788841004], [94.05708544670306, 22.844187557241607], [94.0570728818092, 22.842561782767017], [94.05648818639905, 22.842565663440972], [94.05647562959638, 22.840939888321323], [94.05881438268868, 22.84092435397604], [94.05883535763819, 22.8436339769409], [94.06000475657464, 22.843626195866896], [94.0600131567093, 22.84471004437967], [94.0605978606176, 22.844706150417984], [94.06061046872411, 22.846331922597372], [94.05944104688466, 22.84633970898966], [94.05944944366307, 22.847423557331506], [94.06061887476673, 22.847415770528965], [94.06063148478816, 22.84904154214432], [94.06180092927853, 22.84903374613878], [94.06181355434762, 22.85065951679961], [94.06005936657259, 22.850671208511436]]]}, "properties": {"id": 430, "label": "temporary radar change (return toward T1)", "class_id": 2, "direction": "increase", "area_ha": 24.132265071098995, "pixel_count": 67, "mean_change_db": 3.866124391555786, "max_change_db": 4.441401481628418, "mean_signed_db": 3.866124391555786, "first_observed": "2024-11-20T11:46:56.693237Z", "observation_interval": ["2024-04-18T11:46:55.497558Z", "2024-11-20T11:46:56.693237Z"], "persists_into_T3": false, "mean_power_by_date": [0.06031716614961624, 0.14690543711185455, 0.0778624415397644], "interpretation": "Unvalidated radar-change candidate; terrain, registration and moisture may explain the signal.", "mean_slope_deg": 0.22, "max_slope_deg": 0.51, "mean_elevation_m": 140.5, "terrain_risk_pct": 0.0, "terrain_tier": "Low Risk (Flat Lowland)", "priority_score": 18.99, "temporal_class": "seasonal_transient", "t4_status": "pending", "t4_mean_power": null, "t4_mean_signed_db": null, "t4_observation": null}}, {"type": "Feature", "geometry": {"type": "Polygon", "coordinates": [[[94.01049507153978, 23.105709737770443], [94.01048696170827, 23.10462590791107], [94.0093152967294, 23.10463340520845], [94.00930314699856, 23.10300765954807], [94.00988897250006, 23.103003912279835], [94.00988492048481, 23.102461997081843], [94.01047074351442, 23.10245824773794], [94.01046668927201, 23.101916332600005], [94.01163833026493, 23.10190882758762], [94.01163427144613, 23.101366912607816], [94.01339172496793, 23.10135563908268], [94.01338359360221, 23.10027180959832], [94.01279778058289, 23.100275569417043], [94.01278152872098, 23.09810790960119], [94.01512474247613, 23.098092858859015], [94.01512881465347, 23.09863477347666], [94.01571462013398, 23.09863100526005], [94.01573499461115, 23.101340577288198], [94.01339172496793, 23.10135563908268], [94.01342018861536, 23.10514904108517], [94.0122485201622, 23.105156560316388], [94.01225258218888, 23.105698474933053], [94.01049507153978, 23.105709737770443]]]}, "properties": {"id": 339, "label": "temporary radar change (return toward T1)", "class_id": 2, "direction": "increase", "area_ha": 25.21347118611522, "pixel_count": 70, "mean_change_db": 3.696086883544922, "max_change_db": 4.818416595458984, "mean_signed_db": 3.696086883544922, "first_observed": "2024-11-20T11:46:56.693237Z", "observation_interval": ["2024-04-18T11:46:55.497558Z", "2024-11-20T11:46:56.693237Z"], "persists_into_T3": false, "mean_power_by_date": [0.07834872603416443, 0.18353228271007538, 0.09953220188617706], "interpretation": "Unvalidated radar-change candidate; terrain, registration and moisture may explain the signal.", "mean_slope_deg": 0.59, "max_slope_deg": 1.52, "mean_elevation_m": 125.0, "terrain_risk_pct": 0.0, "terrain_tier": "Low Risk (Flat Lowland)", "priority_score": 18.56, "temporal_class": "seasonal_transient", "t4_status": "pending", "t4_mean_power": null, "t4_mean_signed_db": null, "t4_observation": null}}, {"type": "Feature", "geometry": {"type": "Polygon", "coordinates": [[[94.04252942192818, 22.698496528024634], [94.04252532047323, 22.697954590817478], [94.04077307239919, 22.69796599757953], [94.04076897795963, 22.697424060032944], [94.04018489731537, 22.697427857923987], [94.04017671340402, 22.69634398251753], [94.03959263722842, 22.6963477780764], [94.03956810226624, 22.693096150356848], [94.04365653642476, 22.693069540921538], [94.04368116783591, 22.696321164412613], [94.04484931831279, 22.696313541329424], [94.04486576013043, 22.698481288768285], [94.04252942192818, 22.698496528024634]]]}, "properties": {"id": 502, "label": "temporary radar change (return toward T1)", "class_id": 2, "direction": "increase", "area_ha": 24.85284566012798, "pixel_count": 69, "mean_change_db": 3.7232284545898438, "max_change_db": 4.394333839416504, "mean_signed_db": 3.7232284545898438, "first_observed": "2024-11-20T11:46:56.693237Z", "observation_interval": ["2024-04-18T11:46:55.497558Z", "2024-11-20T11:46:56.693237Z"], "persists_into_T3": false, "mean_power_by_date": [0.05706417188048363, 0.13481202721595764, 0.07128530740737915], "interpretation": "Unvalidated radar-change candidate; terrain, registration and moisture may explain the signal.", "mean_slope_deg": 0.75, "max_slope_deg": 1.47, "mean_elevation_m": 167.1, "terrain_risk_pct": 0.0, "terrain_tier": "Low Risk (Flat Lowland)", "priority_score": 18.56, "temporal_class": "seasonal_transient", "t4_status": "pending", "t4_mean_power": null, "t4_mean_signed_db": null, "t4_observation": null}}, {"type": "Feature", "geometry": {"type": "Polygon", "coordinates": [[[94.01519408011049, 23.029265639280418], [94.01518190409483, 23.027639881086717], [94.01225441102255, 23.027658636080773], [94.0122220406264, 23.023323275307455], [94.0151494401209, 23.023304524241524], [94.01515349768802, 23.023846443979373], [94.01573897955817, 23.02384268717212], [94.01574303958729, 23.024384606773825], [94.01691400763761, 23.024377086466576], [94.01693433302023, 23.027086682923944], [94.01517784566845, 23.027097961613265], [94.01518190409483, 23.027639881086717], [94.01752389634342, 23.0276248381092], [94.01753610043696, 23.02925059512135], [94.01519408011049, 23.029265639280418]]]}, "properties": {"id": 377, "label": "temporary radar change (return toward T1)", "class_id": 2, "direction": "increase", "area_ha": 24.49304894628618, "pixel_count": 68, "mean_change_db": 3.7467215061187744, "max_change_db": 4.465734481811523, "mean_signed_db": 3.7467215061187744, "first_observed": "2024-11-20T11:46:56.693237Z", "observation_interval": ["2024-04-18T11:46:55.497558Z", "2024-11-20T11:46:56.693237Z"], "persists_into_T3": false, "mean_power_by_date": [0.08264178037643433, 0.1961607187986374, 0.10200164467096329], "interpretation": "Unvalidated radar-change candidate; terrain, registration and moisture may explain the signal.", "mean_slope_deg": 0.47, "max_slope_deg": 3.0, "mean_elevation_m": 119.9, "terrain_risk_pct": 0.0, "terrain_tier": "Low Risk (Flat Lowland)", "priority_score": 18.54, "temporal_class": "seasonal_transient", "t4_status": "pending", "t4_mean_power": null, "t4_mean_signed_db": null, "t4_observation": null}}, {"type": "Feature", "geometry": {"type": "Polygon", "coordinates": [[[93.60334847136134, 23.246536741033953], [93.60334115840959, 23.244910861749336], [93.60392766058625, 23.24490860823521], [93.60392522071328, 23.244366648457017], [93.60509822010793, 23.24436213497828], [93.6050859981557, 23.24165233610971], [93.60567248589815, 23.241650076380242], [93.60567003935975, 23.24110811655243], [93.60742949503884, 23.24110132440706], [93.6074319486833, 23.241643284058306], [93.61036438518032, 23.24163191974335], [93.61037178208929, 23.243257797585105], [93.60861229909374, 23.24326462327312], [93.60861475777162, 23.2438065826559], [93.60802826092268, 23.243808853566087], [93.60803071730552, 23.244350812970282], [93.6074442180136, 23.244353081750297], [93.60744667210128, 23.244895041175845], [93.60627366855766, 23.24489957228603], [93.60627856747773, 23.245983491259828], [93.60569206085684, 23.245985753648633], [93.60569450805814, 23.24652771313791], [93.60334847136134, 23.246536741033953]]]}, "properties": {"id": 283, "label": "temporary radar change (return toward T1)", "class_id": 2, "direction": "increase", "area_ha": 21.975486697679443, "pixel_count": 61, "mean_change_db": 4.116217136383057, "max_change_db": 5.201901912689209, "mean_signed_db": 4.116217136383057, "first_observed": "2024-11-20T11:46:56.693237Z", "observation_interval": ["2024-04-18T11:46:55.497558Z", "2024-11-20T11:46:56.693237Z"], "persists_into_T3": false, "mean_power_by_date": [0.09866707026958466, 0.2552156150341034, 0.12420294433832169], "interpretation": "Unvalidated radar-change candidate; terrain, registration and moisture may explain the signal.", "mean_slope_deg": 15.42, "max_slope_deg": 24.33, "mean_elevation_m": 806.6, "terrain_risk_pct": 0.0, "terrain_tier": "Low Risk (Flat Lowland)", "priority_score": 19.3, "temporal_class": "seasonal_transient", "t4_status": "pending", "t4_mean_power": null, "t4_mean_signed_db": null, "t4_observation": null}}, {"type": "Feature", "geometry": {"type": "Polygon", "coordinates": [[[94.09137952296926, 22.81848456286463], [94.09135361169348, 22.815233039762926], [94.09193818366538, 22.8152290355991], [94.09193386326702, 22.814687115056127], [94.09251843279579, 22.814683108854663], [94.09251411021698, 22.81414118837974], [94.09368324425678, 22.814133169758573], [94.09367891718603, 22.813591249457524], [94.094263481697, 22.813587237037996], [94.0942591524462, 22.81304531680516], [94.09776652287644, 22.81302119791876], [94.09778389614998, 22.81518887608], [94.09719932549449, 22.81519290167668], [94.09720366683106, 22.81573482122912], [94.09661909373176, 22.815738844788626], [94.09662343288836, 22.816280764409566], [94.09311597765355, 22.816304861391966], [94.09312030306997, 22.816846781610753], [94.09370488158353, 22.816842770699747], [94.0937178655581, 22.818468530813135], [94.09137952296926, 22.81848456286463]]]}, "properties": {"id": 441, "label": "temporary radar change (return toward T1)", "class_id": 2, "direction": "increase", "area_ha": 23.77160700016627, "pixel_count": 66, "mean_change_db": 3.8001549243927, "max_change_db": 5.338911056518555, "mean_signed_db": 3.8001549243927, "first_observed": "2024-11-20T11:46:56.693237Z", "observation_interval": ["2024-04-18T11:46:55.497558Z", "2024-11-20T11:46:56.693237Z"], "persists_into_T3": false, "mean_power_by_date": [0.10101912170648575, 0.24538756906986237, 0.12165458500385284], "interpretation": "Unvalidated radar-change candidate; terrain, registration and moisture may explain the signal.", "mean_slope_deg": 0.15, "max_slope_deg": 0.4, "mean_elevation_m": 138.7, "terrain_risk_pct": 0.0, "terrain_tier": "Low Risk (Flat Lowland)", "priority_score": 18.53, "temporal_class": "seasonal_transient", "t4_status": "pending", "t4_mean_power": null, "t4_mean_signed_db": null, "t4_observation": null}}, {"type": "Feature", "geometry": {"type": "Polygon", "coordinates": [[[94.4189659980472, 23.615714159533123], [94.41893099270762, 23.612463375028003], [94.4201069467596, 23.61245261953104], [94.42009527004504, 23.611369024934923], [94.42068324197899, 23.611363644123863], [94.42067156113123, 23.610280049647365], [94.42243546139568, 23.610263894688988], [94.42244715673442, 23.61134748833595], [94.42303512797052, 23.61134209862175], [94.42305267953397, 23.612967488383322], [94.4236406578414, 23.61296209602805], [94.4236640720336, 23.61512928127467], [94.42307608406381, 23.61513467418367], [94.42308193563294, 23.61567647053582], [94.4189659980472, 23.615714159533123]]]}, "properties": {"id": 81, "label": "temporary radar change (return toward T1)", "class_id": 2, "direction": "decrease", "area_ha": 22.32626269758458, "pixel_count": 62, "mean_change_db": 3.9901278018951416, "max_change_db": 5.04238224029541, "mean_signed_db": -3.9901278018951416, "first_observed": "2024-11-20T11:46:56.693237Z", "observation_interval": ["2024-04-18T11:46:55.497558Z", "2024-11-20T11:46:56.693237Z"], "persists_into_T3": false, "mean_power_by_date": [0.11839497834444046, 0.04717728868126869, 0.1286725550889969], "interpretation": "Unvalidated radar-change candidate; terrain, registration and moisture may explain the signal.", "mean_slope_deg": 0.08, "max_slope_deg": 0.79, "mean_elevation_m": 103.6, "terrain_risk_pct": 0.0, "terrain_tier": "Low Risk (Flat Lowland)", "priority_score": 18.85, "temporal_class": "seasonal_transient", "t4_status": "pending", "t4_mean_power": null, "t4_mean_signed_db": null, "t4_observation": null}}, {"type": "Feature", "geometry": {"type": "Polygon", "coordinates": [[[94.0777906976197, 23.169212328044853], [94.07778635935006, 23.16867042915251], [94.07661416299388, 23.168678446890517], [94.07659249718569, 23.165968950813646], [94.0760064106007, 23.16597295589036], [94.0760020801886, 23.165431056456523], [94.07541599583065, 23.165435059248917], [94.07542032388514, 23.165976958787063], [94.07366206295573, 23.16598895439706], [94.07364910040167, 23.164363254730766], [94.07482126033973, 23.164355260462454], [94.07481260985895, 23.16327146091145], [94.0777429838469, 23.163251438136992], [94.07775599512463, 23.164877135840996], [94.07892815794925, 23.164869110845757], [94.07893250001844, 23.165411009795232], [94.07951858359192, 23.165406993923117], [94.07952727283833, 23.16649079149866], [94.08011336099608, 23.16648677323719], [94.08013509819405, 23.169196265986834], [94.0777906976197, 23.169212328044853]]]}, "properties": {"id": 303, "label": "temporary radar change (return toward T1)", "class_id": 2, "direction": "increase", "area_ha": 24.492233981667667, "pixel_count": 68, "mean_change_db": 3.522092580795288, "max_change_db": 4.624805450439453, "mean_signed_db": 3.522092580795288, "first_observed": "2024-11-20T11:46:56.693237Z", "observation_interval": ["2024-04-18T11:46:55.497558Z", "2024-11-20T11:46:56.693237Z"], "persists_into_T3": false, "mean_power_by_date": [0.12593460083007812, 0.28434625267982483, 0.1383068710565567], "interpretation": "Unvalidated radar-change candidate; terrain, registration and moisture may explain the signal.", "mean_slope_deg": 0.19, "max_slope_deg": 0.3, "mean_elevation_m": 114.7, "terrain_risk_pct": 0.0, "terrain_tier": "Low Risk (Flat Lowland)", "priority_score": 17.43, "temporal_class": "seasonal_transient", "t4_status": "pending", "t4_mean_power": null, "t4_mean_signed_db": null, "t4_observation": null}}, {"type": "Feature", "geometry": {"type": "Polygon", "coordinates": [[[94.43918485159045, 23.582475212263386], [94.43917303489245, 23.581391622535026], [94.43623386515411, 23.58141882200113], [94.43619849162475, 23.57816804768242], [94.44148886378544, 23.578119056192165], [94.44153620349468, 23.582453411563925], [94.43918485159045, 23.582475212263386]]]}, "properties": {"id": 103, "label": "temporary radar change (return toward T1)", "class_id": 2, "direction": "increase", "area_ha": 22.32596776295202, "pixel_count": 62, "mean_change_db": 3.824105739593506, "max_change_db": 4.591170787811279, "mean_signed_db": 3.824105739593506, "first_observed": "2024-11-20T11:46:56.693237Z", "observation_interval": ["2024-04-18T11:46:55.497558Z", "2024-11-20T11:46:56.693237Z"], "persists_into_T3": false, "mean_power_by_date": [0.06486107409000397, 0.15598240494728088, 0.06791428476572037], "interpretation": "Unvalidated radar-change candidate; terrain, registration and moisture may explain the signal.", "mean_slope_deg": 1.03, "max_slope_deg": 2.96, "mean_elevation_m": 111.0, "terrain_risk_pct": 0.0, "terrain_tier": "Low Risk (Flat Lowland)", "priority_score": 18.07, "temporal_class": "seasonal_transient", "t4_status": "pending", "t4_mean_power": null, "t4_mean_signed_db": null, "t4_observation": null}}, {"type": "Feature", "geometry": {"type": "Polygon", "coordinates": [[[94.06521551727221, 22.761756320298556], [94.06521131358488, 22.76121439134384], [94.06462696662051, 22.76121828875597], [94.06462276536602, 22.76067635966078], [94.0640384205787, 22.760680254832263], [94.0640216260583, 22.758512537664874], [94.06752763754965, 22.75848913704428], [94.06753184981577, 22.75903106577403], [94.0692848607454, 22.759019336298316], [94.06928064156547, 22.758477407878498], [94.07161797845507, 22.75846173906671], [94.07163489282057, 22.76062945086482], [94.07105054957223, 22.760633371688286], [94.07105477618049, 22.76117529964765], [94.06930173874933, 22.76118704960257], [94.06929751905571, 22.760645121332765], [94.06754448738334, 22.760656851738275], [94.0675487001623, 22.76119878031803], [94.0669643537101, 22.76120268628107], [94.06696856431232, 22.761744614926517], [94.06521551727221, 22.761756320298556]]]}, "properties": {"id": 464, "label": "temporary radar change (return toward T1)", "class_id": 2, "direction": "increase", "area_ha": 21.610871435915584, "pixel_count": 60, "mean_change_db": 3.841002941131592, "max_change_db": 4.680968284606934, "mean_signed_db": 3.841002941131592, "first_observed": "2024-11-20T11:46:56.693237Z", "observation_interval": ["2024-04-18T11:46:55.497558Z", "2024-11-20T11:46:56.693237Z"], "persists_into_T3": false, "mean_power_by_date": [0.05442153289914131, 0.13172370195388794, 0.06780756264925003], "interpretation": "Unvalidated radar-change candidate; terrain, registration and moisture may explain the signal.", "mean_slope_deg": 0.8, "max_slope_deg": 1.4, "mean_elevation_m": 150.6, "terrain_risk_pct": 0.0, "terrain_tier": "Low Risk (Flat Lowland)", "priority_score": 17.86, "temporal_class": "seasonal_transient", "t4_status": "pending", "t4_mean_power": null, "t4_mean_signed_db": null, "t4_observation": null}}, {"type": "Feature", "geometry": {"type": "Polygon", "coordinates": [[[94.51295319010526, 22.82641924924549], [94.51294720096516, 22.82587742043201], [94.51002460255381, 22.825905151836274], [94.51000667089917, 22.824279662973133], [94.5123447222528, 22.824257483889784], [94.512338736152, 22.82371565477674], [94.51584579385583, 22.823682322742975], [94.51586979482732, 22.825849635450716], [94.51528527641923, 22.825855196733123], [94.5152912748062, 22.826397024960833], [94.51295319010526, 22.82641924924549]]]}, "properties": {"id": 42, "label": "persistent radar change", "class_id": 1, "direction": "increase", "area_ha": 14.402940463815932, "pixel_count": 40, "mean_change_db": 5.72287130355835, "max_change_db": 6.87088680267334, "mean_signed_db": 5.72287130355835, "first_observed": "2024-11-20T11:46:56.693237Z", "observation_interval": ["2024-04-18T11:46:55.497558Z", "2024-11-20T11:46:56.693237Z"], "persists_into_T3": true, "mean_power_by_date": [0.03322741389274597, 0.12191573530435562, 0.09640181064605713], "interpretation": "Unvalidated radar-change candidate; terrain, registration and moisture may explain the signal.", "mean_slope_deg": 0.58, "max_slope_deg": 1.93, "mean_elevation_m": 103.6, "terrain_risk_pct": 0.0, "terrain_tier": "Low Risk (Flat Lowland)", "priority_score": 21.72, "temporal_class": "persistent", "t4_status": "pending", "t4_mean_power": null, "t4_mean_signed_db": null, "t4_observation": null}}, {"type": "Feature", "geometry": {"type": "Polygon", "coordinates": [[[94.05031011311341, 23.32764058066408], [94.0502930738954, 23.325473009154255], [94.04970628499397, 23.32547694170147], [94.04969351406001, 23.323851262362222], [94.04910673216646, 23.323855192406988], [94.04909396951872, 23.32222951241837], [94.05026751890762, 23.322221650743586], [94.05024196852641, 23.318970290957925], [94.05200224884483, 23.31895848380881], [94.05201504486118, 23.320584162955175], [94.05260181184494, 23.320580222540077], [94.05261461614928, 23.32220590103623], [94.05085429341014, 23.322217716611462], [94.05086281598425, 23.32330150269717], [94.05144959511543, 23.323297566164488], [94.05145385897298, 23.32383945904801], [94.05321420273295, 23.323827635963944], [94.05323128798776, 23.325995205890127], [94.05264449734818, 23.325999149523653], [94.05265730550016, 23.327624826873805], [94.05031011311341, 23.32764058066408]]]}, "properties": {"id": 238, "label": "temporary radar change (return toward T1)", "class_id": 2, "direction": "increase", "area_ha": 23.772231052823294, "pixel_count": 66, "mean_change_db": 3.416663408279419, "max_change_db": 3.8782968521118164, "mean_signed_db": 3.416663408279419, "first_observed": "2024-11-20T11:46:56.693237Z", "observation_interval": ["2024-04-18T11:46:55.497558Z", "2024-11-20T11:46:56.693237Z"], "persists_into_T3": false, "mean_power_by_date": [0.10713014006614685, 0.23519927263259888, 0.12488438934087753], "interpretation": "Unvalidated radar-change candidate; terrain, registration and moisture may explain the signal.", "mean_slope_deg": 0.38, "max_slope_deg": 1.34, "mean_elevation_m": 119.9, "terrain_risk_pct": 0.0, "terrain_tier": "Low Risk (Flat Lowland)", "priority_score": 16.66, "temporal_class": "seasonal_transient", "t4_status": "pending", "t4_mean_power": null, "t4_mean_signed_db": null, "t4_observation": null}}, {"type": "Feature", "geometry": {"type": "Polygon", "coordinates": [[[94.06879203005114, 23.216963327475057], [94.0687790945611, 23.215337635735608], [94.06936539768077, 23.21533364956572], [94.06936108374636, 23.214791752346777], [94.06994738437199, 23.214787764095437], [94.06993012047788, 23.212620175253825], [94.0705164115178, 23.212616185232587], [94.0705120935055, 23.212074288030788], [94.0728572469089, 23.212058306512464], [94.07287022970178, 23.213683996756163], [94.07345652481838, 23.213679995602146], [94.07346085504065, 23.21422189216978], [94.07463344961042, 23.21421388309831], [94.07464645524436, 23.215839571947544], [94.07347384649003, 23.21584758164412], [94.07348250810843, 23.216931374436555], [94.06879203005114, 23.216963327475057]]]}, "properties": {"id": 297, "label": "temporary radar change (return toward T1)", "class_id": 2, "direction": "increase", "area_ha": 22.691410856022127, "pixel_count": 63, "mean_change_db": 3.5017483234405518, "max_change_db": 4.071331024169922, "mean_signed_db": 3.5017483234405518, "first_observed": "2024-11-20T11:46:56.693237Z", "observation_interval": ["2024-04-18T11:46:55.497558Z", "2024-11-20T11:46:56.693237Z"], "persists_into_T3": false, "mean_power_by_date": [0.12367507070302963, 0.2771765887737274, 0.1267029047012329], "interpretation": "Unvalidated radar-change candidate; terrain, registration and moisture may explain the signal.", "mean_slope_deg": 0.22, "max_slope_deg": 1.01, "mean_elevation_m": 112.8, "terrain_risk_pct": 0.0, "terrain_tier": "Low Risk (Flat Lowland)", "priority_score": 16.68, "temporal_class": "seasonal_transient", "t4_status": "pending", "t4_mean_power": null, "t4_mean_signed_db": null, "t4_observation": null}}, {"type": "Feature", "geometry": {"type": "Polygon", "coordinates": [[[94.41321883379244, 23.297151764094167], [94.4132131104944, 23.296609943317385], [94.41262652848762, 23.296615228703935], [94.41262080773521, 23.296073407751308], [94.411447647953, 23.29608397167227], [94.41144193211953, 23.295542150406852], [94.408509041526, 23.29556852115387], [94.40850333773156, 23.295026699165586], [94.40791676147164, 23.295031966600554], [94.40789965823701, 23.293406499993345], [94.410245933768, 23.29338541873906], [94.4102402235399, 23.29284359700612], [94.4119999212665, 23.292827763456387], [94.41200563861405, 23.293369584778524], [94.41376534191323, 23.2933537310868], [94.41377106655231, 23.293895551958883], [94.41435763634783, 23.29389026287306], [94.41437481841767, 23.295515724845195], [94.41496139516107, 23.295510433155137], [94.41497858590115, 23.297135894366704], [94.41321883379244, 23.297151764094167]]]}, "properties": {"id": 262, "label": "temporary radar change (return toward T1)", "class_id": 2, "direction": "increase", "area_ha": 20.8859538499309, "pixel_count": 58, "mean_change_db": 3.791106700897217, "max_change_db": 4.7384138107299805, "mean_signed_db": 3.791106700897217, "first_observed": "2024-11-20T11:46:56.693237Z", "observation_interval": ["2024-04-18T11:46:55.497558Z", "2024-11-20T11:46:56.693237Z"], "persists_into_T3": false, "mean_power_by_date": [0.0720958486199379, 0.17256176471710205, 0.0891425684094429], "interpretation": "Unvalidated radar-change candidate; terrain, registration and moisture may explain the signal.", "mean_slope_deg": 1.54, "max_slope_deg": 6.13, "mean_elevation_m": 124.8, "terrain_risk_pct": 0.0, "terrain_tier": "Low Risk (Flat Lowland)", "priority_score": 17.33, "temporal_class": "seasonal_transient", "t4_status": "pending", "t4_mean_power": null, "t4_mean_signed_db": null, "t4_observation": null}}, {"type": "Feature", "geometry": {"type": "Polygon", "coordinates": [[[94.01400852609879, 22.79135570357968], [94.01400451867886, 22.79081376780161], [94.01342003615137, 22.790817482379442], [94.01341603116221, 22.790275546465853], [94.01166258977582, 22.79028667705986], [94.01165059631789, 22.788660868212933], [94.01106612253874, 22.78866457383569], [94.01106212727123, 22.788122637380642], [94.01047765567915, 22.788126340764915], [94.01046567753116, 22.786500530881707], [94.0122190711665, 22.786489415187212], [94.01222307068626, 22.78703135155896], [94.01456093639683, 22.787016500273943], [94.01457296338845, 22.78864230798827], [94.01515743643701, 22.78863858952118], [94.01516545965853, 22.78972246094708], [94.01574993720249, 22.789718740142845], [94.01576197987654, 22.79134454670604], [94.01400852609879, 22.79135570357968]]]}, "properties": {"id": 53, "label": "persistent radar change", "class_id": 1, "direction": "increase", "area_ha": 17.649401847314927, "pixel_count": 49, "mean_change_db": 4.470486164093018, "max_change_db": 5.118241310119629, "mean_signed_db": 4.470486164093018, "first_observed": "2024-11-20T11:46:56.693237Z", "observation_interval": ["2024-04-18T11:46:55.497558Z", "2024-11-20T11:46:56.693237Z"], "persists_into_T3": true, "mean_power_by_date": [0.04263879358768463, 0.11900889873504639, 0.10152310878038406], "interpretation": "Unvalidated radar-change candidate; terrain, registration and moisture may explain the signal.", "mean_slope_deg": 0.47, "max_slope_deg": 0.93, "mean_elevation_m": 168.8, "terrain_risk_pct": 0.0, "terrain_tier": "Low Risk (Flat Lowland)", "priority_score": 18.78, "temporal_class": "persistent", "t4_status": "pending", "t4_mean_power": null, "t4_mean_signed_db": null, "t4_observation": null}}, {"type": "Feature", "geometry": {"type": "Polygon", "coordinates": [[[94.08656784513784, 23.384294384784827], [94.08654575137717, 23.381584972029707], [94.08830683674515, 23.38157272626467], [94.08830241123289, 23.381030843915493], [94.08888943703742, 23.38102675769428], [94.08888500927208, 23.3804848754125], [94.09123310161735, 23.38046850892551], [94.09126416557555, 23.384261681129022], [94.08656784513784, 23.384294384784827]]]}, "properties": {"id": 18, "label": "persistent radar change", "class_id": 1, "direction": "increase", "area_ha": 17.648717724199873, "pixel_count": 49, "mean_change_db": 4.425009727478027, "max_change_db": 5.323535442352295, "mean_signed_db": 4.425009727478027, "first_observed": "2024-11-20T11:46:56.693237Z", "observation_interval": ["2024-04-18T11:46:55.497558Z", "2024-11-20T11:46:56.693237Z"], "persists_into_T3": true, "mean_power_by_date": [0.07799889147281647, 0.21540817618370056, 0.18889082968235016], "interpretation": "Unvalidated radar-change candidate; terrain, registration and moisture may explain the signal.", "mean_slope_deg": 0.81, "max_slope_deg": 1.24, "mean_elevation_m": 124.1, "terrain_risk_pct": 0.0, "terrain_tier": "Low Risk (Flat Lowland)", "priority_score": 18.59, "temporal_class": "persistent", "t4_status": "pending", "t4_mean_power": null, "t4_mean_signed_db": null, "t4_observation": null}}, {"type": "Feature", "geometry": {"type": "Polygon", "coordinates": [[[94.06947293923506, 22.708073996633903], [94.06946031137012, 22.70644820100633], [94.07004442474162, 22.7064442948025], [94.07003179113792, 22.70481849914823], [94.07120000370946, 22.704810680965448], [94.07119157275845, 22.703726817422712], [94.07177567425644, 22.703722905340697], [94.0717714566762, 22.703180973616757], [94.07235555574822, 22.703177059506643], [94.07235133599913, 22.70263512784889], [94.07468772181093, 22.702619450506866], [94.07470040901325, 22.704245244122635], [94.07353220258022, 22.704253087679792], [94.07354065216913, 22.705336950318415], [94.075292975411, 22.705325181161903], [94.07530567144009, 22.706950973904362], [94.07296921261988, 22.70696666309519], [94.07296498967263, 22.70642473180317], [94.07238087694353, 22.70642864866705], [94.07238509759291, 22.70697058006275], [94.07121686715318, 22.7069784076017], [94.07122529964595, 22.70806227069521], [94.06947293923506, 22.708073996633903]]]}, "properties": {"id": 498, "label": "temporary radar change (return toward T1)", "class_id": 2, "direction": "increase", "area_ha": 20.890449120174885, "pixel_count": 58, "mean_change_db": 3.709099531173706, "max_change_db": 4.619783401489258, "mean_signed_db": 3.709099531173706, "first_observed": "2024-11-20T11:46:56.693237Z", "observation_interval": ["2024-04-18T11:46:55.497558Z", "2024-11-20T11:46:56.693237Z"], "persists_into_T3": false, "mean_power_by_date": [0.08098272979259491, 0.19005070626735687, 0.10356614738702774], "interpretation": "Unvalidated radar-change candidate; terrain, registration and moisture may explain the signal.", "mean_slope_deg": 0.27, "max_slope_deg": 0.54, "mean_elevation_m": 149.2, "terrain_risk_pct": 0.0, "terrain_tier": "Low Risk (Flat Lowland)", "priority_score": 16.95, "temporal_class": "seasonal_transient", "t4_status": "pending", "t4_mean_power": null, "t4_mean_signed_db": null, "t4_observation": null}}, {"type": "Feature", "geometry": {"type": "Polygon", "coordinates": [[[94.04982125862757, 22.65888545738435], [94.04981713650038, 22.658343518763864], [94.0492332230441, 22.658347343449066], [94.04922910333433, 22.65780540468982], [94.048645192044, 22.657809227146604], [94.04863284054336, 22.656183410340734], [94.04921674495914, 22.65617958818802], [94.04921262575212, 22.655637649279406], [94.05446773920761, 22.655603155112548], [94.05448843961724, 22.65831284470842], [94.05390452716904, 22.658316686410014], [94.05390866533823, 22.658858624319006], [94.04982125862757, 22.65888545738435]]]}, "properties": {"id": 513, "label": "temporary radar change (return toward T1)", "class_id": 2, "direction": "increase", "area_ha": 19.810132257545902, "pixel_count": 55, "mean_change_db": 3.8719077110290527, "max_change_db": 4.960515975952148, "mean_signed_db": 3.8719077110290527, "first_observed": "2024-11-20T11:46:56.693237Z", "observation_interval": ["2024-04-18T11:46:55.497558Z", "2024-11-20T11:46:56.693237Z"], "persists_into_T3": false, "mean_power_by_date": [0.058425210416316986, 0.14311152696609497, 0.07835211604833603], "interpretation": "Unvalidated radar-change candidate; terrain, registration and moisture may explain the signal.", "mean_slope_deg": 0.57, "max_slope_deg": 0.9, "mean_elevation_m": 172.5, "terrain_risk_pct": 0.0, "terrain_tier": "Low Risk (Flat Lowland)", "priority_score": 17.23, "temporal_class": "seasonal_transient", "t4_status": "pending", "t4_mean_power": null, "t4_mean_signed_db": null, "t4_observation": null}}, {"type": "Feature", "geometry": {"type": "Polygon", "coordinates": [[[94.09586122258781, 23.01246941723713], [94.09583933538981, 23.009759884937434], [94.09642474119227, 23.009755831993665], [94.09641598256606, 23.0086720190211], [94.09700138356187, 23.00866796412619], [94.09698823960571, 23.00704224470208], [94.10050060072994, 23.007017871815147], [94.10052257809514, 23.009727400806565], [94.09993717322176, 23.009731468895506], [94.09994596042452, 23.010815280440145], [94.09818973098385, 23.01082747236415], [94.09819850469431, 23.01191128439609], [94.0976130899405, 23.011915344256035], [94.09761747465737, 23.012457250321546], [94.09586122258781, 23.01246941723713]]]}, "properties": {"id": 383, "label": "temporary radar change (return toward T1)", "class_id": 2, "direction": "increase", "area_ha": 20.529999009422912, "pixel_count": 57, "mean_change_db": 3.735915422439575, "max_change_db": 4.820618629455566, "mean_signed_db": 3.735915422439575, "first_observed": "2024-11-20T11:46:56.693237Z", "observation_interval": ["2024-04-18T11:46:55.497558Z", "2024-11-20T11:46:56.693237Z"], "persists_into_T3": false, "mean_power_by_date": [0.10532768815755844, 0.2502959966659546, 0.11573739349842072], "interpretation": "Unvalidated radar-change candidate; terrain, registration and moisture may explain the signal.", "mean_slope_deg": 0.42, "max_slope_deg": 2.93, "mean_elevation_m": 125.0, "terrain_risk_pct": 0.0, "terrain_tier": "Low Risk (Flat Lowland)", "priority_score": 16.93, "temporal_class": "seasonal_transient", "t4_status": "pending", "t4_mean_power": null, "t4_mean_signed_db": null, "t4_observation": null}}, {"type": "Feature", "geometry": {"type": "Polygon", "coordinates": [[[94.29567280516056, 22.969774981295767], [94.29565731040648, 22.96814937218286], [94.2968276775886, 22.968139803055248], [94.29680700145914, 22.96597232470849], [94.29739217549184, 22.96596753740904], [94.29738700452013, 22.965425667852653], [94.2979721760655, 22.965420878520415], [94.29796700291976, 22.964879009051554], [94.30030767821115, 22.964859830641974], [94.30031286067943, 22.965401699607686], [94.30206837249197, 22.965387292760244], [94.30208394181548, 22.96701289829479], [94.3009135867796, 22.96702250577421], [94.30091877220666, 22.96756437446151], [94.29974841188077, 22.96757397355858], [94.29975359280293, 22.968115842459568], [94.2991684100736, 22.968120638896018], [94.2991735888216, 22.96866250788471], [94.29741803269968, 22.968676884619242], [94.2974283766792, 22.969760623236503], [94.29567280516056, 22.969774981295767]]]}, "properties": {"id": 393, "label": "temporary radar change (return toward T1)", "class_id": 2, "direction": "increase", "area_ha": 19.447039752634662, "pixel_count": 54, "mean_change_db": 3.876478433609009, "max_change_db": 4.658698558807373, "mean_signed_db": 3.876478433609009, "first_observed": "2024-11-20T11:46:56.693237Z", "observation_interval": ["2024-04-18T11:46:55.497558Z", "2024-11-20T11:46:56.693237Z"], "persists_into_T3": false, "mean_power_by_date": [0.08293572068214417, 0.20259930193424225, 0.10091287642717361], "interpretation": "Unvalidated radar-change candidate; terrain, registration and moisture may explain the signal.", "mean_slope_deg": 0.86, "max_slope_deg": 3.34, "mean_elevation_m": 107.2, "terrain_risk_pct": 0.0, "terrain_tier": "Low Risk (Flat Lowland)", "priority_score": 17.09, "temporal_class": "seasonal_transient", "t4_status": "pending", "t4_mean_power": null, "t4_mean_signed_db": null, "t4_observation": null}}, {"type": "Feature", "geometry": {"type": "Polygon", "coordinates": [[[94.49248891704427, 22.826070415125344], [94.49248300899589, 22.825528581186646], [94.49131396215348, 22.825539529869847], [94.49130805890802, 22.824997695604274], [94.49072353752943, 22.825003166586985], [94.49071763677495, 22.82446133213893], [94.49013311752871, 22.824466800834415], [94.49010362800269, 22.821757627299284], [94.49068813569181, 22.82175215932455], [94.49068223601301, 22.821210324646852], [94.49243575107086, 22.821193908299023], [94.49244165768327, 22.821735742543943], [94.49302616465489, 22.821730265998287], [94.49304980214491, 22.823897602017713], [94.49421883404035, 22.823886641342582], [94.49424249289666, 22.826053975593847], [94.49248891704427, 22.826070415125344]]]}, "properties": {"id": 434, "label": "temporary radar change (return toward T1)", "class_id": 2, "direction": "increase", "area_ha": 15.843496544424584, "pixel_count": 44, "mean_change_db": 4.7549943923950195, "max_change_db": 6.256531238555908, "mean_signed_db": 4.7549943923950195, "first_observed": "2024-11-20T11:46:56.693237Z", "observation_interval": ["2024-04-18T11:46:55.497558Z", "2024-11-20T11:46:56.693237Z"], "persists_into_T3": false, "mean_power_by_date": [0.07839678972959518, 0.23931270837783813, 0.08813798427581787], "interpretation": "Unvalidated radar-change candidate; terrain, registration and moisture may explain the signal.", "mean_slope_deg": 0.28, "max_slope_deg": 0.59, "mean_elevation_m": 106.7, "terrain_risk_pct": 0.0, "terrain_tier": "Low Risk (Flat Lowland)", "priority_score": 18.93, "temporal_class": "seasonal_transient", "t4_status": "pending", "t4_mean_power": null, "t4_mean_signed_db": null, "t4_observation": null}}, {"type": "Feature", "geometry": {"type": "Polygon", "coordinates": [[[94.05598246024827, 23.078857053183178], [94.05596976464561, 23.077231326202018], [94.05362694278779, 23.077246969843234], [94.05360161133535, 23.073995512404665], [94.05594437689217, 23.07397987121666], [94.05593591533042, 23.072896052585104], [94.05827866007724, 23.07288037748977], [94.05828290017638, 23.07342228641473], [94.0588685883885, 23.073418362112537], [94.05888131649172, 23.075044088352325], [94.05712423035988, 23.075055855670538], [94.05712846627986, 23.075597764648943], [94.05654276830069, 23.07560168284969], [94.05654700200276, 23.07614359189261], [94.05596130154976, 23.076147508025123], [94.05596976464561, 23.077231326202018], [94.05772687969682, 23.07721957067803], [94.05773959641513, 23.07884529673741], [94.05598246024827, 23.078857053183178]]]}, "properties": {"id": 353, "label": "temporary radar change (return toward T1)", "class_id": 2, "direction": "increase", "area_ha": 19.810118486036266, "pixel_count": 55, "mean_change_db": 3.745622158050537, "max_change_db": 4.579551696777344, "mean_signed_db": 3.745622158050537, "first_observed": "2024-11-20T11:46:56.693237Z", "observation_interval": ["2024-04-18T11:46:55.497558Z", "2024-11-20T11:46:56.693237Z"], "persists_into_T3": false, "mean_power_by_date": [0.10445273667573929, 0.24740056693553925, 0.12789273262023926], "interpretation": "Unvalidated radar-change candidate; terrain, registration and moisture may explain the signal.", "mean_slope_deg": 0.14, "max_slope_deg": 0.57, "mean_elevation_m": 116.0, "terrain_risk_pct": 0.0, "terrain_tier": "Low Risk (Flat Lowland)", "priority_score": 16.67, "temporal_class": "seasonal_transient", "t4_status": "pending", "t4_mean_power": null, "t4_mean_signed_db": null, "t4_observation": null}}, {"type": "Feature", "geometry": {"type": "Polygon", "coordinates": [[[94.06617524484133, 23.330243010060183], [94.06617091996436, 23.32970112020489], [94.06558411551191, 23.329705112893443], [94.06557547090605, 23.32862133286124], [94.06498867108203, 23.328625323145726], [94.06497571228397, 23.326999652500504], [94.06438891946708, 23.327003640277795], [94.06437165240129, 23.324836078468987], [94.06554521887557, 23.32482810154453], [94.06553225566715, 23.32320243040693], [94.06729258299855, 23.323190449476595], [94.06730123927821, 23.324274229652072], [94.0678880195522, 23.324270231408274], [94.0679096744205, 23.326979680659896], [94.06732288225315, 23.326983679421893], [94.0673315403535, 23.328067459062265], [94.06791833727868, 23.328063460092977], [94.06793566455663, 23.33023101850042], [94.06617524484133, 23.330243010060183]]]}, "properties": {"id": 231, "label": "temporary radar change (return toward T1)", "class_id": 2, "direction": "increase", "area_ha": 20.890576897397615, "pixel_count": 58, "mean_change_db": 3.5298941135406494, "max_change_db": 4.554769992828369, "mean_signed_db": 3.5298941135406494, "first_observed": "2024-11-20T11:46:56.693237Z", "observation_interval": ["2024-04-18T11:46:55.497558Z", "2024-11-20T11:46:56.693237Z"], "persists_into_T3": false, "mean_power_by_date": [0.1211923286318779, 0.27362126111984253, 0.14290422201156616], "interpretation": "Unvalidated radar-change candidate; terrain, registration and moisture may explain the signal.", "mean_slope_deg": 0.15, "max_slope_deg": 0.41, "mean_elevation_m": 116.6, "terrain_risk_pct": 0.0, "terrain_tier": "Low Risk (Flat Lowland)", "priority_score": 16.13, "temporal_class": "seasonal_transient", "t4_status": "pending", "t4_mean_power": null, "t4_mean_signed_db": null, "t4_observation": null}}, {"type": "Feature", "geometry": {"type": "Polygon", "coordinates": [[[94.45502466482306, 23.738919964248762], [94.45501262910349, 23.737836403980754], [94.45383557060572, 23.737847478853652], [94.45382955787854, 23.73730569837741], [94.45265250352857, 23.737316764011283], [94.45265851139189, 23.73785854477046], [94.4508929212298, 23.737875126852916], [94.4508629201788, 23.73516622054343], [94.45145143825258, 23.73516069612795], [94.45143343247112, 23.73353535229344], [94.45378747380035, 23.7335132339408], [94.45381152077101, 23.73568035671233], [94.45557707906714, 23.735663742743693], [94.45558911821695, 23.73674730304351], [94.456766165912, 23.736736215303484], [94.456790265818, 23.738903334296435], [94.45502466482306, 23.738919964248762]]]}, "properties": {"id": 85, "label": "temporary radar change (return toward T1)", "class_id": 2, "direction": "increase", "area_ha": 20.52529045595366, "pixel_count": 57, "mean_change_db": 3.591867208480835, "max_change_db": 4.5439653396606445, "mean_signed_db": 3.591867208480835, "first_observed": "2024-11-20T11:46:56.693237Z", "observation_interval": ["2024-04-18T11:46:55.497558Z", "2024-11-20T11:46:56.693237Z"], "persists_into_T3": false, "mean_power_by_date": [0.06215676665306091, 0.14242784678936005, 0.07932345569133759], "interpretation": "Unvalidated radar-change candidate; terrain, registration and moisture may explain the signal.", "mean_slope_deg": 0.37, "max_slope_deg": 0.68, "mean_elevation_m": 111.7, "terrain_risk_pct": 0.0, "terrain_tier": "Low Risk (Flat Lowland)", "priority_score": 16.27, "temporal_class": "seasonal_transient", "t4_status": "pending", "t4_mean_power": null, "t4_mean_signed_db": null, "t4_observation": null}}, {"type": "Feature", "geometry": {"type": "Polygon", "coordinates": [[[94.05714685181663, 23.227338677068282], [94.0571383177178, 23.22625487993604], [94.05420655078493, 23.226274569723984], [94.05420229575618, 23.225732670588688], [94.05361594435055, 23.225736601884854], [94.05361169181546, 23.22519470260924], [94.05302534264729, 23.225198631616887], [94.05301684269207, 23.22411483274707], [94.0518441534336, 23.224122683795112], [94.05183141865204, 23.222496984592286], [94.05417676827419, 23.222481274977316], [94.05418527692241, 23.223565073666737], [94.05535796042591, 23.223557205333968], [94.0553622196728, 23.224099104416926], [94.05653490739391, 23.22409122713486], [94.05653917149981, 23.224633125974865], [94.05712551753317, 23.224629183952068], [94.05713405086111, 23.225712981312796], [94.05947945263289, 23.22569719053813], [94.05949228197619, 23.227322885061618], [94.05714685181663, 23.227338677068282]]]}, "properties": {"id": 292, "label": "temporary radar change (return toward T1)", "class_id": 2, "direction": "increase", "area_ha": 18.009217944688864, "pixel_count": 50, "mean_change_db": 4.075539588928223, "max_change_db": 5.400506496429443, "mean_signed_db": 4.075539588928223, "first_observed": "2024-11-20T11:46:56.693237Z", "observation_interval": ["2024-04-18T11:46:55.497558Z", "2024-11-20T11:46:56.693237Z"], "persists_into_T3": false, "mean_power_by_date": [0.10616177320480347, 0.2730032801628113, 0.12968817353248596], "interpretation": "Unvalidated radar-change candidate; terrain, registration and moisture may explain the signal.", "mean_slope_deg": 0.43, "max_slope_deg": 0.67, "mean_elevation_m": 119.8, "terrain_risk_pct": 0.0, "terrain_tier": "Low Risk (Flat Lowland)", "priority_score": 17.3, "temporal_class": "seasonal_transient", "t4_status": "pending", "t4_mean_power": null, "t4_mean_signed_db": null, "t4_observation": null}}, {"type": "Feature", "geometry": {"type": "Polygon", "coordinates": [[[94.4324683065314, 23.06667951556133], [94.43246256936611, 23.066137683477688], [94.4312914226224, 23.06614829620239], [94.43128569031697, 23.065606463802816], [94.43011454756694, 23.065617067576415], [94.43010882012112, 23.065075234861133], [94.42893768136524, 23.06508582968407], [94.42893195877875, 23.064543996653327], [94.42834639148452, 23.064549290673828], [94.42832351223949, 23.062381957612487], [94.43125130012164, 23.062355468597293], [94.43126849443993, 23.0639809663732], [94.43419631313593, 23.063954421074104], [94.43422503237666, 23.066663579794184], [94.4324683065314, 23.06667951556133]]]}, "properties": {"id": 358, "label": "temporary radar change (return toward T1)", "class_id": 2, "direction": "increase", "area_ha": 17.644743958077324, "pixel_count": 49, "mean_change_db": 4.047954559326172, "max_change_db": 5.219870567321777, "mean_signed_db": 4.047954559326172, "first_observed": "2024-11-20T11:46:56.693237Z", "observation_interval": ["2024-04-18T11:46:55.497558Z", "2024-11-20T11:46:56.693237Z"], "persists_into_T3": false, "mean_power_by_date": [0.06973494589328766, 0.17674212157726288, 0.08843708038330078], "interpretation": "Unvalidated radar-change candidate; terrain, registration and moisture may explain the signal.", "mean_slope_deg": 0.62, "max_slope_deg": 4.7, "mean_elevation_m": 100.8, "terrain_risk_pct": 0.0, "terrain_tier": "Low Risk (Flat Lowland)", "priority_score": 17.0, "temporal_class": "seasonal_transient", "t4_status": "pending", "t4_mean_power": null, "t4_mean_signed_db": null, "t4_observation": null}}, {"type": "Feature", "geometry": {"type": "Polygon", "coordinates": [[[94.06176809113447, 22.769366683389187], [94.0617555165883, 22.767740896136473], [94.06233989185574, 22.767737008180653], [94.0623189253016, 22.765027362522922], [94.06290328891335, 22.76502347294247], [94.06289909367993, 22.764481543801175], [94.06348345485861, 22.764477652185402], [94.06347925744755, 22.76393572310942], [94.0652323333009, 22.763924035742424], [94.06523653762794, 22.764465964509633], [94.06640525883452, 22.76445816203543], [94.0664178864161, 22.76608394749366], [94.06583351896046, 22.766087850109074], [94.06583772610492, 22.766629778623233], [94.06525335621563, 22.76663367920345], [94.06525756118245, 22.767175607783145], [94.06467318885954, 22.767179506328052], [94.06467739164859, 22.767721434973218], [94.06409301689203, 22.7677253314827], [94.0641014182421, 22.76880918886638], [94.06351703874603, 22.76881308344319], [94.06352123730684, 22.76935501218165], [94.06176809113447, 22.769366683389187]]]}, "properties": {"id": 61, "label": "persistent radar change", "class_id": 1, "direction": "increase", "area_ha": 17.648915414340212, "pixel_count": 49, "mean_change_db": 4.008098602294922, "max_change_db": 4.70914888381958, "mean_signed_db": 4.008098602294922, "first_observed": "2024-11-20T11:46:56.693237Z", "observation_interval": ["2024-04-18T11:46:55.497558Z", "2024-11-20T11:46:56.693237Z"], "persists_into_T3": true, "mean_power_by_date": [0.06373116374015808, 0.15982916951179504, 0.14304527640342712], "interpretation": "Unvalidated radar-change candidate; terrain, registration and moisture may explain the signal.", "mean_slope_deg": 0.31, "max_slope_deg": 0.56, "mean_elevation_m": 149.8, "terrain_risk_pct": 0.0, "terrain_tier": "Low Risk (Flat Lowland)", "priority_score": 16.84, "temporal_class": "persistent", "t4_status": "pending", "t4_mean_power": null, "t4_mean_signed_db": null, "t4_observation": null}}, {"type": "Feature", "geometry": {"type": "Polygon", "coordinates": [[[93.54668825289393, 23.159486039326787], [93.5466860533283, 23.158944068203827], [93.54551378696837, 23.15894813146226], [93.54550720281661, 23.15732221755084], [93.54667945502943, 23.157318154610174], [93.54667725572914, 23.156776183337364], [93.54609113201357, 23.156778215844792], [93.54608454158341, 23.155152301642623], [93.55018735668807, 23.155138029424847], [93.5501895699343, 23.15568000049093], [93.55136180693658, 23.155675902988257], [93.55136846122163, 23.15730181564124], [93.54961008439938, 23.15730795910575], [93.54961671806598, 23.15893387190202], [93.54903058525154, 23.158935915523028], [93.54903279424913, 23.159477886433457], [93.54668825289393, 23.159486039326787]]]}, "properties": {"id": 310, "label": "temporary radar change (return toward T1)", "class_id": 2, "direction": "increase", "area_ha": 20.895087625690433, "pixel_count": 58, "mean_change_db": 3.366892099380493, "max_change_db": 3.7283196449279785, "mean_signed_db": 3.366892099380493, "first_observed": "2024-11-20T11:46:56.693237Z", "observation_interval": ["2024-04-18T11:46:55.497558Z", "2024-11-20T11:46:56.693237Z"], "persists_into_T3": false, "mean_power_by_date": [0.10952719300985336, 0.23775216937065125, 0.11690540611743927], "interpretation": "Unvalidated radar-change candidate; terrain, registration and moisture may explain the signal.", "mean_slope_deg": 23.5, "max_slope_deg": 34.63, "mean_elevation_m": 1232.7, "terrain_risk_pct": 43.1, "terrain_tier": "High Risk (Steep / Layover)", "priority_score": 8.76, "temporal_class": "seasonal_transient", "t4_status": "pending", "t4_mean_power": null, "t4_mean_signed_db": null, "t4_observation": null}}, {"type": "Feature", "geometry": {"type": "Polygon", "coordinates": [[[94.38840227112082, 23.280033401340965], [94.38837979935587, 23.277866090210665], [94.38662028045687, 23.277881649368016], [94.3866034497472, 23.276256164402543], [94.3889494461545, 23.276235416093645], [94.38893258851219, 23.274609932395954], [94.39127855376466, 23.274589150655427], [94.39130106889417, 23.27675646001693], [94.39188756926804, 23.276751258565575], [94.39191009659096, 23.278918566768095], [94.39015056650692, 23.27893416616975], [94.39016181695595, 23.280017820848737], [94.38840227112082, 23.280033401340965]]]}, "properties": {"id": 271, "label": "temporary radar change (return toward T1)", "class_id": 2, "direction": "increase", "area_ha": 20.166068509227316, "pixel_count": 56, "mean_change_db": 3.4834084510803223, "max_change_db": 3.950529098510742, "mean_signed_db": 3.4834084510803223, "first_observed": "2024-11-20T11:46:56.693237Z", "observation_interval": ["2024-04-18T11:46:55.497558Z", "2024-11-20T11:46:56.693237Z"], "persists_into_T3": false, "mean_power_by_date": [0.07372253388166428, 0.164333313703537, 0.08404374122619629], "interpretation": "Unvalidated radar-change candidate; terrain, registration and moisture may explain the signal.", "mean_slope_deg": 2.32, "max_slope_deg": 6.5, "mean_elevation_m": 128.5, "terrain_risk_pct": 0.0, "terrain_tier": "Low Risk (Flat Lowland)", "priority_score": 15.64, "temporal_class": "seasonal_transient", "t4_status": "pending", "t4_mean_power": null, "t4_mean_signed_db": null, "t4_observation": null}}, {"type": "Feature", "geometry": {"type": "Polygon", "coordinates": [[[94.39170116334336, 23.315226098154398], [94.39169552228032, 23.31468427362013], [94.39110885558675, 23.314689482331065], [94.39110321706923, 23.314147657623025], [94.3905165525823, 23.31415286400431], [94.3905052808074, 23.313069214202077], [94.38991862090298, 23.3130744181189], [94.3898904563077, 23.310365292261025], [94.39047710433368, 23.3103600890188], [94.39047146954692, 23.309818263865978], [94.3922314054822, 23.309802641379147], [94.39223704739535, 23.310344466126875], [94.39282369474358, 23.31033925410782], [94.39282933920181, 23.31088107868168], [94.39341598875595, 23.310875864333212], [94.39346116953509, 23.315210458448156], [94.39170116334336, 23.315226098154398]]]}, "properties": {"id": 247, "label": "temporary radar change (return toward T1)", "class_id": 2, "direction": "increase", "area_ha": 17.645289062735763, "pixel_count": 49, "mean_change_db": 3.868931770324707, "max_change_db": 4.924505233764648, "mean_signed_db": 3.868931770324707, "first_observed": "2024-11-20T11:46:56.693237Z", "observation_interval": ["2024-04-18T11:46:55.497558Z", "2024-11-20T11:46:56.693237Z"], "persists_into_T3": false, "mean_power_by_date": [0.07194358855485916, 0.17573782801628113, 0.0818186029791832], "interpretation": "Unvalidated radar-change candidate; terrain, registration and moisture may explain the signal.", "mean_slope_deg": 2.01, "max_slope_deg": 7.31, "mean_elevation_m": 112.5, "terrain_risk_pct": 0.0, "terrain_tier": "Low Risk (Flat Lowland)", "priority_score": 16.25, "temporal_class": "seasonal_transient", "t4_status": "pending", "t4_mean_power": null, "t4_mean_signed_db": null, "t4_observation": null}}, {"type": "Feature", "geometry": {"type": "Polygon", "coordinates": [[[94.41903309411454, 23.347493143447416], [94.41902157282087, 23.346409511542994], [94.41843477369378, 23.34641482932947], [94.41841174270195, 23.3442475645039], [94.41782495292199, 23.344252879541816], [94.41780768863265, 23.342627430102077], [94.4213283818823, 23.342595509389895], [94.42135145839518, 23.34476277192468], [94.42076466710046, 23.3447680980889], [94.4207704342818, 23.34530991376348], [94.42135722795649, 23.34530458746132], [94.42136299769105, 23.34584640295914], [94.42194979357251, 23.34584107432119], [94.42196711095616, 23.34746652016765], [94.41903309411454, 23.347493143447416]]]}, "properties": {"id": 211, "label": "temporary radar change (return toward T1)", "class_id": 2, "direction": "increase", "area_ha": 17.284829969855213, "pixel_count": 48, "mean_change_db": 3.9243900775909424, "max_change_db": 5.113678455352783, "mean_signed_db": 3.9243900775909424, "first_observed": "2024-11-20T11:46:56.693237Z", "observation_interval": ["2024-04-18T11:46:55.497558Z", "2024-11-20T11:46:56.693237Z"], "persists_into_T3": false, "mean_power_by_date": [0.0651632696390152, 0.16066177189350128, 0.08022444695234299], "interpretation": "Unvalidated radar-change candidate; terrain, registration and moisture may explain the signal.", "mean_slope_deg": 3.91, "max_slope_deg": 9.03, "mean_elevation_m": 141.4, "terrain_risk_pct": 0.0, "terrain_tier": "Low Risk (Flat Lowland)", "priority_score": 16.32, "temporal_class": "seasonal_transient", "t4_status": "pending", "t4_mean_power": null, "t4_mean_signed_db": null, "t4_observation": null}}, {"type": "Feature", "geometry": {"type": "Polygon", "coordinates": [[[94.41012799345157, 23.337819953778286], [94.410122271516, 23.337278135087214], [94.40953551025598, 23.337283417578252], [94.40952979087119, 23.336741598711548], [94.40718275362988, 23.336762706159078], [94.4071656250518, 23.335137247685747], [94.4077523774831, 23.33513197452911], [94.40774666592135, 23.334590155097043], [94.40892016551192, 23.334579602466903], [94.40890873338881, 23.33349596403322], [94.4112557114808, 23.33347483350761], [94.41126143697056, 23.334016652196357], [94.41184818344234, 23.334011363936508], [94.41188828333738, 23.337804092712457], [94.41012799345157, 23.337819953778286]]]}, "properties": {"id": 222, "label": "temporary radar change (return toward T1)", "class_id": 2, "direction": "increase", "area_ha": 16.92485396203969, "pixel_count": 47, "mean_change_db": 3.95035982131958, "max_change_db": 5.143820762634277, "mean_signed_db": 3.95035982131958, "first_observed": "2024-11-20T11:46:56.693237Z", "observation_interval": ["2024-04-18T11:46:55.497558Z", "2024-11-20T11:46:56.693237Z"], "persists_into_T3": false, "mean_power_by_date": [0.06874369829893112, 0.1696789562702179, 0.08247457444667816], "interpretation": "Unvalidated radar-change candidate; terrain, registration and moisture may explain the signal.", "mean_slope_deg": 0.96, "max_slope_deg": 2.7, "mean_elevation_m": 129.3, "terrain_risk_pct": 0.0, "terrain_tier": "Low Risk (Flat Lowland)", "priority_score": 16.25, "temporal_class": "seasonal_transient", "t4_status": "pending", "t4_mean_power": null, "t4_mean_signed_db": null, "t4_observation": null}}, {"type": "Feature", "geometry": {"type": "Polygon", "coordinates": [[[94.41683057868248, 23.416330106872977], [94.41681903729773, 23.41524648346338], [94.41623193444983, 23.415251807723536], [94.41622616640616, 23.414709995822804], [94.41563906577456, 23.414715317740296], [94.41561600488531, 23.41254806919828], [94.41737727759292, 23.4125320984814], [94.41737150563618, 23.41199028666136], [94.41971985726782, 23.41196896205525], [94.41975454894072, 23.415219829085483], [94.41916744695854, 23.41522516437134], [94.4191732271215, 23.415766975544713], [94.4185861225768, 23.415772308763238], [94.41859190052371, 23.416314120035516], [94.41683057868248, 23.416330106872977]]]}, "properties": {"id": 144, "label": "temporary radar change (return toward T1)", "class_id": 2, "direction": "increase", "area_ha": 16.204562586865272, "pixel_count": 45, "mean_change_db": 4.067286968231201, "max_change_db": 5.023367404937744, "mean_signed_db": 4.067286968231201, "first_observed": "2024-11-20T11:46:56.693237Z", "observation_interval": ["2024-04-18T11:46:55.497558Z", "2024-11-20T11:46:56.693237Z"], "persists_into_T3": false, "mean_power_by_date": [0.06483934819698334, 0.16441050171852112, 0.07173950225114822], "interpretation": "Unvalidated radar-change candidate; terrain, registration and moisture may explain the signal.", "mean_slope_deg": 1.07, "max_slope_deg": 3.5, "mean_elevation_m": 133.4, "terrain_risk_pct": 0.0, "terrain_tier": "Low Risk (Flat Lowland)", "priority_score": 16.37, "temporal_class": "seasonal_transient", "t4_status": "pending", "t4_mean_power": null, "t4_mean_signed_db": null, "t4_observation": null}}, {"type": "Feature", "geometry": {"type": "Polygon", "coordinates": [[[94.02348503858757, 22.886137651298625], [94.023476911509, 22.885053795799408], [94.02055249276695, 22.885072593845447], [94.02054033788924, 22.88344680883094], [94.02346472181597, 22.88342801226857], [94.02346065883158, 22.88288608434976], [94.02580015447039, 22.88287100878595], [94.02582051704566, 22.8855806460207], [94.02523563171611, 22.88558441863369], [94.02523970228073, 22.886126346067076], [94.02348503858757, 22.886137651298625]]]}, "properties": {"id": 29, "label": "persistent radar change", "class_id": 1, "direction": "increase", "area_ha": 13.687221434267052, "pixel_count": 38, "mean_change_db": 4.797943592071533, "max_change_db": 5.560850143432617, "mean_signed_db": 4.797943592071533, "first_observed": "2024-11-20T11:46:56.693237Z", "observation_interval": ["2024-04-18T11:46:55.497558Z", "2024-11-20T11:46:56.693237Z"], "persists_into_T3": true, "mean_power_by_date": [0.059601012617349625, 0.17961345613002777, 0.14703625440597534], "interpretation": "Unvalidated radar-change candidate; terrain, registration and moisture may explain the signal.", "mean_slope_deg": 0.42, "max_slope_deg": 0.57, "mean_elevation_m": 150.6, "terrain_risk_pct": 0.0, "terrain_tier": "Low Risk (Flat Lowland)", "priority_score": 17.75, "temporal_class": "persistent", "t4_status": "pending", "t4_mean_power": null, "t4_mean_signed_db": null, "t4_observation": null}}, {"type": "Feature", "geometry": {"type": "Polygon", "coordinates": [[[94.39693022142798, 23.31030270853687], [94.39689059858296, 23.306509942068683], [94.40099700054621, 23.306473295635293], [94.40103106223195, 23.309724232736265], [94.39985777687802, 23.30973471574561], [94.39986344967194, 23.31027653873201], [94.39693022142798, 23.31030270853687]]]}, "properties": {"id": 251, "label": "temporary radar change (return toward T1)", "class_id": 2, "direction": "increase", "area_ha": 16.92498271802133, "pixel_count": 47, "mean_change_db": 3.8601067066192627, "max_change_db": 4.946114540100098, "mean_signed_db": 3.8601067066192627, "first_observed": "2024-11-20T11:46:56.693237Z", "observation_interval": ["2024-04-18T11:46:55.497558Z", "2024-11-20T11:46:56.693237Z"], "persists_into_T3": false, "mean_power_by_date": [0.07028498500585556, 0.171202152967453, 0.08582774549722672], "interpretation": "Unvalidated radar-change candidate; terrain, registration and moisture may explain the signal.", "mean_slope_deg": 2.56, "max_slope_deg": 5.38, "mean_elevation_m": 116.8, "terrain_risk_pct": 0.0, "terrain_tier": "Low Risk (Flat Lowland)", "priority_score": 15.88, "temporal_class": "seasonal_transient", "t4_status": "pending", "t4_mean_power": null, "t4_mean_signed_db": null, "t4_observation": null}}, {"type": "Feature", "geometry": {"type": "Polygon", "coordinates": [[[94.19412958575491, 23.723815603142228], [94.19411477959292, 23.722190087563124], [94.1947033005942, 23.72218554274298], [94.19468848846283, 23.720560027162485], [94.1940999747539, 23.72056457163382], [94.19408023702636, 23.71839721651669], [94.19466874101315, 23.71839267251041], [94.19466380451836, 23.717850833750123], [94.19701780927296, 23.71783263581239], [94.19702275548913, 23.71837447410706], [94.19761125873995, 23.71836991891166], [94.19762610556393, 23.719995433212524], [94.19703759502167, 23.719999988757575], [94.19704748878009, 23.721083664996694], [94.19645897322913, 23.721088218536746], [94.19647380767937, 23.72271373295305], [94.19588528468859, 23.722718284604323], [94.19589517019645, 23.723801960920163], [94.19412958575491, 23.723815603142228]]]}, "properties": {"id": 91, "label": "temporary radar change (return toward T1)", "class_id": 2, "direction": "increase", "area_ha": 16.92732922136914, "pixel_count": 47, "mean_change_db": 3.833935260772705, "max_change_db": 5.0527777671813965, "mean_signed_db": 3.833935260772705, "first_observed": "2024-11-20T11:46:56.693237Z", "observation_interval": ["2024-04-18T11:46:55.497558Z", "2024-11-20T11:46:56.693237Z"], "persists_into_T3": false, "mean_power_by_date": [0.11557422578334808, 0.28113463521003723, 0.1210378110408783], "interpretation": "Unvalidated radar-change candidate; terrain, registration and moisture may explain the signal.", "mean_slope_deg": 1.0, "max_slope_deg": 3.21, "mean_elevation_m": 168.9, "terrain_risk_pct": 0.0, "terrain_tier": "Low Risk (Flat Lowland)", "priority_score": 15.77, "temporal_class": "seasonal_transient", "t4_status": "pending", "t4_mean_power": null, "t4_mean_signed_db": null, "t4_observation": null}}, {"type": "Feature", "geometry": {"type": "Polygon", "coordinates": [[[93.99937982710267, 23.344231554892605], [93.99937577042978, 23.34368965456147], [93.99702825648221, 23.343704619836046], [93.99700802256683, 23.340995115669795], [93.99818175597314, 23.340987638398836], [93.99816960279753, 23.339361936022456], [93.99993018056709, 23.33935070449961], [93.99993423864612, 23.339892605038884], [94.00052110003968, 23.339888856704004], [94.00053734309829, 23.342056458091193], [94.00112421389348, 23.342052707169163], [94.00114046842828, 23.34422030755721], [93.99937982710267, 23.344231554892605]]]}, "properties": {"id": 217, "label": "temporary radar change (return toward T1)", "class_id": 2, "direction": "increase", "area_ha": 16.92917898761134, "pixel_count": 47, "mean_change_db": 3.8199265003204346, "max_change_db": 4.714137077331543, "mean_signed_db": 3.8199265003204346, "first_observed": "2024-11-20T11:46:56.693237Z", "observation_interval": ["2024-04-18T11:46:55.497558Z", "2024-11-20T11:46:56.693237Z"], "persists_into_T3": false, "mean_power_by_date": [0.08292055130004883, 0.19962306320667267, 0.09984087198972702], "interpretation": "Unvalidated radar-change candidate; terrain, registration and moisture may explain the signal.", "mean_slope_deg": 0.79, "max_slope_deg": 1.89, "mean_elevation_m": 151.1, "terrain_risk_pct": 0.0, "terrain_tier": "Low Risk (Flat Lowland)", "priority_score": 15.72, "temporal_class": "seasonal_transient", "t4_status": "pending", "t4_mean_power": null, "t4_mean_signed_db": null, "t4_observation": null}}, {"type": "Feature", "geometry": {"type": "Polygon", "coordinates": [[[94.09054048424426, 22.7865151900159], [94.09051894142853, 22.783805575909906], [94.089350064768, 22.783813561290877], [94.08933715449726, 22.782187791744075], [94.08992158596996, 22.78218380043974], [94.08991728050066, 22.781641877287736], [94.09050170953485, 22.78163788394898], [94.09049740188904, 22.781095960864842], [94.0922506812827, 22.781083968326474], [94.09225931055035, 22.782167813823897], [94.09284374136749, 22.78216381182032], [94.0928782821512, 22.786499191462116], [94.09054048424426, 22.7865151900159]]]}, "properties": {"id": 55, "label": "persistent radar change", "class_id": 1, "direction": "increase", "area_ha": 16.207941140149977, "pixel_count": 45, "mean_change_db": 3.9610283374786377, "max_change_db": 4.849280834197998, "mean_signed_db": 3.9610283374786377, "first_observed": "2024-11-20T11:46:56.693237Z", "observation_interval": ["2024-04-18T11:46:55.497558Z", "2024-11-20T11:46:56.693237Z"], "persists_into_T3": true, "mean_power_by_date": [0.06455985456705093, 0.16076640784740448, 0.15418711304664612], "interpretation": "Unvalidated radar-change candidate; terrain, registration and moisture may explain the signal.", "mean_slope_deg": 0.12, "max_slope_deg": 0.21, "mean_elevation_m": 141.2, "terrain_risk_pct": 0.0, "terrain_tier": "Low Risk (Flat Lowland)", "priority_score": 15.95, "temporal_class": "persistent", "t4_status": "pending", "t4_mean_power": null, "t4_mean_signed_db": null, "t4_observation": null}}, {"type": "Feature", "geometry": {"type": "Polygon", "coordinates": [[[94.12339378299089, 22.801461747799944], [94.12336713388167, 22.79821025304866], [94.12512061252133, 22.798197890606662], [94.12511616454726, 22.797655975009285], [94.12686963504112, 22.797643593621146], [94.12687408994368, 22.7981855088918], [94.12804307421472, 22.798177243708114], [94.12804753387186, 22.798719158723042], [94.12863202811357, 22.798715022809937], [94.12864541482782, 22.800340767301503], [94.128060913657, 22.800344903542015], [94.12806537385661, 22.800886818406397], [94.12748087024033, 22.80089095261434], [94.12748532826566, 22.801432867550172], [94.12339378299089, 22.801461747799944]]]}, "properties": {"id": 443, "label": "temporary radar change (return toward T1)", "class_id": 2, "direction": "increase", "area_ha": 19.088971391743026, "pixel_count": 53, "mean_change_db": 3.344747543334961, "max_change_db": 4.0511016845703125, "mean_signed_db": 3.344747543334961, "first_observed": "2024-11-20T11:46:56.693237Z", "observation_interval": ["2024-04-18T11:46:55.497558Z", "2024-11-20T11:46:56.693237Z"], "persists_into_T3": false, "mean_power_by_date": [0.10270366072654724, 0.22224996984004974, 0.1207035705447197], "interpretation": "Unvalidated radar-change candidate; terrain, registration and moisture may explain the signal.", "mean_slope_deg": 0.78, "max_slope_deg": 1.71, "mean_elevation_m": 155.4, "terrain_risk_pct": 0.0, "terrain_tier": "Low Risk (Flat Lowland)", "priority_score": 14.61, "temporal_class": "seasonal_transient", "t4_status": "pending", "t4_mean_power": null, "t4_mean_signed_db": null, "t4_observation": null}}, {"type": "Feature", "geometry": {"type": "Polygon", "coordinates": [[[94.02210633830335, 23.322949803979135], [94.02209390462738, 23.32132410988804], [94.02385423167584, 23.321312617797716], [94.02384177771744, 23.319686924256978], [94.02618885016454, 23.31967157191359], [94.02617220858698, 23.317503981583783], [94.02851924098796, 23.317488595695647], [94.02855260223961, 23.32182377255334], [94.02679227105446, 23.321835317657726], [94.02678394425901, 23.320751523073707], [94.02619717170344, 23.32075536684954], [94.02620133266043, 23.32129726426028], [94.02385423167584, 23.321312617797716], [94.02386668675692, 23.322938310995053], [94.02210633830335, 23.322949803979135]]]}, "properties": {"id": 239, "label": "temporary radar change (return toward T1)", "class_id": 2, "direction": "increase", "area_ha": 18.36970160736621, "pixel_count": 51, "mean_change_db": 3.461195468902588, "max_change_db": 4.439791679382324, "mean_signed_db": 3.461195468902588, "first_observed": "2024-11-20T11:46:56.693237Z", "observation_interval": ["2024-04-18T11:46:55.497558Z", "2024-11-20T11:46:56.693237Z"], "persists_into_T3": false, "mean_power_by_date": [0.10915257036685944, 0.24251499772071838, 0.12922759354114532], "interpretation": "Unvalidated radar-change candidate; terrain, registration and moisture may explain the signal.", "mean_slope_deg": 0.34, "max_slope_deg": 0.49, "mean_elevation_m": 127.9, "terrain_risk_pct": 0.0, "terrain_tier": "Low Risk (Flat Lowland)", "priority_score": 14.83, "temporal_class": "seasonal_transient", "t4_status": "pending", "t4_mean_power": null, "t4_mean_signed_db": null, "t4_observation": null}}, {"type": "Feature", "geometry": {"type": "Polygon", "coordinates": [[[94.35611466900427, 23.393026588131644], [94.35609811737724, 23.391401106226827], [94.35551110455125, 23.391406197417382], [94.35550007573323, 23.39032254235703], [94.35491306751437, 23.390327631081536], [94.35489653268621, 23.388702147805486], [94.3554835337468, 23.388697059475778], [94.35547802008215, 23.38815523177118], [94.3560650185914, 23.388150141370556], [94.35605398698661, 23.387066486108377], [94.35781496720622, 23.387051202482095], [94.35784810695384, 23.39030216543168], [94.35843511434491, 23.390297065693527], [94.35845722036929, 23.392464373023714], [94.35787020343291, 23.392469473289413], [94.35787572796694, 23.393011300156928], [94.35611466900427, 23.393026588131644]]]}, "properties": {"id": 168, "label": "temporary radar change (return toward T1)", "class_id": 2, "direction": "increase", "area_ha": 16.56538517471105, "pixel_count": 46, "mean_change_db": 3.8099348545074463, "max_change_db": 4.530844211578369, "mean_signed_db": 3.8099348545074463, "first_observed": "2024-11-20T11:46:56.693237Z", "observation_interval": ["2024-04-18T11:46:55.497558Z", "2024-11-20T11:46:56.693237Z"], "persists_into_T3": false, "mean_power_by_date": [0.07886722683906555, 0.18967342376708984, 0.09124638885259628], "interpretation": "Unvalidated radar-change candidate; terrain, registration and moisture may explain the signal.", "mean_slope_deg": 2.88, "max_slope_deg": 14.08, "mean_elevation_m": 115.1, "terrain_risk_pct": 0.0, "terrain_tier": "Low Risk (Flat Lowland)", "priority_score": 15.51, "temporal_class": "seasonal_transient", "t4_status": "pending", "t4_mean_power": null, "t4_mean_signed_db": null, "t4_observation": null}}, {"type": "Feature", "geometry": {"type": "Polygon", "coordinates": [[[94.05440200955472, 22.72334896860478], [94.05438539747738, 22.72118123454309], [94.05613793335506, 22.721169667572056], [94.05613377375276, 22.7206277342691], [94.05671794982557, 22.72062387444705], [94.0567137880503, 22.720081941208775], [94.06080300090825, 22.720054863432352], [94.06081553490884, 22.721680660885458], [94.06023135512551, 22.72168453584717], [94.0602397071625, 22.72276840083375], [94.05615041292229, 22.722795467256336], [94.05615457303149, 22.72333740040956], [94.05440200955472, 22.72334896860478]]]}, "properties": {"id": 492, "label": "temporary radar change (return toward T1)", "class_id": 2, "direction": "increase", "area_ha": 17.648973369795804, "pixel_count": 49, "mean_change_db": 3.565359354019165, "max_change_db": 4.27562141418457, "mean_signed_db": 3.565359354019165, "first_observed": "2024-11-20T11:46:56.693237Z", "observation_interval": ["2024-04-18T11:46:55.497558Z", "2024-11-20T11:46:56.693237Z"], "persists_into_T3": false, "mean_power_by_date": [0.0639418363571167, 0.14508621394634247, 0.08219531178474426], "interpretation": "Unvalidated radar-change candidate; terrain, registration and moisture may explain the signal.", "mean_slope_deg": 0.58, "max_slope_deg": 1.02, "mean_elevation_m": 158.3, "terrain_risk_pct": 0.0, "terrain_tier": "Low Risk (Flat Lowland)", "priority_score": 14.98, "temporal_class": "seasonal_transient", "t4_status": "pending", "t4_mean_power": null, "t4_mean_signed_db": null, "t4_observation": null}}, {"type": "Feature", "geometry": {"type": "Polygon", "coordinates": [[[94.0847302709588, 22.79089042561028], [94.08471312459262, 22.78872273139507], [94.08529758480678, 22.78871875595045], [94.08528043129334, 22.786551061554004], [94.0876182339122, 22.786535140051303], [94.08761393662746, 22.78599321677859], [94.08936728029508, 22.785981253494093], [94.08938449791685, 22.788148945096292], [94.08821558380356, 22.788156923601953], [94.08821988391955, 22.788698846619198], [94.0876354243583, 22.788702832766525], [94.08765261689591, 22.79087052488072], [94.0847302709588, 22.79089042561028]]]}, "properties": {"id": 52, "label": "persistent radar change", "class_id": 1, "direction": "increase", "area_ha": 17.64869051948383, "pixel_count": 49, "mean_change_db": 3.561933755874634, "max_change_db": 4.060667037963867, "mean_signed_db": 3.561933755874634, "first_observed": "2024-11-20T11:46:56.693237Z", "observation_interval": ["2024-04-18T11:46:55.497558Z", "2024-11-20T11:46:56.693237Z"], "persists_into_T3": true, "mean_power_by_date": [0.0680164098739624, 0.15443094074726105, 0.14662200212478638], "interpretation": "Unvalidated radar-change candidate; terrain, registration and moisture may explain the signal.", "mean_slope_deg": 0.26, "max_slope_deg": 0.72, "mean_elevation_m": 140.4, "terrain_risk_pct": 0.0, "terrain_tier": "Low Risk (Flat Lowland)", "priority_score": 14.96, "temporal_class": "persistent", "t4_status": "pending", "t4_mean_power": null, "t4_mean_signed_db": null, "t4_observation": null}}, {"type": "Feature", "geometry": {"type": "Polygon", "coordinates": [[[94.05308490487448, 23.381813875011677], [94.0530806225238, 23.381271986423677], [94.0519065548474, 23.381279887943304], [94.05190227739726, 23.380737999112604], [94.05131524575253, 23.380741946466262], [94.05129814677888, 23.37857439035228], [94.05364623441382, 23.378558589357265], [94.05365051850777, 23.379100478034324], [94.056585637087, 23.379080676724335], [94.05660282246666, 23.381248229000484], [94.05601578946477, 23.381252194077707], [94.0560200837459, 23.38179408215364], [94.05308490487448, 23.381813875011677]]]}, "properties": {"id": 183, "label": "temporary radar change (return toward T1)", "class_id": 2, "direction": "increase", "area_ha": 15.848135148535832, "pixel_count": 44, "mean_change_db": 3.9647743701934814, "max_change_db": 4.97720193862915, "mean_signed_db": 3.9647743701934814, "first_observed": "2024-11-20T11:46:56.693237Z", "observation_interval": ["2024-04-18T11:46:55.497558Z", "2024-11-20T11:46:56.693237Z"], "persists_into_T3": false, "mean_power_by_date": [0.08516097068786621, 0.21246467530727386, 0.09519798308610916], "interpretation": "Unvalidated radar-change candidate; terrain, registration and moisture may explain the signal.", "mean_slope_deg": 0.4, "max_slope_deg": 0.68, "mean_elevation_m": 129.7, "terrain_risk_pct": 0.0, "terrain_tier": "Low Risk (Flat Lowland)", "priority_score": 15.78, "temporal_class": "seasonal_transient", "t4_status": "pending", "t4_mean_power": null, "t4_mean_signed_db": null, "t4_observation": null}}, {"type": "Feature", "geometry": {"type": "Polygon", "coordinates": [[[94.08681109535063, 23.414097861838407], [94.0868066690371, 23.41355598147284], [94.08563232966482, 23.413564146750517], [94.08562348699655, 23.41248038548227], [94.08503632189182, 23.412484464601263], [94.08502306605368, 23.410858822094944], [94.08737169699718, 23.41084249364979], [94.08737612503701, 23.411384374101555], [94.09031192267771, 23.411363913387994], [94.09031636280014, 23.41190579327257], [94.09090352431909, 23.411901694406666], [94.09092129570085, 23.4140692131376], [94.08915978206298, 23.41408150438847], [94.0891509104469, 23.412997744464437], [94.08856374374858, 23.413001836924455], [94.08857261058422, 23.414085597060016], [94.08681109535063, 23.414097861838407]]]}, "properties": {"id": 147, "label": "temporary radar change (return toward T1)", "class_id": 2, "direction": "increase", "area_ha": 16.568195807769452, "pixel_count": 46, "mean_change_db": 3.754767417907715, "max_change_db": 4.952606201171875, "mean_signed_db": 3.754767417907715, "first_observed": "2024-11-20T11:46:56.693237Z", "observation_interval": ["2024-04-18T11:46:55.497558Z", "2024-11-20T11:46:56.693237Z"], "persists_into_T3": false, "mean_power_by_date": [0.08568812161684036, 0.20328554511070251, 0.09866075962781906], "interpretation": "Unvalidated radar-change candidate; terrain, registration and moisture may explain the signal.", "mean_slope_deg": 0.31, "max_slope_deg": 0.73, "mean_elevation_m": 127.0, "terrain_risk_pct": 0.0, "terrain_tier": "Low Risk (Flat Lowland)", "priority_score": 15.28, "temporal_class": "seasonal_transient", "t4_status": "pending", "t4_mean_power": null, "t4_mean_signed_db": null, "t4_observation": null}}, {"type": "Feature", "geometry": {"type": "Polygon", "coordinates": [[[94.42552107297512, 23.405413774521843], [94.42550366408385, 23.403788343225543], [94.4260907139978, 23.403782986591334], [94.42605588658864, 23.400532123778998], [94.42840402720363, 23.400510678529578], [94.42843309735807, 23.403219728198422], [94.42902014401324, 23.403214360683453], [94.42904341282635, 23.405381599163114], [94.42552107297512, 23.405413774521843]]]}, "properties": {"id": 155, "label": "temporary radar change (return toward T1)", "class_id": 2, "direction": "increase", "area_ha": 15.484249677971844, "pixel_count": 43, "mean_change_db": 4.00534200668335, "max_change_db": 4.987082481384277, "mean_signed_db": 4.00534200668335, "first_observed": "2024-11-20T11:46:56.693237Z", "observation_interval": ["2024-04-18T11:46:55.497558Z", "2024-11-20T11:46:56.693237Z"], "persists_into_T3": false, "mean_power_by_date": [0.06388252973556519, 0.16012467443943024, 0.07642284035682678], "interpretation": "Unvalidated radar-change candidate; terrain, registration and moisture may explain the signal.", "mean_slope_deg": 1.57, "max_slope_deg": 5.02, "mean_elevation_m": 143.6, "terrain_risk_pct": 0.0, "terrain_tier": "Low Risk (Flat Lowland)", "priority_score": 15.76, "temporal_class": "seasonal_transient", "t4_status": "pending", "t4_mean_power": null, "t4_mean_signed_db": null, "t4_observation": null}}, {"type": "Feature", "geometry": {"type": "Polygon", "coordinates": [[[94.10204585212004, 23.05307157612368], [94.10204144104706, 23.052529673646134], [94.10145585158638, 23.052533754492824], [94.10145144298943, 23.0519918518706], [94.10086585573816, 23.051995930442526], [94.10085263777447, 23.05037022202826], [94.10260937804556, 23.050357980769178], [94.10261379092765, 23.050899883291617], [94.10378495512641, 23.050891711399284], [94.10378937282698, 23.05143361367002], [94.1043749570686, 23.051429524365055], [94.10436169734018, 23.049803817759983], [94.10494727442084, 23.04979972660816], [94.10494285243627, 23.04925782443765], [94.10669957584892, 23.049245538297], [94.10672172224524, 23.051955047163162], [94.10613613619594, 23.051959145247086], [94.1061449910064, 23.05304294874244], [94.10204585212004, 23.05307157612368]]]}, "properties": {"id": 366, "label": "temporary radar change (return toward T1)", "class_id": 2, "direction": "increase", "area_ha": 17.288364845252083, "pixel_count": 48, "mean_change_db": 3.5530459880828857, "max_change_db": 4.2642340660095215, "mean_signed_db": 3.5530459880828857, "first_observed": "2024-11-20T11:46:56.693237Z", "observation_interval": ["2024-04-18T11:46:55.497558Z", "2024-11-20T11:46:56.693237Z"], "persists_into_T3": false, "mean_power_by_date": [0.11084077507257462, 0.251751184463501, 0.12637299299240112], "interpretation": "Unvalidated radar-change candidate; terrain, registration and moisture may explain the signal.", "mean_slope_deg": 0.33, "max_slope_deg": 1.42, "mean_elevation_m": 118.4, "terrain_risk_pct": 0.0, "terrain_tier": "Low Risk (Flat Lowland)", "priority_score": 14.77, "temporal_class": "seasonal_transient", "t4_status": "pending", "t4_mean_power": null, "t4_mean_signed_db": null, "t4_observation": null}}, {"type": "Feature", "geometry": {"type": "Polygon", "coordinates": [[[94.43078035425542, 23.073197418806966], [94.43077462204222, 23.072655586769045], [94.42901781573423, 23.07267148807431], [94.42900064123012, 23.071045990482762], [94.42958623647368, 23.071040692632273], [94.42956905649466, 23.069415195109816], [94.43074023239964, 23.069404593733246], [94.43071730943441, 23.067237264273032], [94.43305962166865, 23.067216037713823], [94.43307684175535, 23.068841533201965], [94.43249125692614, 23.068846843511082], [94.4325027331637, 23.069930507255034], [94.43133155361036, 23.06994112192194], [94.43134875520362, 23.071566618081622], [94.43251994882033, 23.07155600258232], [94.43253716603739, 23.073181497563187], [94.43078035425542, 23.073197418806966]]]}, "properties": {"id": 355, "label": "temporary radar change (return toward T1)", "class_id": 2, "direction": "increase", "area_ha": 16.204358666920406, "pixel_count": 45, "mean_change_db": 3.7782175540924072, "max_change_db": 4.315121650695801, "mean_signed_db": 3.7782175540924072, "first_observed": "2024-11-20T11:46:56.693237Z", "observation_interval": ["2024-04-18T11:46:55.497558Z", "2024-11-20T11:46:56.693237Z"], "persists_into_T3": false, "mean_power_by_date": [0.06713467836380005, 0.16002307832241058, 0.08805640786886215], "interpretation": "Unvalidated radar-change candidate; terrain, registration and moisture may explain the signal.", "mean_slope_deg": 2.26, "max_slope_deg": 6.73, "mean_elevation_m": 107.0, "terrain_risk_pct": 0.0, "terrain_tier": "Low Risk (Flat Lowland)", "priority_score": 15.21, "temporal_class": "seasonal_transient", "t4_status": "pending", "t4_mean_power": null, "t4_mean_signed_db": null, "t4_observation": null}}, {"type": "Feature", "geometry": {"type": "Polygon", "coordinates": [[[94.04964556306275, 22.94124588174308], [94.04964138442399, 22.940703962268067], [94.049056266975, 22.940707831270483], [94.04905209079112, 22.94016591165617], [94.0484669755438, 22.940169778400545], [94.0484628018147, 22.939627858646993], [94.04787768876906, 22.939631723133434], [94.04786517532482, 22.938005963342093], [94.04845028138632, 22.938002099160084], [94.04844610816319, 22.93746017925571], [94.0502014186048, 22.93744857407713], [94.05020559881164, 22.937990493676736], [94.05079070436676, 22.93798662086984], [94.05079488702825, 22.938528540330033], [94.05255020991659, 22.93851690866661], [94.05255439968896, 22.939058827783636], [94.05372461896907, 22.939051062356093], [94.053741397954, 22.94121873763139], [94.04964556306275, 22.94124588174308]]]}, "properties": {"id": 523, "label": "late radar change (persistence unknown)", "class_id": 3, "direction": "increase", "area_ha": 18.00924184026292, "pixel_count": 50, "mean_change_db": 3.396608829498291, "max_change_db": 4.016014099121094, "mean_signed_db": 3.396608829498291, "first_observed": "2025-01-07T11:46:53.116821Z", "observation_interval": ["2024-11-20T11:46:56.693237Z", "2025-01-07T11:46:53.116821Z"], "persists_into_T3": null, "mean_power_by_date": [0.07715211063623428, 0.08838901668787003, 0.19296160340309143], "interpretation": "Unvalidated radar-change candidate; terrain, registration and moisture may explain the signal.", "mean_slope_deg": 0.22, "max_slope_deg": 0.45, "mean_elevation_m": 126.9, "terrain_risk_pct": 0.0, "terrain_tier": "Low Risk (Flat Lowland)", "priority_score": 14.41, "temporal_class": "late_unclassified", "t4_status": "pending", "t4_mean_power": null, "t4_mean_signed_db": null, "t4_observation": null}}, {"type": "Feature", "geometry": {"type": "Polygon", "coordinates": [[[94.42703580255896, 23.546283154467726], [94.42702410575492, 23.545199553923023], [94.42643643003693, 23.545204944514666], [94.42642473874493, 23.544121343536215], [94.42583706766487, 23.544126731631795], [94.42583122468726, 23.543584930945297], [94.42524355583875, 23.543590316683616], [94.42522603517229, 23.541964913973885], [94.4287520023319, 23.54193256876151], [94.42877542131687, 23.54409976896712], [94.42818775093627, 23.5441051659374], [94.42819360371382, 23.544646966029926], [94.42878127650073, 23.544641568920778], [94.42879884310257, 23.546266968547204], [94.42703580255896, 23.546283154467726]]]}, "properties": {"id": 6, "label": "persistent radar change", "class_id": 1, "direction": "decrease", "area_ha": 12.963573126276303, "pixel_count": 36, "mean_change_db": 4.710549354553223, "max_change_db": 5.957069396972656, "mean_signed_db": -4.710549354553223, "first_observed": "2024-11-20T11:46:56.693237Z", "observation_interval": ["2024-04-18T11:46:55.497558Z", "2024-11-20T11:46:56.693237Z"], "persists_into_T3": true, "mean_power_by_date": [0.05943454056978226, 0.020108941942453384, 0.01825062371790409], "interpretation": "Unvalidated radar-change candidate; terrain, registration and moisture may explain the signal.", "mean_slope_deg": 0.18, "max_slope_deg": 2.25, "mean_elevation_m": 102.5, "terrain_risk_pct": 0.0, "terrain_tier": "Low Risk (Flat Lowland)", "priority_score": 16.96, "temporal_class": "persistent", "t4_status": "pending", "t4_mean_power": null, "t4_mean_signed_db": null, "t4_observation": null}}, {"type": "Feature", "geometry": {"type": "Polygon", "coordinates": [[[94.3977464507912, 23.444137226544512], [94.39772364927391, 23.441969969463443], [94.39478751916322, 23.441996238079145], [94.39477045570993, 23.44037079282536], [94.39535767489492, 23.440365543924834], [94.39534629532636, 23.439281913832197], [94.39769515122009, 23.439260897236753], [94.39770654992927, 23.440344526244136], [94.39829376826108, 23.44033926630432], [94.39829947026452, 23.44088108061386], [94.40006113141254, 23.440865287139584], [94.40008396984908, 23.443032542357663], [94.39949674006598, 23.44303780960089], [94.39950815552463, 23.444121437248423], [94.3977464507912, 23.444137226544512]]]}, "properties": {"id": 129, "label": "temporary radar change (return toward T1)", "class_id": 2, "direction": "increase", "area_ha": 16.56491022810384, "pixel_count": 46, "mean_change_db": 3.6775264739990234, "max_change_db": 4.456262588500977, "mean_signed_db": 3.6775264739990234, "first_observed": "2024-11-20T11:46:56.693237Z", "observation_interval": ["2024-04-18T11:46:55.497558Z", "2024-11-20T11:46:56.693237Z"], "persists_into_T3": false, "mean_power_by_date": [0.07627782970666885, 0.17757435142993927, 0.09814200550317764], "interpretation": "Unvalidated radar-change candidate; terrain, registration and moisture may explain the signal.", "mean_slope_deg": 2.6, "max_slope_deg": 6.03, "mean_elevation_m": 140.1, "terrain_risk_pct": 0.0, "terrain_tier": "Low Risk (Flat Lowland)", "priority_score": 14.97, "temporal_class": "seasonal_transient", "t4_status": "pending", "t4_mean_power": null, "t4_mean_signed_db": null, "t4_observation": null}}, {"type": "Feature", "geometry": {"type": "Polygon", "coordinates": [[[94.35863337773695, 22.827810228291188], [94.35862799899945, 22.827268362815015], [94.35745886903275, 22.827278330075128], [94.35744274767518, 22.825652732630235], [94.35802730580303, 22.825647750466054], [94.35802193003148, 22.825105884706343], [94.36036015165978, 22.825085935139583], [94.36036553668029, 22.825627800373407], [94.3609500939907, 22.825622807491282], [94.36093931948889, 22.82453907724881], [94.3632775285953, 22.824519085338526], [94.36330451232354, 22.827228408024336], [94.36271994873125, 22.827233409876296], [94.36272534365636, 22.82777527443116], [94.35863337773695, 22.827810228291188]]]}, "properties": {"id": 433, "label": "temporary radar change (return toward T1)", "class_id": 2, "direction": "increase", "area_ha": 17.645616940492182, "pixel_count": 49, "mean_change_db": 3.426884889602661, "max_change_db": 3.7329750061035156, "mean_signed_db": 3.426884889602661, "first_observed": "2024-11-20T11:46:56.693237Z", "observation_interval": ["2024-04-18T11:46:55.497558Z", "2024-11-20T11:46:56.693237Z"], "persists_into_T3": false, "mean_power_by_date": [0.09090262651443481, 0.20011863112449646, 0.09214821457862854], "interpretation": "Unvalidated radar-change candidate; terrain, registration and moisture may explain the signal.", "mean_slope_deg": 0.87, "max_slope_deg": 1.96, "mean_elevation_m": 119.6, "terrain_risk_pct": 0.0, "terrain_tier": "Low Risk (Flat Lowland)", "priority_score": 14.4, "temporal_class": "seasonal_transient", "t4_status": "pending", "t4_mean_power": null, "t4_mean_signed_db": null, "t4_observation": null}}, {"type": "Feature", "geometry": {"type": "Polygon", "coordinates": [[[94.04655345257852, 22.766757368739885], [94.04654932152003, 22.766215436855255], [94.04596494975078, 22.766219266769532], [94.0459608211236, 22.76567733474625], [94.04479208181945, 22.765684987957723], [94.04477971052458, 22.76405919105647], [94.04711716096475, 22.764043877294277], [94.04712129382578, 22.76458580922759], [94.0494587514751, 22.764570460850766], [94.04945460939251, 22.764028529322935], [94.05237641709047, 22.76400929625232], [94.05239303228674, 22.766177020106266], [94.0506399203809, 22.766188567582997], [94.05063577330895, 22.76564663637069], [94.05005140472676, 22.76565048115146], [94.0500555494931, 22.766192412465337], [94.04830243607323, 22.766203934282622], [94.04830657404872, 22.766745865863385], [94.04655345257852, 22.766757368739885]]]}, "properties": {"id": 461, "label": "temporary radar change (return toward T1)", "class_id": 2, "direction": "increase", "area_ha": 17.28887928941271, "pixel_count": 48, "mean_change_db": 3.488236427307129, "max_change_db": 3.888866424560547, "mean_signed_db": 3.488236427307129, "first_observed": "2024-11-20T11:46:56.693237Z", "observation_interval": ["2024-04-18T11:46:55.497558Z", "2024-11-20T11:46:56.693237Z"], "persists_into_T3": false, "mean_power_by_date": [0.055969852954149246, 0.12481168657541275, 0.07263852655887604], "interpretation": "Unvalidated radar-change candidate; terrain, registration and moisture may explain the signal.", "mean_slope_deg": 0.82, "max_slope_deg": 1.64, "mean_elevation_m": 160.4, "terrain_risk_pct": 0.0, "terrain_tier": "Low Risk (Flat Lowland)", "priority_score": 14.5, "temporal_class": "seasonal_transient", "t4_status": "pending", "t4_mean_power": null, "t4_mean_signed_db": null, "t4_observation": null}}, {"type": "Feature", "geometry": {"type": "Polygon", "coordinates": [[[94.07957959974833, 22.655977905517133], [94.07957112316679, 22.654894038359], [94.07898722996175, 22.65489797089588], [94.07898299415606, 22.654356037156454], [94.07723132063914, 22.654367821694823], [94.07721440620018, 22.65220008511326], [94.07779828833782, 22.65219615947684], [94.07779405775986, 22.651654225342128], [94.08071345505637, 22.651634565786296], [94.08071769708816, 22.652176499399594], [94.08130157845018, 22.652172561005134], [94.08133129233457, 22.65596609452038], [94.07957959974833, 22.655977905517133]]]}, "properties": {"id": 517, "label": "temporary radar change (return toward T1)", "class_id": 2, "direction": "increase", "area_ha": 15.487682712649693, "pixel_count": 43, "mean_change_db": 3.847501516342163, "max_change_db": 4.603574275970459, "mean_signed_db": 3.847501516342163, "first_observed": "2024-11-20T11:46:56.693237Z", "observation_interval": ["2024-04-18T11:46:55.497558Z", "2024-11-20T11:46:56.693237Z"], "persists_into_T3": false, "mean_power_by_date": [0.07287883758544922, 0.17678532004356384, 0.08975562453269958], "interpretation": "Unvalidated radar-change candidate; terrain, registration and moisture may explain the signal.", "mean_slope_deg": 0.52, "max_slope_deg": 1.0, "mean_elevation_m": 159.1, "terrain_risk_pct": 0.0, "terrain_tier": "Low Risk (Flat Lowland)", "priority_score": 15.14, "temporal_class": "seasonal_transient", "t4_status": "pending", "t4_mean_power": null, "t4_mean_signed_db": null, "t4_observation": null}}, {"type": "Feature", "geometry": {"type": "Polygon", "coordinates": [[[94.44720076365566, 23.56289418587671], [94.4471651514748, 23.559643419550444], [94.44775288602729, 23.559637947503635], [94.44774101190298, 23.558554358696448], [94.45067965792065, 23.55852696656775], [94.45069155612666, 23.559610553966028], [94.45127928961342, 23.559605068597822], [94.45130309779256, 23.561772242360238], [94.45012761137423, 23.561783212004727], [94.4501335590466, 23.562325005629514], [94.44954581316223, 23.562330487262027], [94.44955175860372, 23.562872280988607], [94.44720076365566, 23.56289418587671]]]}, "properties": {"id": 106, "label": "temporary radar change (return toward T1)", "class_id": 2, "direction": "increase", "area_ha": 16.924392500087247, "pixel_count": 47, "mean_change_db": 3.5101866722106934, "max_change_db": 4.10140323638916, "mean_signed_db": 3.5101866722106934, "first_observed": "2024-11-20T11:46:56.693237Z", "observation_interval": ["2024-04-18T11:46:55.497558Z", "2024-11-20T11:46:56.693237Z"], "persists_into_T3": false, "mean_power_by_date": [0.06850562989711761, 0.15364272892475128, 0.08289719372987747], "interpretation": "Unvalidated radar-change candidate; terrain, registration and moisture may explain the signal.", "mean_slope_deg": 1.34, "max_slope_deg": 2.15, "mean_elevation_m": 115.3, "terrain_risk_pct": 0.0, "terrain_tier": "Low Risk (Flat Lowland)", "priority_score": 14.44, "temporal_class": "seasonal_transient", "t4_status": "pending", "t4_mean_power": null, "t4_mean_signed_db": null, "t4_observation": null}}, {"type": "Feature", "geometry": {"type": "Polygon", "coordinates": [[[94.03976280461654, 22.87302517418158], [94.03974630301535, 22.87085747060443], [94.04033112258904, 22.870853646939587], [94.04032699518262, 22.87031172105193], [94.04383589607595, 22.870288734534142], [94.0438566039408, 22.872998360571003], [94.03976280461654, 22.87302517418158]]]}, "properties": {"id": 36, "label": "persistent radar change", "class_id": 1, "direction": "increase", "area_ha": 12.246340360814473, "pixel_count": 34, "mean_change_db": 4.831729888916016, "max_change_db": 5.214712142944336, "mean_signed_db": 4.831729888916016, "first_observed": "2024-11-20T11:46:56.693237Z", "observation_interval": ["2024-04-18T11:46:55.497558Z", "2024-11-20T11:46:56.693237Z"], "persists_into_T3": true, "mean_power_by_date": [0.0648282840847969, 0.19660986959934235, 0.1689053773880005], "interpretation": "Unvalidated radar-change candidate; terrain, registration and moisture may explain the signal.", "mean_slope_deg": 0.23, "max_slope_deg": 0.4, "mean_elevation_m": 142.4, "terrain_risk_pct": 0.0, "terrain_tier": "Low Risk (Flat Lowland)", "priority_score": 16.91, "temporal_class": "persistent", "t4_status": "pending", "t4_mean_power": null, "t4_mean_signed_db": null, "t4_observation": null}}, {"type": "Feature", "geometry": {"type": "Polygon", "coordinates": [[[94.05691681814996, 23.420805950416767], [94.05690390066859, 23.419180294655124], [94.05749110074022, 23.419176320188384], [94.05748679278027, 23.418634434960545], [94.05807399033169, 23.4186304583899], [94.05806537001745, 23.417546688024757], [94.06158852391879, 23.417522783497777], [94.06160582244769, 23.419690321603873], [94.06101862089064, 23.419694311620283], [94.06102294345587, 23.42023619615407], [94.0586741263678, 23.420252134564482], [94.05867843949773, 23.420794019471764], [94.05691681814996, 23.420805950416767]]]}, "properties": {"id": 143, "label": "temporary radar change (return toward T1)", "class_id": 2, "direction": "increase", "area_ha": 13.326804206690728, "pixel_count": 37, "mean_change_db": 4.426903247833252, "max_change_db": 5.307634353637695, "mean_signed_db": 4.426903247833252, "first_observed": "2024-11-20T11:46:56.693237Z", "observation_interval": ["2024-04-18T11:46:55.497558Z", "2024-11-20T11:46:56.693237Z"], "persists_into_T3": false, "mean_power_by_date": [0.0912434309720993, 0.2527041435241699, 0.1070089116692543], "interpretation": "Unvalidated radar-change candidate; terrain, registration and moisture may explain the signal.", "mean_slope_deg": 0.27, "max_slope_deg": 0.91, "mean_elevation_m": 126.2, "terrain_risk_pct": 0.0, "terrain_tier": "Low Risk (Flat Lowland)", "priority_score": 16.16, "temporal_class": "seasonal_transient", "t4_status": "pending", "t4_mean_power": null, "t4_mean_signed_db": null, "t4_observation": null}}, {"type": "Feature", "geometry": {"type": "Polygon", "coordinates": [[[94.10419911298986, 23.457328528620987], [94.1041855941288, 23.45570290588453], [94.1053602985075, 23.455694587096698], [94.10535127702575, 23.45461083884291], [94.1059386242211, 23.454606676348288], [94.10593411128735, 23.45406480227116], [94.10534676648756, 23.45406896465835], [94.10533323568374, 23.45244334187406], [94.10709524811874, 23.45243084904923], [94.10709976543757, 23.452972723026647], [94.10768710504065, 23.452968554224054], [94.10769614487525, 23.454052301848385], [94.10828348913383, 23.454048130620393], [94.10827896675333, 23.453506256935107], [94.1100409915294, 23.453493730313312], [94.11005458063723, 23.4551193502839], [94.10829253430124, 23.45513187787564], [94.1082970570882, 23.455673751445595], [94.1071223540619, 23.455682092337142], [94.10713590886068, 23.457307713462125], [94.10419911298986, 23.457328528620987]]]}, "properties": {"id": 124, "label": "temporary radar change (return toward T1)", "class_id": 2, "direction": "increase", "area_ha": 17.648545264192926, "pixel_count": 49, "mean_change_db": 3.319390058517456, "max_change_db": 3.9562411308288574, "mean_signed_db": 3.319390058517456, "first_observed": "2024-11-20T11:46:56.693237Z", "observation_interval": ["2024-04-18T11:46:55.497558Z", "2024-11-20T11:46:56.693237Z"], "persists_into_T3": false, "mean_power_by_date": [0.09541980922222137, 0.20487511157989502, 0.09861776977777481], "interpretation": "Unvalidated radar-change candidate; terrain, registration and moisture may explain the signal.", "mean_slope_deg": 0.46, "max_slope_deg": 0.78, "mean_elevation_m": 142.5, "terrain_risk_pct": 0.0, "terrain_tier": "Low Risk (Flat Lowland)", "priority_score": 13.94, "temporal_class": "seasonal_transient", "t4_status": "pending", "t4_mean_power": null, "t4_mean_signed_db": null, "t4_observation": null}}, {"type": "Feature", "geometry": {"type": "Polygon", "coordinates": [[[94.53319121850203, 22.858738607959065], [94.53318513969803, 22.858196786456226], [94.5320158356867, 22.858208048960964], [94.53200976169877, 22.857666227123204], [94.53142511173223, 22.857671855007823], [94.53140689782175, 22.85604638881964], [94.53199154084143, 22.85604076137954], [94.53198546759111, 22.855498939388195], [94.53666258658062, 22.855453843793402], [94.53668086245769, 22.857079306090025], [94.53609621628404, 22.857084950996548], [94.53610230629732, 22.8576267718339], [94.53551765762309, 22.857632414742742], [94.53552374550551, 22.85817423569026], [94.53493909433072, 22.858179876601312], [94.53494518008219, 22.85872169765894], [94.53319121850203, 22.858738607959065]]]}, "properties": {"id": 425, "label": "temporary radar change (return toward T1)", "class_id": 2, "direction": "increase", "area_ha": 15.482910048474768, "pixel_count": 43, "mean_change_db": 3.76442813873291, "max_change_db": 4.485858917236328, "mean_signed_db": 3.76442813873291, "first_observed": "2024-11-20T11:46:56.693237Z", "observation_interval": ["2024-04-18T11:46:55.497558Z", "2024-11-20T11:46:56.693237Z"], "persists_into_T3": false, "mean_power_by_date": [0.08234760165214539, 0.1959170699119568, 0.10074973851442337], "interpretation": "Unvalidated radar-change candidate; terrain, registration and moisture may explain the signal.", "mean_slope_deg": 0.15, "max_slope_deg": 0.59, "mean_elevation_m": 95.5, "terrain_risk_pct": 0.0, "terrain_tier": "Low Risk (Flat Lowland)", "priority_score": 14.81, "temporal_class": "seasonal_transient", "t4_status": "pending", "t4_mean_power": null, "t4_mean_signed_db": null, "t4_observation": null}}, {"type": "Feature", "geometry": {"type": "Polygon", "coordinates": [[[94.42863309393076, 23.693651369391844], [94.42861540596537, 23.692026000494042], [94.42979206644435, 23.69201513735528], [94.42978616595548, 23.691473347922265], [94.43096282087924, 23.691462476124816], [94.43094510591304, 23.689837108425213], [94.43506334165808, 23.6897989896851], [94.43508110756507, 23.691424354456306], [94.43390445510765, 23.691435257532582], [94.43391629022442, 23.692518834408613], [94.43215129566025, 23.692535173103263], [94.43214538529159, 23.69199338426654], [94.43155705584381, 23.691998825890124], [94.43156887190523, 23.693082403802954], [94.43098053742935, 23.693087843470835], [94.43098644329804, 23.693629632507598], [94.42863309393076, 23.693651369391844]]]}, "properties": {"id": 96, "label": "temporary radar change (return toward T1)", "class_id": 2, "direction": "increase", "area_ha": 16.20443029320745, "pixel_count": 45, "mean_change_db": 3.595545768737793, "max_change_db": 4.150964736938477, "mean_signed_db": 3.595545768737793, "first_observed": "2024-11-20T11:46:56.693237Z", "observation_interval": ["2024-04-18T11:46:55.497558Z", "2024-11-20T11:46:56.693237Z"], "persists_into_T3": false, "mean_power_by_date": [0.06279632449150085, 0.14371581375598907, 0.08112215250730515], "interpretation": "Unvalidated radar-change candidate; terrain, registration and moisture may explain the signal.", "mean_slope_deg": 0.21, "max_slope_deg": 0.45, "mean_elevation_m": 109.2, "terrain_risk_pct": 0.0, "terrain_tier": "Low Risk (Flat Lowland)", "priority_score": 14.47, "temporal_class": "seasonal_transient", "t4_status": "pending", "t4_mean_power": null, "t4_mean_signed_db": null, "t4_observation": null}}, {"type": "Feature", "geometry": {"type": "Polygon", "coordinates": [[[94.4865318694368, 22.815830195505136], [94.4865083443739, 22.813662850850122], [94.48826176614403, 22.81364648554048], [94.48825587839463, 22.813104649712624], [94.49117823288081, 22.81307733207905], [94.49118413218103, 22.81361916718653], [94.49176860485082, 22.813613697090087], [94.49178631075814, 22.81523920175024], [94.4906173513775, 22.815250140666546], [94.49062324908449, 22.815791975765173], [94.4865318694368, 22.815830195505136]]]}, "properties": {"id": 439, "label": "temporary radar change (return toward T1)", "class_id": 2, "direction": "increase", "area_ha": 14.043129824801861, "pixel_count": 39, "mean_change_db": 4.103243350982666, "max_change_db": 5.209169387817383, "mean_signed_db": 4.103243350982666, "first_observed": "2024-11-20T11:46:56.693237Z", "observation_interval": ["2024-04-18T11:46:55.497558Z", "2024-11-20T11:46:56.693237Z"], "persists_into_T3": false, "mean_power_by_date": [0.08992443233728409, 0.2320171743631363, 0.10609012097120285], "interpretation": "Unvalidated radar-change candidate; terrain, registration and moisture may explain the signal.", "mean_slope_deg": 0.99, "max_slope_deg": 2.29, "mean_elevation_m": 109.4, "terrain_risk_pct": 0.0, "terrain_tier": "Low Risk (Flat Lowland)", "priority_score": 15.38, "temporal_class": "seasonal_transient", "t4_status": "pending", "t4_mean_power": null, "t4_mean_signed_db": null, "t4_observation": null}}, {"type": "Feature", "geometry": {"type": "Polygon", "coordinates": [[[93.9815421348005, 23.152499527119627], [93.98153029202476, 23.15087377756198], [93.98211633036384, 23.150870126253285], [93.98210843106358, 23.149786293215815], [93.98269446457178, 23.149782639918957], [93.9826826094478, 23.148156890364373], [93.98444068805573, 23.14814591826081], [93.98443672951949, 23.14760400195294], [93.98619479998611, 23.147593010530592], [93.98620669715355, 23.149218758480707], [93.98562066671737, 23.149222424753255], [93.98563255789396, 23.150848172649148], [93.98504652027077, 23.150851837029823], [93.98505048187945, 23.15139375301488], [93.98329236122528, 23.151404733371223], [93.98330027066469, 23.152488565800226], [93.9815421348005, 23.152499527119627]]]}, "properties": {"id": 313, "label": "temporary radar change (return toward T1)", "class_id": 2, "direction": "increase", "area_ha": 15.848705390370334, "pixel_count": 44, "mean_change_db": 3.614865303039551, "max_change_db": 4.474545478820801, "mean_signed_db": 3.614865303039551, "first_observed": "2024-11-20T11:46:56.693237Z", "observation_interval": ["2024-04-18T11:46:55.497558Z", "2024-11-20T11:46:56.693237Z"], "persists_into_T3": false, "mean_power_by_date": [0.08760401606559753, 0.2013069987297058, 0.11031761020421982], "interpretation": "Unvalidated radar-change candidate; terrain, registration and moisture may explain the signal.", "mean_slope_deg": 0.59, "max_slope_deg": 0.77, "mean_elevation_m": 165.2, "terrain_risk_pct": 0.0, "terrain_tier": "Low Risk (Flat Lowland)", "priority_score": 14.39, "temporal_class": "seasonal_transient", "t4_status": "pending", "t4_mean_power": null, "t4_mean_signed_db": null, "t4_observation": null}}, {"type": "Feature", "geometry": {"type": "Polygon", "coordinates": [[[94.00029277857163, 22.754046788323844], [94.00028094087183, 22.752420966407612], [94.00144958361456, 22.752413643059707], [94.00144563334695, 22.751871702539713], [94.00027699521213, 22.75187902569407], [94.0002651589537, 22.750253203329024], [94.00084947116979, 22.750249543110552], [94.00083762908153, 22.748623720699158], [94.00142193426665, 22.748620058634337], [94.00141798484078, 22.74807811785255], [94.00317089276405, 22.748067119129388], [94.00320254682653, 22.752402642010548], [94.00261822587623, 22.7524063111639], [94.00263009122507, 22.7540321319181], [94.00029277857163, 22.754046788323844]]]}, "properties": {"id": 474, "label": "temporary radar change (return toward T1)", "class_id": 2, "direction": "increase", "area_ha": 16.208730806951575, "pixel_count": 45, "mean_change_db": 3.515928030014038, "max_change_db": 4.198281288146973, "mean_signed_db": 3.515928030014038, "first_observed": "2024-11-20T11:46:56.693237Z", "observation_interval": ["2024-04-18T11:46:55.497558Z", "2024-11-20T11:46:56.693237Z"], "persists_into_T3": false, "mean_power_by_date": [0.08176115155220032, 0.1829512119293213, 0.1076541468501091], "interpretation": "Unvalidated radar-change candidate; terrain, registration and moisture may explain the signal.", "mean_slope_deg": 5.42, "max_slope_deg": 15.24, "mean_elevation_m": 207.5, "terrain_risk_pct": 0.0, "terrain_tier": "Low Risk (Flat Lowland)", "priority_score": 14.16, "temporal_class": "seasonal_transient", "t4_status": "pending", "t4_mean_power": null, "t4_mean_signed_db": null, "t4_observation": null}}, {"type": "Feature", "geometry": {"type": "Polygon", "coordinates": [[[94.17345231535604, 23.780870998617992], [94.17343772621997, 23.77924548285425], [94.17402650812068, 23.779241006614885], [94.17401677787626, 23.77815732947292], [94.1734280008526, 23.77816180548367], [94.17341341388648, 23.776536289135684], [94.17517972257812, 23.77652285540003], [94.17518459207031, 23.777064693878568], [94.17636213535036, 23.77705572660563], [94.1763670098641, 23.777597564816208], [94.17754455744073, 23.777588588337693], [94.1775591964829, 23.77921410204799], [94.17638163427542, 23.779223079214226], [94.17638650936925, 23.779764917268984], [94.1757977256093, 23.77976940260017], [94.17580259840948, 23.780311240730516], [94.17521381206588, 23.780315723931793], [94.17521868257224, 23.780857562137662], [94.17345231535604, 23.780870998617992]]]}, "properties": {"id": 12, "label": "persistent radar change", "class_id": 1, "direction": "increase", "area_ha": 14.046261280961707, "pixel_count": 39, "mean_change_db": 4.043144226074219, "max_change_db": 5.139979839324951, "mean_signed_db": 4.043144226074219, "first_observed": "2024-11-20T11:46:56.693237Z", "observation_interval": ["2024-04-18T11:46:55.497558Z", "2024-11-20T11:46:56.693237Z"], "persists_into_T3": true, "mean_power_by_date": [0.07369837164878845, 0.1872045248746872, 0.17269285023212433], "interpretation": "Unvalidated radar-change candidate; terrain, registration and moisture may explain the signal.", "mean_slope_deg": 0.31, "max_slope_deg": 0.41, "mean_elevation_m": 176.9, "terrain_risk_pct": 0.0, "terrain_tier": "Low Risk (Flat Lowland)", "priority_score": 15.15, "temporal_class": "persistent", "t4_status": "pending", "t4_mean_power": null, "t4_mean_signed_db": null, "t4_observation": null}}, {"type": "Feature", "geometry": {"type": "Polygon", "coordinates": [[[94.33855529311693, 22.86699796491475], [94.33852874775593, 22.864288628018855], [94.33911347559095, 22.864283707400144], [94.3391028539401, 22.863199972634487], [94.34085702257372, 22.863185198670127], [94.34084107045258, 22.86155959740307], [94.3431799318983, 22.861539870276122], [94.3432012387903, 22.863707336478615], [94.34144706514265, 22.863722136603368], [94.34145238531798, 22.864264003448465], [94.34203711234613, 22.864259072091347], [94.34205308079365, 22.86588467200885], [94.34088361267105, 22.865894533354147], [94.34088893117487, 22.86643640017678], [94.34030419455375, 22.866441327757368], [94.34030951090135, 22.86698319467165], [94.33855529311693, 22.86699796491475]], [[94.34086234027029, 22.863727065683047], [94.34144706514265, 22.863722136603368], [94.34144174512879, 22.86318026972021], [94.34085702257372, 22.863185198670127], [94.34086234027029, 22.863727065683047]]]}, "properties": {"id": 422, "label": "temporary radar change (return toward T1)", "class_id": 2, "direction": "increase", "area_ha": 16.92562762609748, "pixel_count": 47, "mean_change_db": 3.3509836196899414, "max_change_db": 3.942575454711914, "mean_signed_db": 3.3509836196899414, "first_observed": "2024-11-20T11:46:56.693237Z", "observation_interval": ["2024-04-18T11:46:55.497558Z", "2024-11-20T11:46:56.693237Z"], "persists_into_T3": false, "mean_power_by_date": [0.08458808064460754, 0.183304101228714, 0.09015540033578873], "interpretation": "Unvalidated radar-change candidate; terrain, registration and moisture may explain the signal.", "mean_slope_deg": 0.68, "max_slope_deg": 3.7, "mean_elevation_m": 112.9, "terrain_risk_pct": 0.0, "terrain_tier": "Low Risk (Flat Lowland)", "priority_score": 13.79, "temporal_class": "seasonal_transient", "t4_status": "pending", "t4_mean_power": null, "t4_mean_signed_db": null, "t4_observation": null}}, {"type": "Feature", "geometry": {"type": "Polygon", "coordinates": [[[94.09724037073391, 23.46821576126258], [94.09721797030598, 23.465506387269816], [94.0978053673136, 23.46550225358626], [94.09780088523351, 23.464960378779026], [94.09838827970985, 23.46495624299075], [94.09838379536706, 23.46441436825177], [94.10073336234076, 23.46439780341236], [94.10073785627135, 23.464939677723955], [94.10191264374477, 23.46493138182238], [94.1019261407267, 23.46655700388437], [94.10133873986607, 23.46656115326197], [94.10134323673233, 23.46710302731278], [94.10075583333979, 23.46710717458585], [94.10076032794342, 23.467649048705205], [94.09958551595996, 23.467657336830378], [94.09959000590345, 23.4681992111251], [94.09724037073391, 23.46821576126258]]]}, "properties": {"id": 119, "label": "temporary radar change (return toward T1)", "class_id": 2, "direction": "increase", "area_ha": 15.847740809178655, "pixel_count": 44, "mean_change_db": 3.540334463119507, "max_change_db": 4.145302772521973, "mean_signed_db": 3.540334463119507, "first_observed": "2024-11-20T11:46:56.693237Z", "observation_interval": ["2024-04-18T11:46:55.497558Z", "2024-11-20T11:46:56.693237Z"], "persists_into_T3": false, "mean_power_by_date": [0.09997443854808807, 0.22588945925235748, 0.11036291718482971], "interpretation": "Unvalidated radar-change candidate; terrain, registration and moisture may explain the signal.", "mean_slope_deg": 0.88, "max_slope_deg": 2.75, "mean_elevation_m": 143.3, "terrain_risk_pct": 0.0, "terrain_tier": "Low Risk (Flat Lowland)", "priority_score": 14.09, "temporal_class": "seasonal_transient", "t4_status": "pending", "t4_mean_power": null, "t4_mean_signed_db": null, "t4_observation": null}}, {"type": "Feature", "geometry": {"type": "Polygon", "coordinates": [[[94.07846772515599, 23.398982128994444], [94.07846333599359, 23.39844024608299], [94.07728912671944, 23.398448343729203], [94.07727597435102, 23.39682269413673], [94.07786307188944, 23.39681864672982], [94.07785868564164, 23.39627676356033], [94.07844578066049, 23.39627271405388], [94.07843261554294, 23.394647064629613], [94.08019387831864, 23.39463490382856], [94.08021146072666, 23.39680243505965], [94.0819727509703, 23.396790253162454], [94.08197715406612, 23.3973321355594], [94.08256425293801, 23.397328070413405], [94.0825774701826, 23.398953717058887], [94.07846772515599, 23.398982128994444]]]}, "properties": {"id": 160, "label": "temporary radar change (return toward T1)", "class_id": 2, "direction": "increase", "area_ha": 16.56827070409588, "pixel_count": 46, "mean_change_db": 3.3780465126037598, "max_change_db": 3.835665225982666, "mean_signed_db": 3.3780465126037598, "first_observed": "2024-11-20T11:46:56.693237Z", "observation_interval": ["2024-04-18T11:46:55.497558Z", "2024-11-20T11:46:56.693237Z"], "persists_into_T3": false, "mean_power_by_date": [0.11062219738960266, 0.24089404940605164, 0.12251618504524231], "interpretation": "Unvalidated radar-change candidate; terrain, registration and moisture may explain the signal.", "mean_slope_deg": 0.21, "max_slope_deg": 0.41, "mean_elevation_m": 123.9, "terrain_risk_pct": 0.0, "terrain_tier": "Low Risk (Flat Lowland)", "priority_score": 13.75, "temporal_class": "seasonal_transient", "t4_status": "pending", "t4_mean_power": null, "t4_mean_signed_db": null, "t4_observation": null}}, {"type": "Feature", "geometry": {"type": "Polygon", "coordinates": [[[94.32698912148183, 23.29790520434153], [94.32698374714168, 23.297363364019812], [94.32581053393994, 23.297373287893368], [94.32578905718607, 23.29520592519084], [94.32637565437204, 23.29520096486535], [94.32637028321334, 23.294659124221937], [94.32988984869361, 23.294629316992864], [94.32989523409462, 23.295171156862956], [94.33048183014884, 23.29516618118767], [94.33050877145202, 23.297875379313766], [94.32698912148183, 23.29790520434153]]]}, "properties": {"id": 261, "label": "temporary radar change (return toward T1)", "class_id": 2, "direction": "increase", "area_ha": 15.84545364167099, "pixel_count": 44, "mean_change_db": 3.5274269580841064, "max_change_db": 4.2997331619262695, "mean_signed_db": 3.5274269580841064, "first_observed": "2024-11-20T11:46:56.693237Z", "observation_interval": ["2024-04-18T11:46:55.497558Z", "2024-11-20T11:46:56.693237Z"], "persists_into_T3": false, "mean_power_by_date": [0.0784866213798523, 0.17663408815860748, 0.08982516825199127], "interpretation": "Unvalidated radar-change candidate; terrain, registration and moisture may explain the signal.", "mean_slope_deg": 0.84, "max_slope_deg": 3.69, "mean_elevation_m": 107.0, "terrain_risk_pct": 0.0, "terrain_tier": "Low Risk (Flat Lowland)", "priority_score": 14.04, "temporal_class": "seasonal_transient", "t4_status": "pending", "t4_mean_power": null, "t4_mean_signed_db": null, "t4_observation": null}}, {"type": "Feature", "geometry": {"type": "Polygon", "coordinates": [[[94.0219296695123, 23.145739535798867], [94.02191323509301, 23.1435718946335], [94.02308523363449, 23.143564291767593], [94.02308112062985, 23.143022381579694], [94.02659709914516, 23.14299952131097], [94.02661360842653, 23.145167159450214], [94.02485559146906, 23.1451786005778], [94.02485971203538, 23.145720510316124], [94.0219296695123, 23.145739535798867]]]}, "properties": {"id": 315, "label": "temporary radar change (return toward T1)", "class_id": 2, "direction": "increase", "area_ha": 12.606659821720934, "pixel_count": 35, "mean_change_db": 4.4297308921813965, "max_change_db": 5.548375129699707, "mean_signed_db": 4.4297308921813965, "first_observed": "2024-11-20T11:46:56.693237Z", "observation_interval": ["2024-04-18T11:46:55.497558Z", "2024-11-20T11:46:56.693237Z"], "persists_into_T3": false, "mean_power_by_date": [0.08448631316423416, 0.23239685595035553, 0.10593314468860626], "interpretation": "Unvalidated radar-change candidate; terrain, registration and moisture may explain the signal.", "mean_slope_deg": 0.4, "max_slope_deg": 0.61, "mean_elevation_m": 131.2, "terrain_risk_pct": 0.0, "terrain_tier": "Low Risk (Flat Lowland)", "priority_score": 15.73, "temporal_class": "seasonal_transient", "t4_status": "pending", "t4_mean_power": null, "t4_mean_signed_db": null, "t4_observation": null}}, {"type": "Feature", "geometry": {"type": "Polygon", "coordinates": [[[94.0045272349897, 23.326315051338234], [94.00451501316498, 23.324689349080472], [94.00334142523126, 23.324696868871836], [94.0033373562919, 23.32415496784805], [94.00275056452031, 23.32415872435107], [94.00273429949944, 23.321991119485133], [94.00566820956358, 23.321972316951754], [94.00567636561418, 23.32305611848613], [94.0062631520166, 23.323052351194427], [94.00628763738166, 23.32630375429633], [94.0045272349897, 23.326315051338234]]]}, "properties": {"id": 235, "label": "temporary radar change (return toward T1)", "class_id": 2, "direction": "increase", "area_ha": 12.966993105119839, "pixel_count": 36, "mean_change_db": 4.26701545715332, "max_change_db": 5.283927917480469, "mean_signed_db": 4.26701545715332, "first_observed": "2024-11-20T11:46:56.693237Z", "observation_interval": ["2024-04-18T11:46:55.497558Z", "2024-11-20T11:46:56.693237Z"], "persists_into_T3": false, "mean_power_by_date": [0.07666637003421783, 0.20441964268684387, 0.09958615899085999], "interpretation": "Unvalidated radar-change candidate; terrain, registration and moisture may explain the signal.", "mean_slope_deg": 0.91, "max_slope_deg": 2.18, "mean_elevation_m": 140.7, "terrain_risk_pct": 0.0, "terrain_tier": "Low Risk (Flat Lowland)", "priority_score": 15.37, "temporal_class": "seasonal_transient", "t4_status": "pending", "t4_mean_power": null, "t4_mean_signed_db": null, "t4_observation": null}}, {"type": "Feature", "geometry": {"type": "Polygon", "coordinates": [[[94.04126742716113, 22.916913375492204], [94.04126328677131, 22.91637145290433], [94.04067827225954, 22.91637528718016], [94.04065344650684, 22.91312375025735], [94.04123844706902, 22.91311991658611], [94.04123016817262, 22.912036070845403], [94.0429851551578, 22.912024557515092], [94.04298100892427, 22.911482634890874], [94.04473598780412, 22.91147110248198], [94.04475260138832, 22.913638791540333], [94.04299759461284, 22.913650325161775], [94.04300588821164, 22.91473417007125], [94.04242088105183, 22.914738010506206], [94.04242502571489, 22.915279933005376], [94.04301003519967, 22.91527609246948], [94.04302247691837, 22.91690185943818], [94.04126742716113, 22.916913375492204]]]}, "properties": {"id": 409, "label": "temporary radar change (return toward T1)", "class_id": 2, "direction": "increase", "area_ha": 15.848202054044465, "pixel_count": 44, "mean_change_db": 3.4888341426849365, "max_change_db": 4.048488616943359, "mean_signed_db": 3.4888341426849365, "first_observed": "2024-11-20T11:46:56.693237Z", "observation_interval": ["2024-04-18T11:46:55.497558Z", "2024-11-20T11:46:56.693237Z"], "persists_into_T3": false, "mean_power_by_date": [0.0910043939948082, 0.20318414270877838, 0.11352968961000443], "interpretation": "Unvalidated radar-change candidate; terrain, registration and moisture may explain the signal.", "mean_slope_deg": 0.37, "max_slope_deg": 0.74, "mean_elevation_m": 131.0, "terrain_risk_pct": 0.0, "terrain_tier": "Low Risk (Flat Lowland)", "priority_score": 13.89, "temporal_class": "seasonal_transient", "t4_status": "pending", "t4_mean_power": null, "t4_mean_signed_db": null, "t4_observation": null}}, {"type": "Feature", "geometry": {"type": "Polygon", "coordinates": [[[94.09819557422409, 23.441655594510742], [94.09819109565456, 23.441113718119407], [94.09760380657639, 23.441117849213565], [94.09758142771004, 23.4384084661474], [94.09875598179562, 23.43840020281714], [94.09875150163786, 23.43785832630206], [94.10168787253367, 23.437837629860887], [94.10170134931231, 23.439463257687546], [94.10111406822162, 23.439467401713806], [94.1011230486265, 23.440551153620184], [94.10053576261389, 23.440555295651674], [94.1005447387694, 23.44163904761829], [94.09819557422409, 23.441655594510742]]]}, "properties": {"id": 131, "label": "temporary radar change (return toward T1)", "class_id": 2, "direction": "increase", "area_ha": 14.407034130425448, "pixel_count": 40, "mean_change_db": 3.834768772125244, "max_change_db": 4.73630952835083, "mean_signed_db": 3.834768772125244, "first_observed": "2024-11-20T11:46:56.693237Z", "observation_interval": ["2024-04-18T11:46:55.497558Z", "2024-11-20T11:46:56.693237Z"], "persists_into_T3": false, "mean_power_by_date": [0.1050923615694046, 0.2544243335723877, 0.12027821689844131], "interpretation": "Unvalidated radar-change candidate; terrain, registration and moisture may explain the signal.", "mean_slope_deg": 0.43, "max_slope_deg": 0.76, "mean_elevation_m": 135.4, "terrain_risk_pct": 0.0, "terrain_tier": "Low Risk (Flat Lowland)", "priority_score": 14.56, "temporal_class": "seasonal_transient", "t4_status": "pending", "t4_mean_power": null, "t4_mean_signed_db": null, "t4_observation": null}}, {"type": "Feature", "geometry": {"type": "Polygon", "coordinates": [[[94.40101847350013, 23.364453387481873], [94.40100708919316, 23.363369749497174], [94.39924645385479, 23.363385504494182], [94.39921234791446, 23.360134587161912], [94.39979921223781, 23.360129338511232], [94.3997935261296, 23.359587518955912], [94.4015541109293, 23.35957176021537], [94.4015711912046, 23.36119721754107], [94.40215805960898, 23.361191959820566], [94.40216945207817, 23.362275597571454], [94.40275632507604, 23.362270337379126], [94.40277912159601, 23.364437611870514], [94.40101847350013, 23.364453387481873]]]}, "properties": {"id": 196, "label": "temporary radar change (return toward T1)", "class_id": 2, "direction": "increase", "area_ha": 14.044119829266332, "pixel_count": 39, "mean_change_db": 3.8985729217529297, "max_change_db": 4.8941240310668945, "mean_signed_db": 3.8985729217529297, "first_observed": "2024-11-20T11:46:56.693237Z", "observation_interval": ["2024-04-18T11:46:55.497558Z", "2024-11-20T11:46:56.693237Z"], "persists_into_T3": false, "mean_power_by_date": [0.0647655725479126, 0.15885044634342194, 0.08121190965175629], "interpretation": "Unvalidated radar-change candidate; terrain, registration and moisture may explain the signal.", "mean_slope_deg": 2.97, "max_slope_deg": 7.39, "mean_elevation_m": 138.2, "terrain_risk_pct": 0.0, "terrain_tier": "Low Risk (Flat Lowland)", "priority_score": 14.61, "temporal_class": "seasonal_transient", "t4_status": "pending", "t4_mean_power": null, "t4_mean_signed_db": null, "t4_observation": null}}, {"type": "Feature", "geometry": {"type": "Polygon", "coordinates": [[[94.04827761086457, 22.76295234401092], [94.04827347377051, 22.7624104121678], [94.0476891185163, 22.762414247787582], [94.04767671490463, 22.760788451729333], [94.0470923664397, 22.760792284907364], [94.04708823445903, 22.760250352711715], [94.04650388817325, 22.7602541836508], [94.04649149990007, 22.758628386535364], [94.0488288566313, 22.758613051168663], [94.04883299514877, 22.75915498317272], [94.04941733632153, 22.759151143885845], [94.04942147726969, 22.75969307575098], [94.05000582062115, 22.759689234225036], [94.0500141075053, 22.760773097639884], [94.05059845534038, 22.76076925377321], [94.05060260127657, 22.76131118532285], [94.0511869512904, 22.761307339216835], [94.0511993967714, 22.762933133336023], [94.04827761086457, 22.76295234401092]]]}, "properties": {"id": 463, "label": "temporary radar change (return toward T1)", "class_id": 2, "direction": "increase", "area_ha": 15.127767368207826, "pixel_count": 42, "mean_change_db": 3.618417263031006, "max_change_db": 4.345871925354004, "mean_signed_db": 3.618417263031006, "first_observed": "2024-11-20T11:46:56.693237Z", "observation_interval": ["2024-04-18T11:46:55.497558Z", "2024-11-20T11:46:56.693237Z"], "persists_into_T3": false, "mean_power_by_date": [0.06319132447242737, 0.1452362835407257, 0.08166176080703735], "interpretation": "Unvalidated radar-change candidate; terrain, registration and moisture may explain the signal.", "mean_slope_deg": 0.84, "max_slope_deg": 1.45, "mean_elevation_m": 161.0, "terrain_risk_pct": 0.0, "terrain_tier": "Low Risk (Flat Lowland)", "priority_score": 14.07, "temporal_class": "seasonal_transient", "t4_status": "pending", "t4_mean_power": null, "t4_mean_signed_db": null, "t4_observation": null}}, {"type": "Feature", "geometry": {"type": "Polygon", "coordinates": [[[94.07878104867444, 23.21960473670477], [94.07876799064223, 23.217979050848893], [94.07759536480381, 23.21798709197556], [94.07759971262114, 23.218528987508126], [94.07525444991558, 23.218545043953522], [94.0752414352297, 23.216919355988523], [94.07700036117515, 23.21690731787226], [94.07699601611492, 23.216365422120887], [94.07934123941929, 23.216349341122584], [94.07934994858519, 23.217433131750543], [94.08110887887261, 23.217421047427568], [94.08111324074555, 23.217962942370026], [94.08169955294315, 23.217958909786674], [94.08171264644385, 23.21958459407074], [94.07878104867444, 23.21960473670477]]]}, "properties": {"id": 295, "label": "temporary radar change (return toward T1)", "class_id": 2, "direction": "increase", "area_ha": 14.407189128302107, "pixel_count": 40, "mean_change_db": 3.7796337604522705, "max_change_db": 4.9789910316467285, "mean_signed_db": 3.7796337604522705, "first_observed": "2024-11-20T11:46:56.693237Z", "observation_interval": ["2024-04-18T11:46:55.497558Z", "2024-11-20T11:46:56.693237Z"], "persists_into_T3": false, "mean_power_by_date": [0.113126739859581, 0.2702486515045166, 0.1323462724685669], "interpretation": "Unvalidated radar-change candidate; terrain, registration and moisture may explain the signal.", "mean_slope_deg": 0.17, "max_slope_deg": 0.39, "mean_elevation_m": 111.8, "terrain_risk_pct": 0.0, "terrain_tier": "Low Risk (Flat Lowland)", "priority_score": 14.35, "temporal_class": "seasonal_transient", "t4_status": "pending", "t4_mean_power": null, "t4_mean_signed_db": null, "t4_observation": null}}, {"type": "Feature", "geometry": {"type": "Polygon", "coordinates": [[[94.08093451164696, 23.195745218490657], [94.08093015515793, 23.195203321986483], [94.08034394207337, 23.195207347981707], [94.08033958807705, 23.194665451334643], [94.07975337722272, 23.194669475042048], [94.0797446743463, 23.193585681424203], [94.07915846808352, 23.193589702739207], [94.07913672499238, 23.190880217504887], [94.08089530797115, 23.190868148582382], [94.0808996634101, 23.191410045391148], [94.08148585983488, 23.191406017946893], [94.08149457582863, 23.192489811240485], [94.08325317848099, 23.19247771518188], [94.08326627470744, 23.194103403891937], [94.08268006687115, 23.194107438409354], [94.08269315719726, 23.195733127091817], [94.08093451164696, 23.195745218490657]]]}, "properties": {"id": 298, "label": "temporary radar change (return toward T1)", "class_id": 2, "direction": "increase", "area_ha": 15.487705115491757, "pixel_count": 43, "mean_change_db": 3.503746271133423, "max_change_db": 4.175629138946533, "mean_signed_db": 3.503746271133423, "first_observed": "2024-11-20T11:46:56.693237Z", "observation_interval": ["2024-04-18T11:46:55.497558Z", "2024-11-20T11:46:56.693237Z"], "persists_into_T3": false, "mean_power_by_date": [0.12208650261163712, 0.2740075886249542, 0.11768350005149841], "interpretation": "Unvalidated radar-change candidate; terrain, registration and moisture may explain the signal.", "mean_slope_deg": 0.09, "max_slope_deg": 0.23, "mean_elevation_m": 112.1, "terrain_risk_pct": 0.0, "terrain_tier": "Low Risk (Flat Lowland)", "priority_score": 13.79, "temporal_class": "seasonal_transient", "t4_status": "pending", "t4_mean_power": null, "t4_mean_signed_db": null, "t4_observation": null}}, {"type": "Feature", "geometry": {"type": "Polygon", "coordinates": [[[94.0497999736871, 23.3373985796837], [94.04978719431008, 23.335772902865934], [94.05154769625513, 23.335761092820068], [94.05153916303026, 23.334677308695845], [94.05329964954196, 23.334665479481902], [94.05330392323015, 23.335207371256594], [94.05447758502275, 23.33519947392042], [94.05446902825513, 23.334115690742074], [94.05622950570059, 23.33410382886879], [94.05625093428364, 23.33681328499115], [94.05272990683582, 23.33683699202941], [94.05272563514266, 23.33629510026713], [94.05213879916535, 23.33629904364497], [94.05214733791959, 23.337382827335666], [94.0497999736871, 23.3373985796837]]]}, "properties": {"id": 223, "label": "temporary radar change (return toward T1)", "class_id": 2, "direction": "increase", "area_ha": 15.127768183298363, "pixel_count": 42, "mean_change_db": 3.5840556621551514, "max_change_db": 4.307303428649902, "mean_signed_db": 3.5840556621551514, "first_observed": "2024-11-20T11:46:56.693237Z", "observation_interval": ["2024-04-18T11:46:55.497558Z", "2024-11-20T11:46:56.693237Z"], "persists_into_T3": false, "mean_power_by_date": [0.0971110537648201, 0.22148007154464722, 0.10926572233438492], "interpretation": "Unvalidated radar-change candidate; terrain, registration and moisture may explain the signal.", "mean_slope_deg": 0.34, "max_slope_deg": 0.58, "mean_elevation_m": 124.7, "terrain_risk_pct": 0.0, "terrain_tier": "Low Risk (Flat Lowland)", "priority_score": 13.94, "temporal_class": "seasonal_transient", "t4_status": "pending", "t4_mean_power": null, "t4_mean_signed_db": null, "t4_observation": null}}, {"type": "Feature", "geometry": {"type": "Polygon", "coordinates": [[[94.09345619790984, 22.712247500260784], [94.09345189322735, 22.711705573008032], [94.09286776206312, 22.711709565547505], [94.09285915768838, 22.710625710718247], [94.09227503098981, 22.71062970091399], [94.09227073129736, 22.71008777333755], [94.09168660676605, 22.71009176129535], [94.09168230950281, 22.70954983357588], [94.09109818713875, 22.70955381929584], [94.09108530302892, 22.70792803559615], [94.0934217641224, 22.70791208118958], [94.09343037178233, 22.708995936182202], [94.09401449132405, 22.708991942038853], [94.09401879764886, 22.709533869373242], [94.09460291935748, 22.709529872991904], [94.09460722811173, 22.710071800183037], [94.09519135198725, 22.710067801563593], [94.0952085975107, 22.712235509530046], [94.09345619790984, 22.712247500260784]]]}, "properties": {"id": 70, "label": "persistent radar change", "class_id": 1, "direction": "increase", "area_ha": 12.245981620390806, "pixel_count": 34, "mean_change_db": 4.411548614501953, "max_change_db": 5.24091911315918, "mean_signed_db": 4.411548614501953, "first_observed": "2024-11-20T11:46:56.693237Z", "observation_interval": ["2024-04-18T11:46:55.497558Z", "2024-11-20T11:46:56.693237Z"], "persists_into_T3": true, "mean_power_by_date": [0.06740617007017136, 0.185571551322937, 0.15392839908599854], "interpretation": "Unvalidated radar-change candidate; terrain, registration and moisture may explain the signal.", "mean_slope_deg": 0.15, "max_slope_deg": 0.39, "mean_elevation_m": 143.9, "terrain_risk_pct": 0.0, "terrain_tier": "Low Risk (Flat Lowland)", "priority_score": 15.44, "temporal_class": "persistent", "t4_status": "pending", "t4_mean_power": null, "t4_mean_signed_db": null, "t4_observation": null}}, {"type": "Feature", "geometry": {"type": "Polygon", "coordinates": [[[93.98957569807605, 23.129145821148395], [93.9895637718289, 23.127520070717758], [93.99132157774709, 23.1275090311407], [93.99130166777759, 23.124799447772556], [93.99364536026555, 23.12478469979405], [93.99365733411791, 23.12641044877396], [93.99424326399674, 23.126406756050496], [93.99425524599168, 23.128032504400487], [93.99249743481863, 23.128043576909377], [93.9925054093, 23.129127409531165], [93.98957569807605, 23.129145821148395]]]}, "properties": {"id": 322, "label": "temporary radar change (return toward T1)", "class_id": 2, "direction": "increase", "area_ha": 14.407851864297875, "pixel_count": 40, "mean_change_db": 3.7433159351348877, "max_change_db": 5.342363357543945, "mean_signed_db": 3.7433159351348877, "first_observed": "2024-11-20T11:46:56.693237Z", "observation_interval": ["2024-04-18T11:46:55.497558Z", "2024-11-20T11:46:56.693237Z"], "persists_into_T3": false, "mean_power_by_date": [0.08080112934112549, 0.19224680960178375, 0.0964566245675087], "interpretation": "Unvalidated radar-change candidate; terrain, registration and moisture may explain the signal.", "mean_slope_deg": 0.48, "max_slope_deg": 0.72, "mean_elevation_m": 145.6, "terrain_risk_pct": 0.0, "terrain_tier": "Low Risk (Flat Lowland)", "priority_score": 14.21, "temporal_class": "seasonal_transient", "t4_status": "pending", "t4_mean_power": null, "t4_mean_signed_db": null, "t4_observation": null}}, {"type": "Feature", "geometry": {"type": "Polygon", "coordinates": [[[94.40278530448293, 23.309166669421284], [94.4027796201536, 23.30862484703739], [94.40160634532477, 23.30863534266706], [94.40158930761241, 23.307009874466438], [94.40217593798681, 23.307004628156758], [94.40215889468574, 23.30537916001564], [94.40274551776469, 23.30537391192045], [94.40273983463102, 23.304832089265368], [94.40449969571846, 23.304816332226583], [94.40454522257063, 23.309150909113203], [94.40278530448293, 23.309166669421284]]]}, "properties": {"id": 252, "label": "temporary radar change (return toward T1)", "class_id": 2, "direction": "increase", "area_ha": 11.883464266422367, "pixel_count": 33, "mean_change_db": 4.465707302093506, "max_change_db": 5.648345947265625, "mean_signed_db": 4.465707302093506, "first_observed": "2024-11-20T11:46:56.693237Z", "observation_interval": ["2024-04-18T11:46:55.497558Z", "2024-11-20T11:46:56.693237Z"], "persists_into_T3": false, "mean_power_by_date": [0.06551647186279297, 0.18225950002670288, 0.08241178095340729], "interpretation": "Unvalidated radar-change candidate; terrain, registration and moisture may explain the signal.", "mean_slope_deg": 1.48, "max_slope_deg": 3.04, "mean_elevation_m": 120.5, "terrain_risk_pct": 0.0, "terrain_tier": "Low Risk (Flat Lowland)", "priority_score": 15.39, "temporal_class": "seasonal_transient", "t4_status": "pending", "t4_mean_power": null, "t4_mean_signed_db": null, "t4_observation": null}}, {"type": "Feature", "geometry": {"type": "Polygon", "coordinates": [[[94.04212451405573, 23.331488700725725], [94.04210760449838, 23.32932112459773], [94.04269441170989, 23.329317219901043], [94.04269018225882, 23.32877532587476], [94.04210337742654, 23.328779230470246], [94.04209069697289, 23.327153547858657], [94.0432642922361, 23.32714573707783], [94.04326006091436, 23.326603843000033], [94.04502044571885, 23.326592110655252], [94.0450246841773, 23.327134004428963], [94.04561148123646, 23.327130089151986], [94.04562844586002, 23.32929766345895], [94.04386802575162, 23.329309403915936], [94.04388496386146, 23.33147697882887], [94.04212451405573, 23.331488700725725]]]}, "properties": {"id": 229, "label": "temporary radar change (return toward T1)", "class_id": 2, "direction": "increase", "area_ha": 13.687099252272164, "pixel_count": 38, "mean_change_db": 3.8174426555633545, "max_change_db": 5.216057777404785, "mean_signed_db": 3.8174426555633545, "first_observed": "2024-11-20T11:46:56.693237Z", "observation_interval": ["2024-04-18T11:46:55.497558Z", "2024-11-20T11:46:56.693237Z"], "persists_into_T3": false, "mean_power_by_date": [0.09076841175556183, 0.21746309101581573, 0.10340064018964767], "interpretation": "Unvalidated radar-change candidate; terrain, registration and moisture may explain the signal.", "mean_slope_deg": 0.42, "max_slope_deg": 0.59, "mean_elevation_m": 125.7, "terrain_risk_pct": 0.0, "terrain_tier": "Low Risk (Flat Lowland)", "priority_score": 14.12, "temporal_class": "seasonal_transient", "t4_status": "pending", "t4_mean_power": null, "t4_mean_signed_db": null, "t4_observation": null}}, {"type": "Feature", "geometry": {"type": "Polygon", "coordinates": [[[94.09478640031286, 23.384237060865463], [94.0947819478873, 23.38369517987399], [94.09419491148428, 23.38369928865218], [94.09419046157853, 23.383157407516084], [94.09301639314444, 23.383165618251553], [94.0929897251454, 23.379914329355554], [94.0947507846489, 23.379902011860345], [94.09475523613935, 23.380443893120148], [94.09534225809257, 23.380439782777206], [94.095351166246, 23.381523544969134], [94.09593819283735, 23.381519432210908], [94.09594710629746, 23.38260319403669], [94.09712116862302, 23.3825949614865], [94.09713455413343, 23.38422060329873], [94.09478640031286, 23.384237060865463]]]}, "properties": {"id": 180, "label": "temporary radar change (return toward T1)", "class_id": 2, "direction": "increase", "area_ha": 13.326538213194487, "pixel_count": 37, "mean_change_db": 3.9089717864990234, "max_change_db": 4.5885090827941895, "mean_signed_db": 3.9089717864990234, "first_observed": "2024-11-20T11:46:56.693237Z", "observation_interval": ["2024-04-18T11:46:55.497558Z", "2024-11-20T11:46:56.693237Z"], "persists_into_T3": false, "mean_power_by_date": [0.06520891934633255, 0.16170363128185272, 0.08129372447729111], "interpretation": "Unvalidated radar-change candidate; terrain, registration and moisture may explain the signal.", "mean_slope_deg": 0.76, "max_slope_deg": 1.05, "mean_elevation_m": 130.4, "terrain_risk_pct": 0.0, "terrain_tier": "Low Risk (Flat Lowland)", "priority_score": 14.27, "temporal_class": "seasonal_transient", "t4_status": "pending", "t4_mean_power": null, "t4_mean_signed_db": null, "t4_observation": null}}, {"type": "Feature", "geometry": {"type": "Polygon", "coordinates": [[[94.01535314503062, 22.736066934487404], [94.01534113968275, 22.734441116469185], [94.01300416929527, 22.734455946820177], [94.0129921926624, 22.732830127288754], [94.01357642853728, 22.732826423197512], [94.01357243426811, 22.732284483376883], [94.01590936734489, 22.732269646055336], [94.01592137813466, 22.733895464227754], [94.01533713814386, 22.733899177054973], [94.01534113968275, 22.734441116469185], [94.01650962414557, 22.734433688483286], [94.01650561800354, 22.733891749265524], [94.01825833687779, 22.73388059156881], [94.01827037638472, 22.73550640822462], [94.01768612997718, 22.73551012988712], [94.0176901410888, 22.73605206879601], [94.01535314503062, 22.736066934487404]]]}, "properties": {"id": 69, "label": "persistent radar change", "class_id": 1, "direction": "increase", "area_ha": 12.60669667239671, "pixel_count": 35, "mean_change_db": 4.125611782073975, "max_change_db": 4.941999435424805, "mean_signed_db": 4.125611782073975, "first_observed": "2024-11-20T11:46:56.693237Z", "observation_interval": ["2024-04-18T11:46:55.497558Z", "2024-11-20T11:46:56.693237Z"], "persists_into_T3": true, "mean_power_by_date": [0.05742243304848671, 0.14821535348892212, 0.12782365083694458], "interpretation": "Unvalidated radar-change candidate; terrain, registration and moisture may explain the signal.", "mean_slope_deg": 1.51, "max_slope_deg": 4.7, "mean_elevation_m": 186.6, "terrain_risk_pct": 0.0, "terrain_tier": "Low Risk (Flat Lowland)", "priority_score": 14.65, "temporal_class": "persistent", "t4_status": "pending", "t4_mean_power": null, "t4_mean_signed_db": null, "t4_observation": null}}, {"type": "Feature", "geometry": {"type": "Polygon", "coordinates": [[[94.07239927408355, 23.154617031349954], [94.07239496054963, 23.154075130492703], [94.07180892490346, 23.154079118022157], [94.07180461385572, 23.15353721702294], [94.07121858043558, 23.15354120226972], [94.07120134696825, 23.15137359747721], [94.07178737096483, 23.151369612645997], [94.07178306056714, 23.150827711456742], [94.07529918767969, 23.150803757345688], [94.07532513682763, 23.154055160163832], [94.07415306670727, 23.1540631548317], [94.07415738730958, 23.15460505537675], [94.07239927408355, 23.154617031349954]]]}, "properties": {"id": 312, "label": "temporary radar change (return toward T1)", "class_id": 2, "direction": "increase", "area_ha": 15.487770121980342, "pixel_count": 43, "mean_change_db": 3.3579726219177246, "max_change_db": 3.787665367126465, "mean_signed_db": 3.3579726219177246, "first_observed": "2024-11-20T11:46:56.693237Z", "observation_interval": ["2024-04-18T11:46:55.497558Z", "2024-11-20T11:46:56.693237Z"], "persists_into_T3": false, "mean_power_by_date": [0.11766424030065536, 0.2550681233406067, 0.12339644879102707], "interpretation": "Unvalidated radar-change candidate; terrain, registration and moisture may explain the signal.", "mean_slope_deg": 0.28, "max_slope_deg": 0.46, "mean_elevation_m": 114.9, "terrain_risk_pct": 0.0, "terrain_tier": "Low Risk (Flat Lowland)", "priority_score": 13.22, "temporal_class": "seasonal_transient", "t4_status": "pending", "t4_mean_power": null, "t4_mean_signed_db": null, "t4_observation": null}}, {"type": "Feature", "geometry": {"type": "Polygon", "coordinates": [[[94.0230342418283, 22.904025012692678], [94.02303017648028, 22.903483086104096], [94.02186025118856, 22.90349061420212], [94.0218480698249, 22.901864833616845], [94.02243302556214, 22.901861070940992], [94.02242896303065, 22.901319144102917], [94.02476877545342, 22.901304072270676], [94.02477284727799, 22.901845998712446], [94.02535780239833, 22.901842225274034], [94.02537410022558, 22.90400993026793], [94.0230342418283, 22.904025012692678]]]}, "properties": {"id": 24, "label": "persistent radar change", "class_id": 1, "direction": "increase", "area_ha": 9.364940960906608, "pixel_count": 26, "mean_change_db": 5.528253555297852, "max_change_db": 6.235608100891113, "mean_signed_db": 5.528253555297852, "first_observed": "2024-11-20T11:46:56.693237Z", "observation_interval": ["2024-04-18T11:46:55.497558Z", "2024-11-20T11:46:56.693237Z"], "persists_into_T3": true, "mean_power_by_date": [0.053225379437208176, 0.19085809588432312, 0.15297821164131165], "interpretation": "Unvalidated radar-change candidate; terrain, registration and moisture may explain the signal.", "mean_slope_deg": 0.68, "max_slope_deg": 0.82, "mean_elevation_m": 150.8, "terrain_risk_pct": 0.0, "terrain_tier": "Low Risk (Flat Lowland)", "priority_score": 16.92, "temporal_class": "persistent", "t4_status": "pending", "t4_mean_power": null, "t4_mean_signed_db": null, "t4_observation": null}}, {"type": "Feature", "geometry": {"type": "Polygon", "coordinates": [[[94.00420943574255, 23.362084181858897], [94.00419311742264, 23.35991658845614], [94.00712785956974, 23.35989772978807], [94.0071196773115, 23.358813933834128], [94.00888050682661, 23.358802592813937], [94.00888870338464, 23.359886388180595], [94.00947565107695, 23.359882603243673], [94.00948795398722, 23.361508295713286], [94.00890099914449, 23.3615120809442], [94.0089050979772, 23.362053978455688], [94.00420943574255, 23.362084181858897]]]}, "properties": {"id": 199, "label": "temporary radar change (return toward T1)", "class_id": 2, "direction": "increase", "area_ha": 14.76794827227348, "pixel_count": 41, "mean_change_db": 3.4772896766662598, "max_change_db": 4.15957498550415, "mean_signed_db": 3.4772896766662598, "first_observed": "2024-11-20T11:46:56.693237Z", "observation_interval": ["2024-04-18T11:46:55.497558Z", "2024-11-20T11:46:56.693237Z"], "persists_into_T3": false, "mean_power_by_date": [0.08895700424909592, 0.1978580355644226, 0.10938528180122375], "interpretation": "Unvalidated radar-change candidate; terrain, registration and moisture may explain the signal.", "mean_slope_deg": 0.76, "max_slope_deg": 1.14, "mean_elevation_m": 164.6, "terrain_risk_pct": 0.0, "terrain_tier": "Low Risk (Flat Lowland)", "priority_score": 13.36, "temporal_class": "seasonal_transient", "t4_status": "pending", "t4_mean_power": null, "t4_mean_signed_db": null, "t4_observation": null}}, {"type": "Feature", "geometry": {"type": "Polygon", "coordinates": [[[94.08060542202337, 23.22772107710301], [94.08057053072329, 23.22338592114518], [94.08350220929412, 23.22336574205312], [94.08351970119968, 23.22553331823762], [94.08410604598032, 23.225529275440607], [94.08411917338877, 23.227154956863323], [94.0835328215115, 23.227158999975753], [94.08353719521214, 23.227700893812226], [94.08060542202337, 23.22772107710301]]]}, "properties": {"id": 289, "label": "temporary radar change (return toward T1)", "class_id": 2, "direction": "increase", "area_ha": 15.487696100113494, "pixel_count": 43, "mean_change_db": 3.309683084487915, "max_change_db": 3.6111111640930176, "mean_signed_db": 3.309683084487915, "first_observed": "2024-11-20T11:46:56.693237Z", "observation_interval": ["2024-04-18T11:46:55.497558Z", "2024-11-20T11:46:56.693237Z"], "persists_into_T3": false, "mean_power_by_date": [0.11980948597192764, 0.25658759474754333, 0.1251695156097412], "interpretation": "Unvalidated radar-change candidate; terrain, registration and moisture may explain the signal.", "mean_slope_deg": 0.1, "max_slope_deg": 0.27, "mean_elevation_m": 111.3, "terrain_risk_pct": 0.0, "terrain_tier": "Low Risk (Flat Lowland)", "priority_score": 13.03, "temporal_class": "seasonal_transient", "t4_status": "pending", "t4_mean_power": null, "t4_mean_signed_db": null, "t4_observation": null}}, {"type": "Feature", "geometry": {"type": "Polygon", "coordinates": [[[94.06983401543343, 22.679347656594178], [94.06982981051802, 22.678805722876046], [94.06924581424519, 22.67880962380732], [94.06924161175225, 22.67826768994842], [94.0669056345571, 22.678283271969246], [94.06689305537634, 22.67665746892954], [94.07273292569545, 22.67661845310682], [94.07274557369898, 22.67824425304483], [94.0721615803622, 22.678248164518113], [94.07216579432631, 22.678790097859633], [94.07158179856681, 22.678794007307427], [94.07158601036512, 22.67933594071513], [94.06983401543343, 22.679347656594178]]]}, "properties": {"id": 73, "label": "persistent radar change", "class_id": 1, "direction": "increase", "area_ha": 13.68686262308557, "pixel_count": 38, "mean_change_db": 3.6836893558502197, "max_change_db": 4.512572288513184, "mean_signed_db": 3.6836893558502197, "first_observed": "2024-11-20T11:46:56.693237Z", "observation_interval": ["2024-04-18T11:46:55.497558Z", "2024-11-20T11:46:56.693237Z"], "persists_into_T3": true, "mean_power_by_date": [0.07401391118764877, 0.17230287194252014, 0.16727076470851898], "interpretation": "Unvalidated radar-change candidate; terrain, registration and moisture may explain the signal.", "mean_slope_deg": 0.27, "max_slope_deg": 0.65, "mean_elevation_m": 155.3, "terrain_risk_pct": 0.0, "terrain_tier": "Low Risk (Flat Lowland)", "priority_score": 13.63, "temporal_class": "persistent", "t4_status": "pending", "t4_mean_power": null, "t4_mean_signed_db": null, "t4_observation": null}}, {"type": "Feature", "geometry": {"type": "Polygon", "coordinates": [[[94.00163385696254, 23.331752845716686], [94.00162573030475, 23.330669044038622], [93.99986526787737, 23.3306802906834], [93.99984904457925, 23.328512685703746], [94.00219628950146, 23.328497687337308], [94.00220035466035, 23.3290395882507], [94.00454760714564, 23.329024554338414], [94.00455983190818, 23.330650255680826], [94.00397301183204, 23.33065401774736], [94.00397708461817, 23.33119591821605], [94.00339026204013, 23.331199678182536], [94.00339433256896, 23.331741578710513], [94.00163385696254, 23.331752845716686]]]}, "properties": {"id": 228, "label": "temporary radar change (return toward T1)", "class_id": 2, "direction": "increase", "area_ha": 12.606814861103567, "pixel_count": 35, "mean_change_db": 3.9910824298858643, "max_change_db": 5.330842971801758, "mean_signed_db": 3.9910824298858643, "first_observed": "2024-11-20T11:46:56.693237Z", "observation_interval": ["2024-04-18T11:46:55.497558Z", "2024-11-20T11:46:56.693237Z"], "persists_into_T3": false, "mean_power_by_date": [0.07800471782684326, 0.196214497089386, 0.09986821562051773], "interpretation": "Unvalidated radar-change candidate; terrain, registration and moisture may explain the signal.", "mean_slope_deg": 0.99, "max_slope_deg": 1.53, "mean_elevation_m": 145.2, "terrain_risk_pct": 0.0, "terrain_tier": "Low Risk (Flat Lowland)", "priority_score": 14.17, "temporal_class": "seasonal_transient", "t4_status": "pending", "t4_mean_power": null, "t4_mean_signed_db": null, "t4_observation": null}}, {"type": "Feature", "geometry": {"type": "Polygon", "coordinates": [[[94.49404860149657, 22.861820393795977], [94.49403675260515, 22.860736731514283], [94.49345207922238, 22.860742220604358], [94.49343431418271, 22.859116726460826], [94.49401898061693, 22.85911123780427], [94.49401305698053, 22.85856940649094], [94.49459772091888, 22.858563915832327], [94.49459179514635, 22.85802208462524], [94.49693043983605, 22.85800010110406], [94.49696605275717, 22.861251084298797], [94.49638137795806, 22.86125658426756], [94.49638731175925, 22.861798414810643], [94.49404860149657, 22.861820393795977]]]}, "properties": {"id": 423, "label": "temporary radar change (return toward T1)", "class_id": 2, "direction": "increase", "area_ha": 12.962832893569884, "pixel_count": 36, "mean_change_db": 3.8752644062042236, "max_change_db": 5.185894966125488, "mean_signed_db": 3.8752644062042236, "first_observed": "2024-11-20T11:46:56.693237Z", "observation_interval": ["2024-04-18T11:46:55.497558Z", "2024-11-20T11:46:56.693237Z"], "persists_into_T3": false, "mean_power_by_date": [0.08587102591991425, 0.20958951115608215, 0.10413995385169983], "interpretation": "Unvalidated radar-change candidate; terrain, registration and moisture may explain the signal.", "mean_slope_deg": 2.52, "max_slope_deg": 5.76, "mean_elevation_m": 116.4, "terrain_risk_pct": 0.0, "terrain_tier": "Low Risk (Flat Lowland)", "priority_score": 13.95, "temporal_class": "seasonal_transient", "t4_status": "pending", "t4_mean_power": null, "t4_mean_signed_db": null, "t4_observation": null}}, {"type": "Feature", "geometry": {"type": "Polygon", "coordinates": [[[94.38358306605618, 22.75118618861602], [94.38355032633314, 22.747934998036232], [94.38530298769774, 22.747919806752606], [94.38530845080946, 22.74846167154267], [94.38589267323397, 22.748456603376706], [94.38589813881421, 22.748998467994838], [94.38765081199584, 22.748983250282013], [94.387667230456, 22.750608842701915], [94.3853303049194, 22.750629130323116], [94.38533576886267, 22.751170994923267], [94.38358306605618, 22.75118618861602]]]}, "properties": {"id": 471, "label": "temporary radar change (return toward T1)", "class_id": 2, "direction": "increase", "area_ha": 11.163348921107152, "pixel_count": 31, "mean_change_db": 4.485473155975342, "max_change_db": 5.339969158172607, "mean_signed_db": 4.485473155975342, "first_observed": "2024-11-20T11:46:56.693237Z", "observation_interval": ["2024-04-18T11:46:55.497558Z", "2024-11-20T11:46:56.693237Z"], "persists_into_T3": false, "mean_power_by_date": [0.07342888414859772, 0.206658273935318, 0.0853138267993927], "interpretation": "Unvalidated radar-change candidate; terrain, registration and moisture may explain the signal.", "mean_slope_deg": 1.05, "max_slope_deg": 3.49, "mean_elevation_m": 130.0, "terrain_risk_pct": 0.0, "terrain_tier": "Low Risk (Flat Lowland)", "priority_score": 14.99, "temporal_class": "seasonal_transient", "t4_status": "pending", "t4_mean_power": null, "t4_mean_signed_db": null, "t4_observation": null}}, {"type": "Feature", "geometry": {"type": "Polygon", "coordinates": [[[94.3985857175921, 23.356347094009354], [94.39858003744158, 23.35580527391076], [94.3979931918311, 23.355810517076595], [94.39798183680439, 23.354726876491522], [94.39739499578627, 23.354732117187023], [94.39736094908325, 23.351481193686674], [94.39912142876622, 23.351465467447017], [94.39913279127161, 23.35254910795452], [94.39971962225349, 23.352543861205916], [94.39973667443427, 23.354169321268646], [94.40032351238892, 23.354164071913694], [94.40034626054464, 23.356331350910516], [94.3985857175921, 23.356347094009354]]]}, "properties": {"id": 202, "label": "temporary radar change (return toward T1)", "class_id": 2, "direction": "increase", "area_ha": 12.243609750104067, "pixel_count": 34, "mean_change_db": 4.089694976806641, "max_change_db": 5.146930694580078, "mean_signed_db": 4.089694976806641, "first_observed": "2024-11-20T11:46:56.693237Z", "observation_interval": ["2024-04-18T11:46:55.497558Z", "2024-11-20T11:46:56.693237Z"], "persists_into_T3": false, "mean_power_by_date": [0.06846312433481216, 0.17431509494781494, 0.0825154036283493], "interpretation": "Unvalidated radar-change candidate; terrain, registration and moisture may explain the signal.", "mean_slope_deg": 1.88, "max_slope_deg": 3.86, "mean_elevation_m": 134.7, "terrain_risk_pct": 0.0, "terrain_tier": "Low Risk (Flat Lowland)", "priority_score": 14.31, "temporal_class": "seasonal_transient", "t4_status": "pending", "t4_mean_power": null, "t4_mean_signed_db": null, "t4_observation": null}}, {"type": "Feature", "geometry": {"type": "Polygon", "coordinates": [[[94.36892410677295, 22.97945547846361], [94.36890772848548, 22.977829919902575], [94.3694929363427, 22.977824864084123], [94.36947655254711, 22.976199305576532], [94.37006175324323, 22.976194247996535], [94.37005628997697, 22.975652395216795], [94.37181188407722, 22.97563720991941], [94.37182829535878, 22.97726276694918], [94.37241350005651, 22.9772577004664], [94.37240802713177, 22.976715848294255], [94.37416363323472, 22.976700636288584], [94.37418007349373, 22.97832619149349], [94.37359486462937, 22.97833126472045], [94.37360034271546, 22.978873116511924], [94.37184470813114, 22.97888832363464], [94.37183923704137, 22.97834647144441], [94.37125402751398, 22.978351536033422], [94.37125949627163, 22.978893388356457], [94.37067428424655, 22.978898450918713], [94.37067975083758, 22.97944030333624], [94.36892410677295, 22.97945547846361]]]}, "properties": {"id": 390, "label": "temporary radar change (return toward T1)", "class_id": 2, "direction": "increase", "area_ha": 14.764603076101467, "pixel_count": 41, "mean_change_db": 3.3895576000213623, "max_change_db": 3.866250514984131, "mean_signed_db": 3.3895576000213623, "first_observed": "2024-11-20T11:46:56.693237Z", "observation_interval": ["2024-04-18T11:46:55.497558Z", "2024-11-20T11:46:56.693237Z"], "persists_into_T3": false, "mean_power_by_date": [0.08874844759702682, 0.19398151338100433, 0.1073715016245842], "interpretation": "Unvalidated radar-change candidate; terrain, registration and moisture may explain the signal.", "mean_slope_deg": 0.89, "max_slope_deg": 6.26, "mean_elevation_m": 99.6, "terrain_risk_pct": 0.0, "terrain_tier": "Low Risk (Flat Lowland)", "priority_score": 13.02, "temporal_class": "seasonal_transient", "t4_status": "pending", "t4_mean_power": null, "t4_mean_signed_db": null, "t4_observation": null}}, {"type": "Feature", "geometry": {"type": "Polygon", "coordinates": [[[94.1087372323707, 22.796144849176866], [94.10873284959685, 22.795602930404243], [94.1075638795512, 22.79561105318017], [94.10755074588421, 22.79398529599361], [94.1116420902183, 22.79395683106054], [94.1116464841377, 22.794498749409104], [94.11223096367483, 22.794494674318443], [94.11224415316241, 22.79612042881585], [94.1087372323707, 22.796144849176866]]]}, "properties": {"id": 51, "label": "persistent radar change", "class_id": 1, "direction": "increase", "area_ha": 10.445005826804996, "pixel_count": 29, "mean_change_db": 4.760281562805176, "max_change_db": 6.151913166046143, "mean_signed_db": 4.760281562805176, "first_observed": "2024-11-20T11:46:56.693237Z", "observation_interval": ["2024-04-18T11:46:55.497558Z", "2024-11-20T11:46:56.693237Z"], "persists_into_T3": true, "mean_power_by_date": [0.05528426542878151, 0.1649722009897232, 0.18661344051361084], "interpretation": "Unvalidated radar-change candidate; terrain, registration and moisture may explain the signal.", "mean_slope_deg": 0.2, "max_slope_deg": 0.56, "mean_elevation_m": 138.6, "terrain_risk_pct": 0.0, "terrain_tier": "Low Risk (Flat Lowland)", "priority_score": 15.38, "temporal_class": "persistent", "t4_status": "pending", "t4_mean_power": null, "t4_mean_signed_db": null, "t4_observation": null}}, {"type": "Feature", "geometry": {"type": "Polygon", "coordinates": [[[94.31469846664599, 23.24111033739235], [94.31469315658526, 23.24056849046016], [94.31410679573712, 23.24057339623805], [94.31409087361338, 23.238947854827977], [94.314677227362, 23.2389429494326], [94.31466660867888, 23.237859255221736], [94.3187710473119, 23.237824858007354], [94.31879235157645, 23.23999224269862], [94.31644692116987, 23.240011913415838], [94.3164575553312, 23.241095606553], [94.31469846664599, 23.24111033739235]]]}, "properties": {"id": 280, "label": "temporary radar change (return toward T1)", "class_id": 2, "direction": "increase", "area_ha": 13.324688930444513, "pixel_count": 37, "mean_change_db": 3.72701358795166, "max_change_db": 4.606992244720459, "mean_signed_db": 3.72701358795166, "first_observed": "2024-11-20T11:46:56.693237Z", "observation_interval": ["2024-04-18T11:46:55.497558Z", "2024-11-20T11:46:56.693237Z"], "persists_into_T3": false, "mean_power_by_date": [0.07074220478534698, 0.16604243218898773, 0.07800344377756119], "interpretation": "Unvalidated radar-change candidate; terrain, registration and moisture may explain the signal.", "mean_slope_deg": 1.85, "max_slope_deg": 5.66, "mean_elevation_m": 106.8, "terrain_risk_pct": 0.0, "terrain_tier": "Low Risk (Flat Lowland)", "priority_score": 13.6, "temporal_class": "seasonal_transient", "t4_status": "pending", "t4_mean_power": null, "t4_mean_signed_db": null, "t4_observation": null}}, {"type": "Feature", "geometry": {"type": "Polygon", "coordinates": [[[94.00344379959382, 23.181626208451963], [94.0034397581329, 23.18108429757937], [94.00285359208755, 23.181088032765828], [94.00284147551486, 23.179462299628465], [94.00459995204776, 23.17945108839984], [94.00460399786257, 23.179992999191555], [94.00577631966085, 23.179985513936114], [94.00576416842472, 23.178359782032018], [94.00752262896998, 23.178348538665013], [94.0075388591778, 23.180516179956403], [94.0057803703171, 23.180527424494908], [94.00578847199586, 23.181611245498623], [94.00344379959382, 23.181626208451963]]]}, "properties": {"id": 301, "label": "temporary radar change (return toward T1)", "class_id": 2, "direction": "increase", "area_ha": 10.445623895857413, "pixel_count": 29, "mean_change_db": 4.725090980529785, "max_change_db": 6.555423736572266, "mean_signed_db": 4.725090980529785, "first_observed": "2024-11-20T11:46:56.693237Z", "observation_interval": ["2024-04-18T11:46:55.497558Z", "2024-11-20T11:46:56.693237Z"], "persists_into_T3": false, "mean_power_by_date": [0.07849248498678207, 0.23109787702560425, 0.09679172933101654], "interpretation": "Unvalidated radar-change candidate; terrain, registration and moisture may explain the signal.", "mean_slope_deg": 0.46, "max_slope_deg": 0.74, "mean_elevation_m": 158.6, "terrain_risk_pct": 0.0, "terrain_tier": "Low Risk (Flat Lowland)", "priority_score": 15.27, "temporal_class": "seasonal_transient", "t4_status": "pending", "t4_mean_power": null, "t4_mean_signed_db": null, "t4_observation": null}}, {"type": "Feature", "geometry": {"type": "Polygon", "coordinates": [[[94.03584581931817, 22.896354688143205], [94.03582936119628, 22.89418698822425], [94.03641428143763, 22.894183175292618], [94.0363978160245, 22.892015475172713], [94.03873745858616, 22.89200020353618], [94.03874983532374, 22.893625977477477], [94.03816491790465, 22.893629798915303], [94.03818141268461, 22.895797497378876], [94.03759648585107, 22.895801317066898], [94.03760060753635, 22.896343241689163], [94.03584581931817, 22.896354688143205]]]}, "properties": {"id": 27, "label": "persistent radar change", "class_id": 1, "direction": "increase", "area_ha": 10.805622007577819, "pixel_count": 30, "mean_change_db": 4.567472457885742, "max_change_db": 5.343921661376953, "mean_signed_db": 4.567472457885742, "first_observed": "2024-11-20T11:46:56.693237Z", "observation_interval": ["2024-04-18T11:46:55.497558Z", "2024-11-20T11:46:56.693237Z"], "persists_into_T3": true, "mean_power_by_date": [0.06880214810371399, 0.19620972871780396, 0.16621333360671997], "interpretation": "Unvalidated radar-change candidate; terrain, registration and moisture may explain the signal.", "mean_slope_deg": 0.32, "max_slope_deg": 0.66, "mean_elevation_m": 142.6, "terrain_risk_pct": 0.0, "terrain_tier": "Low Risk (Flat Lowland)", "priority_score": 15.01, "temporal_class": "persistent", "t4_status": "pending", "t4_mean_power": null, "t4_mean_signed_db": null, "t4_observation": null}}, {"type": "Feature", "geometry": {"type": "Polygon", "coordinates": [[[94.12194548637036, 22.76732920391688], [94.12193220055205, 22.76570344895134], [94.1225165553904, 22.765699341074164], [94.12250326386926, 22.76407358609592], [94.12425630682795, 22.764061250613775], [94.12426074411566, 22.764603168651554], [94.12659814205703, 22.764586690976532], [94.12661592944347, 22.76675436101055], [94.12603157093965, 22.766758484071843], [94.12603601581907, 22.767300401595286], [94.12194548637036, 22.76732920391688]]]}, "properties": {"id": 460, "label": "temporary radar change (return toward T1)", "class_id": 2, "direction": "increase", "area_ha": 14.406782681734324, "pixel_count": 40, "mean_change_db": 3.4249205589294434, "max_change_db": 3.971330165863037, "mean_signed_db": 3.4249205589294434, "first_observed": "2024-11-20T11:46:56.693237Z", "observation_interval": ["2024-04-18T11:46:55.497558Z", "2024-11-20T11:46:56.693237Z"], "persists_into_T3": false, "mean_power_by_date": [0.10881595313549042, 0.24002233147621155, 0.12263765186071396], "interpretation": "Unvalidated radar-change candidate; terrain, registration and moisture may explain the signal.", "mean_slope_deg": 0.59, "max_slope_deg": 1.43, "mean_elevation_m": 144.7, "terrain_risk_pct": 0.0, "terrain_tier": "Low Risk (Flat Lowland)", "priority_score": 13.0, "temporal_class": "seasonal_transient", "t4_status": "pending", "t4_mean_power": null, "t4_mean_signed_db": null, "t4_observation": null}}, {"type": "Feature", "geometry": {"type": "Polygon", "coordinates": [[[94.05313127449466, 22.786224580112716], [94.0531187919473, 22.784598791746394], [94.0537032406347, 22.784594932709194], [94.0536907523027, 22.7829691443109], [94.05485963545024, 22.78296142042769], [94.05485546831066, 22.782419491090494], [94.05719322385302, 22.78240401805232], [94.0572057533458, 22.784029804725797], [94.05662130772717, 22.784033676501934], [94.05662965674162, 22.785117534301115], [94.05604520638005, 22.785121404141446], [94.05605355128618, 22.786205261994873], [94.05313127449466, 22.786224580112716]]]}, "properties": {"id": 451, "label": "temporary radar change (return toward T1)", "class_id": 2, "direction": "increase", "area_ha": 13.326797809216053, "pixel_count": 37, "mean_change_db": 3.696943521499634, "max_change_db": 4.152848243713379, "mean_signed_db": 3.696943521499634, "first_observed": "2024-11-20T11:46:56.693237Z", "observation_interval": ["2024-04-18T11:46:55.497558Z", "2024-11-20T11:46:56.693237Z"], "persists_into_T3": false, "mean_power_by_date": [0.05908014252781868, 0.1382780373096466, 0.07257897406816483], "interpretation": "Unvalidated radar-change candidate; terrain, registration and moisture may explain the signal.", "mean_slope_deg": 0.33, "max_slope_deg": 0.75, "mean_elevation_m": 155.5, "terrain_risk_pct": 0.0, "terrain_tier": "Low Risk (Flat Lowland)", "priority_score": 13.5, "temporal_class": "seasonal_transient", "t4_status": "pending", "t4_mean_power": null, "t4_mean_signed_db": null, "t4_observation": null}}, {"type": "Feature", "geometry": {"type": "Polygon", "coordinates": [[[94.02356669252052, 22.818934572158934], [94.02356264188151, 22.81839263986974], [94.02297804346811, 22.81839639374989], [94.02297399526466, 22.81785446132418], [94.02238939904066, 22.817858212961607], [94.02239344493168, 22.818400145486248], [94.02063964858479, 22.818411387832505], [94.02062753209194, 22.816785589256682], [94.02238130762751, 22.816774347799786], [94.02237726210541, 22.816232415162602], [94.02530020730997, 22.816213637023697], [94.02532049395921, 22.81892329735837], [94.02356669252052, 22.818934572158934]]]}, "properties": {"id": 43, "label": "persistent radar change", "class_id": 1, "direction": "increase", "area_ha": 11.165890144725912, "pixel_count": 31, "mean_change_db": 4.402897834777832, "max_change_db": 5.165454864501953, "mean_signed_db": 4.402897834777832, "first_observed": "2024-11-20T11:46:56.693237Z", "observation_interval": ["2024-04-18T11:46:55.497558Z", "2024-11-20T11:46:56.693237Z"], "persists_into_T3": true, "mean_power_by_date": [0.054336220026016235, 0.15080410242080688, 0.12485628575086594], "interpretation": "Unvalidated radar-change candidate; terrain, registration and moisture may explain the signal.", "mean_slope_deg": 0.36, "max_slope_deg": 1.09, "mean_elevation_m": 151.2, "terrain_risk_pct": 0.0, "terrain_tier": "Low Risk (Flat Lowland)", "priority_score": 14.71, "temporal_class": "persistent", "t4_status": "pending", "t4_mean_power": null, "t4_mean_signed_db": null, "t4_observation": null}}, {"type": "Feature", "geometry": {"type": "Polygon", "coordinates": [[[94.42672524880365, 23.353383761570058], [94.4266904898762, 23.35013287872758], [94.42610367634073, 23.350138226055822], [94.42608630636639, 23.348512783694822], [94.42902033659645, 23.348486027149693], [94.42904934693699, 23.351195094092606], [94.42846252933629, 23.351200450491287], [94.4284857312209, 23.353367703901196], [94.42672524880365, 23.353383761570058]]]}, "properties": {"id": 204, "label": "temporary radar change (return toward T1)", "class_id": 2, "direction": "increase", "area_ha": 12.603450431761052, "pixel_count": 35, "mean_change_db": 3.874530792236328, "max_change_db": 5.378603935241699, "mean_signed_db": 3.874530792236328, "first_observed": "2024-11-20T11:46:56.693237Z", "observation_interval": ["2024-04-18T11:46:55.497558Z", "2024-11-20T11:46:56.693237Z"], "persists_into_T3": false, "mean_power_by_date": [0.06864403933286667, 0.16730743646621704, 0.08255855739116669], "interpretation": "Unvalidated radar-change candidate; terrain, registration and moisture may explain the signal.", "mean_slope_deg": 2.05, "max_slope_deg": 4.73, "mean_elevation_m": 149.0, "terrain_risk_pct": 0.0, "terrain_tier": "Low Risk (Flat Lowland)", "priority_score": 13.76, "temporal_class": "seasonal_transient", "t4_status": "pending", "t4_mean_power": null, "t4_mean_signed_db": null, "t4_observation": null}}, {"type": "Feature", "geometry": {"type": "Polygon", "coordinates": [[[94.1705117427356, 22.77456767016003], [94.17049787698065, 22.772941944373795], [94.17108225266806, 22.77293765746066], [94.17107762872489, 22.772395748903133], [94.17166200196553, 22.772391459964602], [94.17164812406232, 22.770765734405856], [94.17223249024438, 22.770761443668693], [94.17222786225234, 22.77021953518711], [94.17398095303597, 22.770206650485324], [94.17399022299584, 22.771290466730196], [94.17457459092006, 22.771286167325744], [94.17458850383564, 22.77291189106987], [94.17341975401013, 22.772920488421445], [94.17343365435839, 22.77454621250773], [94.1705117427356, 22.77456767016003]]]}, "properties": {"id": 57, "label": "persistent radar change", "class_id": 1, "direction": "increase", "area_ha": 13.686048231434333, "pixel_count": 38, "mean_change_db": 3.562959671020508, "max_change_db": 4.208869457244873, "mean_signed_db": 3.562959671020508, "first_observed": "2024-11-20T11:46:56.693237Z", "observation_interval": ["2024-04-18T11:46:55.497558Z", "2024-11-20T11:46:56.693237Z"], "persists_into_T3": true, "mean_power_by_date": [0.06806845963001251, 0.1545359194278717, 0.15248258411884308], "interpretation": "Unvalidated radar-change candidate; terrain, registration and moisture may explain the signal.", "mean_slope_deg": 6.86, "max_slope_deg": 18.38, "mean_elevation_m": 261.3, "terrain_risk_pct": 0.0, "terrain_tier": "Low Risk (Flat Lowland)", "priority_score": 13.18, "temporal_class": "persistent", "t4_status": "pending", "t4_mean_power": null, "t4_mean_signed_db": null, "t4_observation": null}}, {"type": "Feature", "geometry": {"type": "Polygon", "coordinates": [[[94.3748265152068, 23.38581879193426], [94.37482092364634, 23.38527696841034], [94.37423394239595, 23.385282128622496], [94.37421717587709, 23.383656657417603], [94.37480414997144, 23.383651497605854], [94.37479855908195, 23.383109673926775], [94.37538553062338, 23.383104512046582], [94.37536875180615, 23.381479041177204], [94.37771660767238, 23.381458373241355], [94.37773341511021, 23.38308384250676], [94.37714644424047, 23.38308901319457], [94.37715204467074, 23.3836308363392], [94.37656507124777, 23.383636004958817], [94.37658746510768, 23.385803297684216], [94.3748265152068, 23.38581879193426]]]}, "properties": {"id": 175, "label": "temporary radar change (return toward T1)", "class_id": 2, "direction": "increase", "area_ha": 11.163477174076043, "pixel_count": 31, "mean_change_db": 4.362024784088135, "max_change_db": 5.127197265625, "mean_signed_db": 4.362024784088135, "first_observed": "2024-11-20T11:46:56.693237Z", "observation_interval": ["2024-04-18T11:46:55.497558Z", "2024-11-20T11:46:56.693237Z"], "persists_into_T3": false, "mean_power_by_date": [0.06152505427598953, 0.1682005524635315, 0.07769615203142166], "interpretation": "Unvalidated radar-change candidate; terrain, registration and moisture may explain the signal.", "mean_slope_deg": 1.17, "max_slope_deg": 1.79, "mean_elevation_m": 115.7, "terrain_risk_pct": 0.0, "terrain_tier": "Low Risk (Flat Lowland)", "priority_score": 14.57, "temporal_class": "seasonal_transient", "t4_status": "pending", "t4_mean_power": null, "t4_mean_signed_db": null, "t4_observation": null}}, {"type": "Feature", "geometry": {"type": "Polygon", "coordinates": [[[94.09154097800585, 23.130098796710836], [94.0915365926782, 23.1295568976048], [94.09036474181268, 23.129565004762142], [94.09036036132294, 23.129023105406578], [94.08918851463426, 23.12903120364799], [94.08917538807403, 23.1274055047194], [94.09093313673493, 23.127393355044187], [94.0909199901911, 23.125767656724626], [94.09326362499131, 23.12575142796506], [94.09329876037003, 23.13008661933595], [94.09154097800585, 23.130098796710836]]]}, "properties": {"id": 320, "label": "temporary radar change (return toward T1)", "class_id": 2, "direction": "increase", "area_ha": 14.76725705821507, "pixel_count": 41, "mean_change_db": 3.2769100666046143, "max_change_db": 3.7156925201416016, "mean_signed_db": 3.2769100666046143, "first_observed": "2024-11-20T11:46:56.693237Z", "observation_interval": ["2024-04-18T11:46:55.497558Z", "2024-11-20T11:46:56.693237Z"], "persists_into_T3": false, "mean_power_by_date": [0.10550347715616226, 0.22451230883598328, 0.11469577997922897], "interpretation": "Unvalidated radar-change candidate; terrain, registration and moisture may explain the signal.", "mean_slope_deg": 0.28, "max_slope_deg": 0.77, "mean_elevation_m": 113.3, "terrain_risk_pct": 0.0, "terrain_tier": "Low Risk (Flat Lowland)", "priority_score": 12.59, "temporal_class": "seasonal_transient", "t4_status": "pending", "t4_mean_power": null, "t4_mean_signed_db": null, "t4_observation": null}}, {"type": "Feature", "geometry": {"type": "Polygon", "coordinates": [[[93.36546156469318, 23.335612877972125], [93.36546008176373, 23.33507090528407], [93.36487316366204, 23.335072273532752], [93.36486724191468, 23.332904382262964], [93.36545415049144, 23.33290301415611], [93.36545266778474, 23.33236104128019], [93.36956100990336, 23.33235140321569], [93.3695655081607, 23.333977320981333], [93.36839168206424, 23.333980085922725], [93.36839317681093, 23.334522058507776], [93.36780626131403, 23.33452343771585], [93.36780775372428, 23.33506541029907], [93.36722083580122, 23.335066787343862], [93.3672223258749, 23.3356087599252], [93.36546156469318, 23.335612877972125]]]}, "properties": {"id": 225, "label": "temporary radar change (return toward T1)", "class_id": 2, "direction": "increase", "area_ha": 13.330198618281242, "pixel_count": 37, "mean_change_db": 3.622380495071411, "max_change_db": 4.298659324645996, "mean_signed_db": 3.622380495071411, "first_observed": "2024-11-20T11:46:56.693237Z", "observation_interval": ["2024-04-18T11:46:55.497558Z", "2024-11-20T11:46:56.693237Z"], "persists_into_T3": false, "mean_power_by_date": [0.11653776466846466, 0.26899901032447815, 0.1314278095960617], "interpretation": "Unvalidated radar-change candidate; terrain, registration and moisture may explain the signal.", "mean_slope_deg": 11.33, "max_slope_deg": 27.72, "mean_elevation_m": 680.7, "terrain_risk_pct": 8.1, "terrain_tier": "Low Risk (Flat Lowland)", "priority_score": 12.15, "temporal_class": "seasonal_transient", "t4_status": "pending", "t4_mean_power": null, "t4_mean_signed_db": null, "t4_observation": null}}, {"type": "Feature", "geometry": {"type": "Polygon", "coordinates": [[[94.0171679948138, 23.136015459056274], [94.01715573199597, 23.134389723819012], [94.01774169229542, 23.13438594257446], [94.01772942352686, 23.13276020729191], [94.02065918786808, 23.132741269898517], [94.02066739045904, 23.133825092470033], [94.02125334766335, 23.13382129826337], [94.02126565953905, 23.13544703153933], [94.01950776637156, 23.135458408519284], [94.01951186351624, 23.136000319832217], [94.0171679948138, 23.136015459056274]]]}, "properties": {"id": 318, "label": "temporary radar change (return toward T1)", "class_id": 2, "direction": "increase", "area_ha": 12.246501916903677, "pixel_count": 34, "mean_change_db": 3.9425716400146484, "max_change_db": 5.14962911605835, "mean_signed_db": 3.9425716400146484, "first_observed": "2024-11-20T11:46:56.693237Z", "observation_interval": ["2024-04-18T11:46:55.497558Z", "2024-11-20T11:46:56.693237Z"], "persists_into_T3": false, "mean_power_by_date": [0.10541640967130661, 0.2638852000236511, 0.11582563072443008], "interpretation": "Unvalidated radar-change candidate; terrain, registration and moisture may explain the signal.", "mean_slope_deg": 0.46, "max_slope_deg": 1.13, "mean_elevation_m": 132.0, "terrain_risk_pct": 0.0, "terrain_tier": "Low Risk (Flat Lowland)", "priority_score": 13.8, "temporal_class": "seasonal_transient", "t4_status": "pending", "t4_mean_power": null, "t4_mean_signed_db": null, "t4_observation": null}}, {"type": "Feature", "geometry": {"type": "Polygon", "coordinates": [[[94.0170918072931, 22.81301447882961], [94.01708778343739, 22.812472545042098], [94.0165032091075, 22.81247627425837], [94.01649918768578, 22.811934340334982], [94.01591461554534, 22.811938067309754], [94.01589854032693, 22.80977033084805], [94.01648310322135, 22.809766604266475], [94.01647908241083, 22.80922467015561], [94.01823276342637, 22.809213477848644], [94.01822873580431, 22.80867154399551], [94.01998240878409, 22.808660332698594], [94.01999451281948, 22.81028613325828], [94.01882538375425, 22.810293610190673], [94.0188455364838, 22.813003278026226], [94.0170918072931, 22.81301447882961]]]}, "properties": {"id": 45, "label": "persistent radar change", "class_id": 1, "direction": "increase", "area_ha": 13.687259174751397, "pixel_count": 38, "mean_change_db": 3.5202291011810303, "max_change_db": 4.086372375488281, "mean_signed_db": 3.5202291011810303, "first_observed": "2024-11-20T11:46:56.693237Z", "observation_interval": ["2024-04-18T11:46:55.497558Z", "2024-11-20T11:46:56.693237Z"], "persists_into_T3": true, "mean_power_by_date": [0.059413231909275055, 0.1337314397096634, 0.14216348528862], "interpretation": "Unvalidated radar-change candidate; terrain, registration and moisture may explain the signal.", "mean_slope_deg": 0.27, "max_slope_deg": 0.71, "mean_elevation_m": 152.9, "terrain_risk_pct": 0.0, "terrain_tier": "Low Risk (Flat Lowland)", "priority_score": 13.02, "temporal_class": "persistent", "t4_status": "pending", "t4_mean_power": null, "t4_mean_signed_db": null, "t4_observation": null}}, {"type": "Feature", "geometry": {"type": "Polygon", "coordinates": [[[94.07037752551965, 22.749256792390707], [94.07036486147888, 22.74763100561471], [94.07094914955981, 22.747627089413612], [94.07093647976649, 22.746001302610782], [94.07152076080968, 22.745997384584104], [94.07151653549948, 22.745455455678428], [94.07210081411112, 22.745451535619253], [94.07209658662673, 22.744909606779725], [94.07384941478058, 22.744897834097014], [94.07386635312574, 22.747065547985297], [94.07328206799151, 22.747069474764075], [94.07328630059703, 22.747611403246218], [94.07387058803434, 22.747607476363633], [94.07388329353378, 22.749233261273705], [94.07037752551965, 22.749256792390707]]]}, "properties": {"id": 477, "label": "temporary radar change (return toward T1)", "class_id": 2, "direction": "increase", "area_ha": 14.047029560899572, "pixel_count": 39, "mean_change_db": 3.41292405128479, "max_change_db": 3.885226249694824, "mean_signed_db": 3.41292405128479, "first_observed": "2024-11-20T11:46:56.693237Z", "observation_interval": ["2024-04-18T11:46:55.497558Z", "2024-11-20T11:46:56.693237Z"], "persists_into_T3": false, "mean_power_by_date": [0.05067002400755882, 0.111111581325531, 0.06634820252656937], "interpretation": "Unvalidated radar-change candidate; terrain, registration and moisture may explain the signal.", "mean_slope_deg": 0.54, "max_slope_deg": 1.31, "mean_elevation_m": 149.8, "terrain_risk_pct": 0.0, "terrain_tier": "Low Risk (Flat Lowland)", "priority_score": 12.79, "temporal_class": "seasonal_transient", "t4_status": "pending", "t4_mean_power": null, "t4_mean_signed_db": null, "t4_observation": null}}, {"type": "Feature", "geometry": {"type": "Polygon", "coordinates": [[[94.48819701074191, 22.807686289330242], [94.48816758362491, 22.804977107704715], [94.48875202023622, 22.80497165062092], [94.48874024602368, 22.803887977990875], [94.489324677838, 22.803882519054085], [94.48931878869126, 22.8033406828257], [94.49107207613307, 22.803324293602426], [94.49110155829257, 22.80603347220027], [94.49051711777928, 22.80603893813634], [94.49052890727928, 22.807122609596068], [94.48994446196824, 22.807128073679273], [94.48995035467763, 22.807669909495875], [94.48819701074191, 22.807686289330242]]]}, "properties": {"id": 46, "label": "persistent radar change", "class_id": 1, "direction": "increase", "area_ha": 11.522562766074739, "pixel_count": 32, "mean_change_db": 4.143943786621094, "max_change_db": 4.928382396697998, "mean_signed_db": 4.143943786621094, "first_observed": "2024-11-20T11:46:56.693237Z", "observation_interval": ["2024-04-18T11:46:55.497558Z", "2024-11-20T11:46:56.693237Z"], "persists_into_T3": true, "mean_power_by_date": [0.07375907897949219, 0.1921525001525879, 0.16520777344703674], "interpretation": "Unvalidated radar-change candidate; terrain, registration and moisture may explain the signal.", "mean_slope_deg": 0.85, "max_slope_deg": 2.5, "mean_elevation_m": 113.3, "terrain_risk_pct": 0.0, "terrain_tier": "Low Risk (Flat Lowland)", "priority_score": 14.07, "temporal_class": "persistent", "t4_status": "pending", "t4_mean_power": null, "t4_mean_signed_db": null, "t4_observation": null}}, {"type": "Feature", "geometry": {"type": "Polygon", "coordinates": [[[94.40155867076297, 23.52700791159078], [94.40155293193803, 23.526466104020447], [94.39979013447585, 23.526481968609993], [94.39978440303454, 23.525940160592206], [94.39919680594157, 23.52594544421886], [94.39917961985778, 23.52432001952333], [94.39976720973915, 23.524314736304753], [94.39976147898349, 23.523772928130914], [94.40269941379925, 23.523746479468738], [94.40270515657348, 23.524288286961607], [94.40329274542533, 23.52428299044294], [94.40332147389266, 23.526992026640123], [94.40155867076297, 23.52700791159078]]]}, "properties": {"id": 111, "label": "temporary radar change (return toward T1)", "class_id": 2, "direction": "increase", "area_ha": 12.60371003315635, "pixel_count": 35, "mean_change_db": 3.760345935821533, "max_change_db": 4.3926496505737305, "mean_signed_db": 3.760345935821533, "first_observed": "2024-11-20T11:46:56.693237Z", "observation_interval": ["2024-04-18T11:46:55.497558Z", "2024-11-20T11:46:56.693237Z"], "persists_into_T3": false, "mean_power_by_date": [0.06341026723384857, 0.15027682483196259, 0.08186832070350647], "interpretation": "Unvalidated radar-change candidate; terrain, registration and moisture may explain the signal.", "mean_slope_deg": 1.82, "max_slope_deg": 4.99, "mean_elevation_m": 112.0, "terrain_risk_pct": 0.0, "terrain_tier": "Low Risk (Flat Lowland)", "priority_score": 13.35, "temporal_class": "seasonal_transient", "t4_status": "pending", "t4_mean_power": null, "t4_mean_signed_db": null, "t4_observation": null}}, {"type": "Feature", "geometry": {"type": "Polygon", "coordinates": [[[94.41163199923112, 22.69458214296608], [94.41160423972781, 22.691872830930574], [94.41218821539253, 22.69186767873147], [94.4121826617048, 22.69132581634695], [94.41451855349128, 22.69130518680215], [94.4145241163579, 22.69184704864036], [94.41569206582348, 22.691836720817992], [94.4157087692099, 22.69346230528437], [94.41512478767739, 22.693467470670615], [94.41513035351728, 22.694009332220265], [94.41454636952011, 22.6940144956136], [94.4145519332346, 22.69455635726201], [94.41163199923112, 22.69458214296608]]]}, "properties": {"id": 501, "label": "temporary radar change (return toward T1)", "class_id": 2, "direction": "increase", "area_ha": 12.963617345958365, "pixel_count": 36, "mean_change_db": 3.6476736068725586, "max_change_db": 4.555034637451172, "mean_signed_db": 3.6476736068725586, "first_observed": "2024-11-20T11:46:56.693237Z", "observation_interval": ["2024-04-18T11:46:55.497558Z", "2024-11-20T11:46:56.693237Z"], "persists_into_T3": false, "mean_power_by_date": [0.09491314738988876, 0.21976684033870697, 0.09945634007453918], "interpretation": "Unvalidated radar-change candidate; terrain, registration and moisture may explain the signal.", "mean_slope_deg": 2.46, "max_slope_deg": 5.78, "mean_elevation_m": 152.9, "terrain_risk_pct": 0.0, "terrain_tier": "Low Risk (Flat Lowland)", "priority_score": 13.13, "temporal_class": "seasonal_transient", "t4_status": "pending", "t4_mean_power": null, "t4_mean_signed_db": null, "t4_observation": null}}, {"type": "Feature", "geometry": {"type": "Polygon", "coordinates": [[[94.3969216402661, 23.365573759977455], [94.39690461307235, 23.363948300322782], [94.39573084919846, 23.36395877532839], [94.39572517857296, 23.36341695509476], [94.39396453863334, 23.3634326506982], [94.39394754921942, 23.361807188545747], [94.39512129505496, 23.361796727822238], [94.39511562749246, 23.361254907297944], [94.39746310759263, 23.36123395999798], [94.39748581698073, 23.363401239693403], [94.3986595750673, 23.363390751760342], [94.39868230624299, 23.365558029749018], [94.3969216402661, 23.365573759977455]]]}, "properties": {"id": 195, "label": "temporary radar change (return toward T1)", "class_id": 2, "direction": "increase", "area_ha": 12.963845475572487, "pixel_count": 36, "mean_change_db": 3.62465238571167, "max_change_db": 4.813843250274658, "mean_signed_db": 3.62465238571167, "first_observed": "2024-11-20T11:46:56.693237Z", "observation_interval": ["2024-04-18T11:46:55.497558Z", "2024-11-20T11:46:56.693237Z"], "persists_into_T3": false, "mean_power_by_date": [0.07041800767183304, 0.16190297901630402, 0.08448439091444016], "interpretation": "Unvalidated radar-change candidate; terrain, registration and moisture may explain the signal.", "mean_slope_deg": 2.97, "max_slope_deg": 7.14, "mean_elevation_m": 138.7, "terrain_risk_pct": 0.0, "terrain_tier": "Low Risk (Flat Lowland)", "priority_score": 13.05, "temporal_class": "seasonal_transient", "t4_status": "pending", "t4_mean_power": null, "t4_mean_signed_db": null, "t4_observation": null}}, {"type": "Feature", "geometry": {"type": "Polygon", "coordinates": [[[94.06880049627152, 22.696697322378352], [94.0687920875462, 22.69561345688545], [94.06820801986106, 22.695617356759602], [94.06819541462326, 22.6939915579298], [94.06877947541939, 22.693987658365472], [94.06876266104436, 22.691819926481664], [94.07051481511051, 22.691808216244997], [94.07054007877275, 22.69505981198528], [94.07170820839572, 22.695051993266084], [94.0717208557385, 22.696677790009886], [94.06880049627152, 22.696697322378352]]]}, "properties": {"id": 504, "label": "temporary radar change (return toward T1)", "class_id": 2, "direction": "increase", "area_ha": 12.966504545479408, "pixel_count": 36, "mean_change_db": 3.622400999069214, "max_change_db": 4.712224006652832, "mean_signed_db": 3.622400999069214, "first_observed": "2024-11-20T11:46:56.693237Z", "observation_interval": ["2024-04-18T11:46:55.497558Z", "2024-11-20T11:46:56.693237Z"], "persists_into_T3": false, "mean_power_by_date": [0.07896992564201355, 0.18238751590251923, 0.1039058268070221], "interpretation": "Unvalidated radar-change candidate; terrain, registration and moisture may explain the signal.", "mean_slope_deg": 0.65, "max_slope_deg": 1.35, "mean_elevation_m": 152.1, "terrain_risk_pct": 0.0, "terrain_tier": "Low Risk (Flat Lowland)", "priority_score": 13.04, "temporal_class": "seasonal_transient", "t4_status": "pending", "t4_mean_power": null, "t4_mean_signed_db": null, "t4_observation": null}}, {"type": "Feature", "geometry": {"type": "Polygon", "coordinates": [[[94.45741776264455, 23.42300081154578], [94.45741182469439, 23.42245900999762], [94.45623757612437, 23.42246996457228], [94.45621384522265, 23.420302756857804], [94.45680096003709, 23.4202972812392], [94.45678315655914, 23.418671875468352], [94.4591315853615, 23.418649952637818], [94.45915536192254, 23.4208171579887], [94.45798112876014, 23.420828124947946], [94.45798706856618, 23.421369926471503], [94.45916130650826, 23.42135895922894], [94.45917914133467, 23.42298436271568], [94.45741776264455, 23.42300081154578]]]}, "properties": {"id": 139, "label": "temporary radar change (return toward T1)", "class_id": 2, "direction": "increase", "area_ha": 11.882993556865282, "pixel_count": 33, "mean_change_db": 3.9341495037078857, "max_change_db": 5.106172561645508, "mean_signed_db": 3.9341495037078857, "first_observed": "2024-11-20T11:46:56.693237Z", "observation_interval": ["2024-04-18T11:46:55.497558Z", "2024-11-20T11:46:56.693237Z"], "persists_into_T3": false, "mean_power_by_date": [0.06583291292190552, 0.1621227264404297, 0.07991000264883041], "interpretation": "Unvalidated radar-change candidate; terrain, registration and moisture may explain the signal.", "mean_slope_deg": 1.49, "max_slope_deg": 4.33, "mean_elevation_m": 153.1, "terrain_risk_pct": 0.0, "terrain_tier": "Low Risk (Flat Lowland)", "priority_score": 13.56, "temporal_class": "seasonal_transient", "t4_status": "pending", "t4_mean_power": null, "t4_mean_signed_db": null, "t4_observation": null}}, {"type": "Feature", "geometry": {"type": "Polygon", "coordinates": [[[94.39088325416935, 23.349371398215414], [94.39084937479448, 23.346120463455872], [94.3937833970756, 23.346094369740623], [94.39378905511546, 23.34663619162167], [94.39496266759966, 23.34662573847914], [94.39497965702093, 23.34825120307747], [94.39439284372268, 23.348256431153906], [94.39439850482268, 23.348798252744523], [94.39263805676677, 23.348813924190573], [94.39264371089493, 23.349355746148248], [94.39088325416935, 23.349371398215414]]]}, "properties": {"id": 207, "label": "temporary radar change (return toward T1)", "class_id": 2, "direction": "increase", "area_ha": 12.603770228827768, "pixel_count": 35, "mean_change_db": 3.700279474258423, "max_change_db": 4.433577537536621, "mean_signed_db": 3.700279474258423, "first_observed": "2024-11-20T11:46:56.693237Z", "observation_interval": ["2024-04-18T11:46:55.497558Z", "2024-11-20T11:46:56.693237Z"], "persists_into_T3": false, "mean_power_by_date": [0.07487953454256058, 0.17532365024089813, 0.08494534343481064], "interpretation": "Unvalidated radar-change candidate; terrain, registration and moisture may explain the signal.", "mean_slope_deg": 2.87, "max_slope_deg": 10.77, "mean_elevation_m": 133.4, "terrain_risk_pct": 0.0, "terrain_tier": "Low Risk (Flat Lowland)", "priority_score": 13.14, "temporal_class": "seasonal_transient", "t4_status": "pending", "t4_mean_power": null, "t4_mean_signed_db": null, "t4_observation": null}}, {"type": "Feature", "geometry": {"type": "Polygon", "coordinates": [[[94.38530157455864, 23.263804456264257], [94.38528477122145, 23.262178967476313], [94.38587120929098, 23.26217379156179], [94.38585440036296, 23.260548302829264], [94.3864408311567, 23.260543125129015], [94.38642962130966, 23.25945946604971], [94.38818889846556, 23.259443920622545], [94.3882281856316, 23.26323672389721], [94.38705530119613, 23.263247091588937], [94.38706090958509, 23.2637889207428], [94.38530157455864, 23.263804456264257]]]}, "properties": {"id": 277, "label": "temporary radar change (return toward T1)", "class_id": 2, "direction": "increase", "area_ha": 11.1633811833004, "pixel_count": 31, "mean_change_db": 4.171673774719238, "max_change_db": 5.75838565826416, "mean_signed_db": 4.171673774719238, "first_observed": "2024-11-20T11:46:56.693237Z", "observation_interval": ["2024-04-18T11:46:55.497558Z", "2024-11-20T11:46:56.693237Z"], "persists_into_T3": false, "mean_power_by_date": [0.06077824532985687, 0.15949425101280212, 0.07363981753587723], "interpretation": "Unvalidated radar-change candidate; terrain, registration and moisture may explain the signal.", "mean_slope_deg": 3.96, "max_slope_deg": 9.32, "mean_elevation_m": 130.9, "terrain_risk_pct": 0.0, "terrain_tier": "Low Risk (Flat Lowland)", "priority_score": 13.94, "temporal_class": "seasonal_transient", "t4_status": "pending", "t4_mean_power": null, "t4_mean_signed_db": null, "t4_observation": null}}, {"type": "Feature", "geometry": {"type": "Polygon", "coordinates": [[[94.56622494798626, 23.187870021944732], [94.56621863843161, 23.187328231446386], [94.56563257489422, 23.187334063180845], [94.56560104176465, 23.184625109346474], [94.56735919643029, 23.18460760987931], [94.56736550975094, 23.185149400268347], [94.56912366977923, 23.185131880721638], [94.56914895326541, 23.187299040064133], [94.5685628906793, 23.187304882701905], [94.5685692096684, 23.18784667259237], [94.56622494798626, 23.187870021944732]]]}, "properties": {"id": 20, "label": "persistent radar change", "class_id": 1, "direction": "increase", "area_ha": 11.161832698923838, "pixel_count": 31, "mean_change_db": 4.166545391082764, "max_change_db": 4.760646820068359, "mean_signed_db": 4.166545391082764, "first_observed": "2024-11-20T11:46:56.693237Z", "observation_interval": ["2024-04-18T11:46:55.497558Z", "2024-11-20T11:46:56.693237Z"], "persists_into_T3": true, "mean_power_by_date": [0.0517379567027092, 0.13452757894992828, 0.11892081052064896], "interpretation": "Unvalidated radar-change candidate; terrain, registration and moisture may explain the signal.", "mean_slope_deg": 3.28, "max_slope_deg": 5.64, "mean_elevation_m": 314.6, "terrain_risk_pct": 0.0, "terrain_tier": "Low Risk (Flat Lowland)", "priority_score": 13.92, "temporal_class": "persistent", "t4_status": "pending", "t4_mean_power": null, "t4_mean_signed_db": null, "t4_observation": null}}, {"type": "Feature", "geometry": {"type": "Polygon", "coordinates": [[[94.05642942054382, 22.75910490571443], [94.05642525206571, 22.75856297503358], [94.05584091471464, 22.758566839868887], [94.05583674866799, 22.758024909048434], [94.05525241349471, 22.7580287716442], [94.05524824987937, 22.757486840684194], [94.05407958376173, 22.75749455925947], [94.05406710750236, 22.75586876554271], [94.05582008574935, 22.755857185391815], [94.05582425128881, 22.756399116362182], [94.05874589068517, 22.756379772855617], [94.05876677789719, 22.75908942458939], [94.05642942054382, 22.75910490571443]]]}, "properties": {"id": 465, "label": "temporary radar change (return toward T1)", "class_id": 2, "direction": "increase", "area_ha": 12.246235565377749, "pixel_count": 34, "mean_change_db": 3.7837183475494385, "max_change_db": 4.372441291809082, "mean_signed_db": 3.7837183475494385, "first_observed": "2024-11-20T11:46:56.693237Z", "observation_interval": ["2024-04-18T11:46:55.497558Z", "2024-11-20T11:46:56.693237Z"], "persists_into_T3": false, "mean_power_by_date": [0.05617302283644676, 0.13401038944721222, 0.07308822870254517], "interpretation": "Unvalidated radar-change candidate; terrain, registration and moisture may explain the signal.", "mean_slope_deg": 0.67, "max_slope_deg": 1.13, "mean_elevation_m": 156.5, "terrain_risk_pct": 0.0, "terrain_tier": "Low Risk (Flat Lowland)", "priority_score": 13.24, "temporal_class": "seasonal_transient", "t4_status": "pending", "t4_mean_power": null, "t4_mean_signed_db": null, "t4_observation": null}}, {"type": "Feature", "geometry": {"type": "Polygon", "coordinates": [[[94.01053157184231, 23.110586970263167], [94.010511292672, 23.107877397034795], [94.01519806048486, 23.10784731618292], [94.01521435878773, 23.110014971699638], [94.01287093825744, 23.11003003109094], [94.01287500373856, 23.110571945268603], [94.01053157184231, 23.110586970263167]]]}, "properties": {"id": 331, "label": "temporary radar change (return toward T1)", "class_id": 2, "direction": "increase", "area_ha": 12.966926718133642, "pixel_count": 36, "mean_change_db": 3.5642428398132324, "max_change_db": 4.1331281661987305, "mean_signed_db": 3.5642428398132324, "first_observed": "2024-11-20T11:46:56.693237Z", "observation_interval": ["2024-04-18T11:46:55.497558Z", "2024-11-20T11:46:56.693237Z"], "persists_into_T3": false, "mean_power_by_date": [0.08751493692398071, 0.19904175400733948, 0.10691762715578079], "interpretation": "Unvalidated radar-change candidate; terrain, registration and moisture may explain the signal.", "mean_slope_deg": 0.76, "max_slope_deg": 1.42, "mean_elevation_m": 128.0, "terrain_risk_pct": 0.0, "terrain_tier": "Low Risk (Flat Lowland)", "priority_score": 12.83, "temporal_class": "seasonal_transient", "t4_status": "pending", "t4_mean_power": null, "t4_mean_signed_db": null, "t4_observation": null}}, {"type": "Feature", "geometry": {"type": "Polygon", "coordinates": [[[94.36047515357942, 23.30249517321715], [94.3604696424307, 23.301953340676086], [94.35988302386497, 23.301958429897912], [94.35985548247771, 23.299249265952753], [94.36102869570011, 23.299239086635936], [94.36102318317108, 23.29869725399498], [94.36336959813045, 23.298676869572393], [94.36339168722837, 23.300844197789125], [94.36221846108658, 23.300854395444606], [94.36223501540611, 23.30247989199474], [94.36047515357942, 23.30249517321715]]]}, "properties": {"id": 259, "label": "temporary radar change (return toward T1)", "class_id": 2, "direction": "increase", "area_ha": 11.88381495612862, "pixel_count": 33, "mean_change_db": 3.884636163711548, "max_change_db": 4.704369068145752, "mean_signed_db": 3.884636163711548, "first_observed": "2024-11-20T11:46:56.693237Z", "observation_interval": ["2024-04-18T11:46:55.497558Z", "2024-11-20T11:46:56.693237Z"], "persists_into_T3": false, "mean_power_by_date": [0.06416073441505432, 0.1569168120622635, 0.08339237421751022], "interpretation": "Unvalidated radar-change candidate; terrain, registration and moisture may explain the signal.", "mean_slope_deg": 2.07, "max_slope_deg": 7.81, "mean_elevation_m": 108.0, "terrain_risk_pct": 0.0, "terrain_tier": "Low Risk (Flat Lowland)", "priority_score": 13.39, "temporal_class": "seasonal_transient", "t4_status": "pending", "t4_mean_power": null, "t4_mean_signed_db": null, "t4_observation": null}}, {"type": "Feature", "geometry": {"type": "Polygon", "coordinates": [[[94.36431563295784, 23.333890766228848], [94.36428242525201, 23.330639788623415], [94.36662939766794, 23.330619329067236], [94.36662385411914, 23.330077499861034], [94.36838407454822, 23.33006213252967], [94.36840627828258, 23.33222944752939], [94.36781952879284, 23.332234572700724], [94.36782507776475, 23.332776401486676], [94.36665157352829, 23.33278664550501], [94.3666571179097, 23.333328474517682], [94.36607036316303, 23.333333593364507], [94.36607590533231, 23.3338754224711], [94.36431563295784, 23.333890766228848]]]}, "properties": {"id": 224, "label": "temporary radar change (return toward T1)", "class_id": 2, "direction": "increase", "area_ha": 13.324235823568353, "pixel_count": 37, "mean_change_db": 3.463808298110962, "max_change_db": 4.169005870819092, "mean_signed_db": 3.463808298110962, "first_observed": "2024-11-20T11:46:56.693237Z", "observation_interval": ["2024-04-18T11:46:55.497558Z", "2024-11-20T11:46:56.693237Z"], "persists_into_T3": false, "mean_power_by_date": [0.07989274710416794, 0.17696203291416168, 0.09459077566862106], "interpretation": "Unvalidated radar-change candidate; terrain, registration and moisture may explain the signal.", "mean_slope_deg": 1.65, "max_slope_deg": 4.06, "mean_elevation_m": 110.8, "terrain_risk_pct": 0.0, "terrain_tier": "Low Risk (Flat Lowland)", "priority_score": 12.64, "temporal_class": "seasonal_transient", "t4_status": "pending", "t4_mean_power": null, "t4_mean_signed_db": null, "t4_observation": null}}, {"type": "Feature", "geometry": {"type": "Polygon", "coordinates": [[[93.97940623785183, 23.10048628657733], [93.97940230860968, 23.099944366176878], [93.97647321907863, 23.099962512793002], [93.97646146730169, 23.098336749942924], [93.97704727839724, 23.098333125250406], [93.9770433590258, 23.097791204319428], [93.97880078455488, 23.097780317487192], [93.97880471097342, 23.098322238133818], [93.9817337628946, 23.098304049476138], [93.98174951673859, 23.100471729784154], [93.97940623785183, 23.10048628657733]]]}, "properties": {"id": 341, "label": "temporary radar change (return toward T1)", "class_id": 2, "direction": "increase", "area_ha": 12.246754054154735, "pixel_count": 34, "mean_change_db": 3.7570998668670654, "max_change_db": 5.048915386199951, "mean_signed_db": 3.7570998668670654, "first_observed": "2024-11-20T11:46:56.693237Z", "observation_interval": ["2024-04-18T11:46:55.497558Z", "2024-11-20T11:46:56.693237Z"], "persists_into_T3": false, "mean_power_by_date": [0.07352565228939056, 0.17458462715148926, 0.08480862528085709], "interpretation": "Unvalidated radar-change candidate; terrain, registration and moisture may explain the signal.", "mean_slope_deg": 1.5, "max_slope_deg": 2.05, "mean_elevation_m": 151.8, "terrain_risk_pct": 0.0, "terrain_tier": "Low Risk (Flat Lowland)", "priority_score": 13.15, "temporal_class": "seasonal_transient", "t4_status": "pending", "t4_mean_power": null, "t4_mean_signed_db": null, "t4_observation": null}}, {"type": "Feature", "geometry": {"type": "Polygon", "coordinates": [[[94.10767456579565, 23.521790405484737], [94.10766096262336, 23.520164798099017], [94.10824859980485, 23.520160615947823], [94.10824406328113, 23.519618746849908], [94.10941933242842, 23.51961037611163], [94.10939208728807, 23.516359162008506], [94.11174256625621, 23.51634239651776], [94.11176986909213, 23.519593608029922], [94.11000696679831, 23.51960618741683], [94.11002514255966, 23.521773662283543], [94.10767456579565, 23.521790405484737]]]}, "properties": {"id": 115, "label": "temporary radar change (return toward T1)", "class_id": 2, "direction": "increase", "area_ha": 14.046780992717016, "pixel_count": 39, "mean_change_db": 3.2651829719543457, "max_change_db": 3.55966854095459, "mean_signed_db": 3.2651829719543457, "first_observed": "2024-11-20T11:46:56.693237Z", "observation_interval": ["2024-04-18T11:46:55.497558Z", "2024-11-20T11:46:56.693237Z"], "persists_into_T3": false, "mean_power_by_date": [0.06808317452669144, 0.1445387303829193, 0.07303237915039062], "interpretation": "Unvalidated radar-change candidate; terrain, registration and moisture may explain the signal.", "mean_slope_deg": 0.61, "max_slope_deg": 1.52, "mean_elevation_m": 168.6, "terrain_risk_pct": 0.0, "terrain_tier": "Low Risk (Flat Lowland)", "priority_score": 12.24, "temporal_class": "seasonal_transient", "t4_status": "pending", "t4_mean_power": null, "t4_mean_signed_db": null, "t4_observation": null}}, {"type": "Feature", "geometry": {"type": "Polygon", "coordinates": [[[94.36739924942096, 23.348494546394903], [94.36738259564306, 23.346869062891205], [94.36796940954456, 23.346863936332053], [94.36794719731975, 23.34469662498268], [94.36736039293933, 23.344701751010767], [94.36734374266153, 23.343076266693814], [94.36910413388236, 23.343060883211262], [94.36910969094814, 23.343602710957178], [94.36969649006804, 23.343597578601283], [94.36971872952037, 23.34576488866591], [94.37030553799379, 23.345759753580275], [94.37032778963902, 23.347927062493223], [94.36915415348203, 23.347937331530265], [94.36915971204978, 23.34847915892761], [94.36739924942096, 23.348494546394903]]]}, "properties": {"id": 210, "label": "temporary radar change (return toward T1)", "class_id": 2, "direction": "increase", "area_ha": 13.684328179117408, "pixel_count": 38, "mean_change_db": 3.312650203704834, "max_change_db": 3.637838363647461, "mean_signed_db": 3.312650203704834, "first_observed": "2024-11-20T11:46:56.693237Z", "observation_interval": ["2024-04-18T11:46:55.497558Z", "2024-11-20T11:46:56.693237Z"], "persists_into_T3": false, "mean_power_by_date": [0.08291535824537277, 0.17771518230438232, 0.09974388033151627], "interpretation": "Unvalidated radar-change candidate; terrain, registration and moisture may explain the signal.", "mean_slope_deg": 1.81, "max_slope_deg": 5.01, "mean_elevation_m": 124.2, "terrain_risk_pct": 0.0, "terrain_tier": "Low Risk (Flat Lowland)", "priority_score": 12.25, "temporal_class": "seasonal_transient", "t4_status": "pending", "t4_mean_power": null, "t4_mean_signed_db": null, "t4_observation": null}}, {"type": "Feature", "geometry": {"type": "Polygon", "coordinates": [[[94.07256442551653, 23.027803262827906], [94.07255156240174, 23.02617753413849], [94.07020963632918, 23.02619339054726], [94.07020535824095, 23.025651480493273], [94.06961987873846, 23.025655439078346], [94.06960705226774, 23.024029708378368], [94.07194894143075, 23.02401386229084], [94.07195322614812, 23.024555772147092], [94.07253870045416, 23.024551805108434], [94.0725472749562, 23.025635624499653], [94.07430371113118, 23.025623709768514], [94.07432088976464, 23.02779134684891], [94.07256442551653, 23.027803262827906]]]}, "properties": {"id": 7, "label": "persistent radar change", "class_id": 1, "direction": "decrease", "area_ha": 10.805422419348568, "pixel_count": 30, "mean_change_db": 4.167272090911865, "max_change_db": 5.404369354248047, "mean_signed_db": -4.167272090911865, "first_observed": "2024-11-20T11:46:56.693237Z", "observation_interval": ["2024-04-18T11:46:55.497558Z", "2024-11-20T11:46:56.693237Z"], "persists_into_T3": true, "mean_power_by_date": [0.09305503964424133, 0.0367346927523613, 0.035383787006139755], "interpretation": "Unvalidated radar-change candidate; terrain, registration and moisture may explain the signal.", "mean_slope_deg": 0.57, "max_slope_deg": 2.42, "mean_elevation_m": 115.9, "terrain_risk_pct": 0.0, "terrain_tier": "Low Risk (Flat Lowland)", "priority_score": 13.7, "temporal_class": "persistent", "t4_status": "pending", "t4_mean_power": null, "t4_mean_signed_db": null, "t4_observation": null}}, {"type": "Feature", "geometry": {"type": "Polygon", "coordinates": [[[94.37132692154086, 23.388017017882675], [94.37132134362407, 23.387475193713932], [94.37073435182623, 23.387480341245723], [94.37072320126603, 23.386396692525604], [94.37013621407229, 23.38640183758886], [94.37011392450084, 23.38423453915093], [94.37187485695453, 23.38421909895191], [94.37188043625272, 23.38476092322018], [94.37246741578797, 23.384755771949852], [94.372472997639, 23.385297596046097], [94.3730599793922, 23.385292442440377], [94.37308790308751, 23.388001561673285], [94.37132692154086, 23.388017017882675]]]}, "properties": {"id": 172, "label": "temporary radar change (return toward T1)", "class_id": 2, "direction": "increase", "area_ha": 10.083171790168807, "pixel_count": 28, "mean_change_db": 4.436245918273926, "max_change_db": 5.439050674438477, "mean_signed_db": 4.436245918273926, "first_observed": "2024-11-20T11:46:56.693237Z", "observation_interval": ["2024-04-18T11:46:55.497558Z", "2024-11-20T11:46:56.693237Z"], "persists_into_T3": false, "mean_power_by_date": [0.06531097739934921, 0.18233728408813477, 0.07125771045684814], "interpretation": "Unvalidated radar-change candidate; terrain, registration and moisture may explain the signal.", "mean_slope_deg": 0.53, "max_slope_deg": 2.55, "mean_elevation_m": 112.2, "terrain_risk_pct": 0.0, "terrain_tier": "Low Risk (Flat Lowland)", "priority_score": 14.09, "temporal_class": "seasonal_transient", "t4_status": "pending", "t4_mean_power": null, "t4_mean_signed_db": null, "t4_observation": null}}, {"type": "Feature", "geometry": {"type": "Polygon", "coordinates": [[[94.4917651814212, 23.55326159400278], [94.49172237503286, 23.549469104486846], [94.49407308405385, 23.549446538507315], [94.49409145743385, 23.551071889650846], [94.49467914145202, 23.551066242172663], [94.49470365148328, 23.553233375900405], [94.4917651814212, 23.55326159400278]]]}, "properties": {"id": 108, "label": "temporary radar change (return toward T1)", "class_id": 2, "direction": "increase", "area_ha": 11.522604599462449, "pixel_count": 32, "mean_change_db": 3.8064584732055664, "max_change_db": 4.765064239501953, "mean_signed_db": 3.8064584732055664, "first_observed": "2024-11-20T11:46:56.693237Z", "observation_interval": ["2024-04-18T11:46:55.497558Z", "2024-11-20T11:46:56.693237Z"], "persists_into_T3": false, "mean_power_by_date": [0.06821134686470032, 0.16310308873653412, 0.07952213287353516], "interpretation": "Unvalidated radar-change candidate; terrain, registration and moisture may explain the signal.", "mean_slope_deg": 1.51, "max_slope_deg": 6.22, "mean_elevation_m": 140.9, "terrain_risk_pct": 0.0, "terrain_tier": "Low Risk (Flat Lowland)", "priority_score": 12.92, "temporal_class": "seasonal_transient", "t4_status": "pending", "t4_mean_power": null, "t4_mean_signed_db": null, "t4_observation": null}}, {"type": "Feature", "geometry": {"type": "Polygon", "coordinates": [[[94.40344588672873, 23.316205103873738], [94.40344019780227, 23.315663282129744], [94.40285352976005, 23.31566853500582], [94.40284784338064, 23.31512671308689], [94.40167451153594, 23.31513721198267], [94.40165178673439, 23.312969922830725], [94.40517172319505, 23.312938403076306], [94.40518880930644, 23.31456386754669], [94.40577547191236, 23.314558606164535], [94.40579256669233, 23.316184069876908], [94.40344588672873, 23.316205103873738]]]}, "properties": {"id": 243, "label": "temporary radar change (return toward T1)", "class_id": 2, "direction": "increase", "area_ha": 12.243562549580773, "pixel_count": 34, "mean_change_db": 3.562380790710449, "max_change_db": 4.234446048736572, "mean_signed_db": 3.562380790710449, "first_observed": "2024-11-20T11:46:56.693237Z", "observation_interval": ["2024-04-18T11:46:55.497558Z", "2024-11-20T11:46:56.693237Z"], "persists_into_T3": false, "mean_power_by_date": [0.07852539420127869, 0.17804355919361115, 0.09441312402486801], "interpretation": "Unvalidated radar-change candidate; terrain, registration and moisture may explain the signal.", "mean_slope_deg": 1.6, "max_slope_deg": 6.77, "mean_elevation_m": 118.4, "terrain_risk_pct": 0.0, "terrain_tier": "Low Risk (Flat Lowland)", "priority_score": 12.47, "temporal_class": "seasonal_transient", "t4_status": "pending", "t4_mean_power": null, "t4_mean_signed_db": null, "t4_observation": null}}, {"type": "Feature", "geometry": {"type": "Polygon", "coordinates": [[[94.02877786908458, 22.96739607516041], [94.02876146672045, 22.965228389784833], [94.03168759890114, 22.96520937815868], [94.0316917109637, 22.965751299060337], [94.03227693935801, 22.96574749015784], [94.0322892832882, 22.967373252336696], [94.02877786908458, 22.96739607516041]]]}, "properties": {"id": 394, "label": "temporary radar change (return toward T1)", "class_id": 2, "direction": "increase", "area_ha": 8.284342773559247, "pixel_count": 23, "mean_change_db": 5.261307716369629, "max_change_db": 7.299922943115234, "mean_signed_db": 5.261307716369629, "first_observed": "2024-11-20T11:46:56.693237Z", "observation_interval": ["2024-04-18T11:46:55.497558Z", "2024-11-20T11:46:56.693237Z"], "persists_into_T3": false, "mean_power_by_date": [0.06184515729546547, 0.20824195444583893, 0.07822290062904358], "interpretation": "Unvalidated radar-change candidate; terrain, registration and moisture may explain the signal.", "mean_slope_deg": 0.78, "max_slope_deg": 1.05, "mean_elevation_m": 146.7, "terrain_risk_pct": 0.0, "terrain_tier": "Low Risk (Flat Lowland)", "priority_score": 15.14, "temporal_class": "seasonal_transient", "t4_status": "pending", "t4_mean_power": null, "t4_mean_signed_db": null, "t4_observation": null}}, {"type": "Feature", "geometry": {"type": "Polygon", "coordinates": [[[94.45059910345508, 23.711327802577095], [94.45059311163759, 23.71078601946498], [94.450004702735, 23.710791535288877], [94.44999871352435, 23.710249751996265], [94.44941030687167, 23.71025526544289], [94.4494043202677, 23.70971348196984], [94.44881591586494, 23.70971899303931], [94.4487979644074, 23.708093641961003], [94.45115155181068, 23.70807158596014], [94.45116353869543, 23.709155152256095], [94.4529287419418, 23.709138585930695], [94.45294674546234, 23.71076393380765], [94.45235833727415, 23.710769458576237], [94.45236433637682, 23.711311241264557], [94.45059910345508, 23.711327802577095]]]}, "properties": {"id": 95, "label": "temporary radar change (return toward T1)", "class_id": 2, "direction": "increase", "area_ha": 10.442710143940756, "pixel_count": 29, "mean_change_db": 4.170131206512451, "max_change_db": 4.785795211791992, "mean_signed_db": 4.170131206512451, "first_observed": "2024-11-20T11:46:56.693237Z", "observation_interval": ["2024-04-18T11:46:55.497558Z", "2024-11-20T11:46:56.693237Z"], "persists_into_T3": false, "mean_power_by_date": [0.06019572913646698, 0.15672332048416138, 0.07485649734735489], "interpretation": "Unvalidated radar-change candidate; terrain, registration and moisture may explain the signal.", "mean_slope_deg": 0.94, "max_slope_deg": 2.76, "mean_elevation_m": 112.1, "terrain_risk_pct": 0.0, "terrain_tier": "Low Risk (Flat Lowland)", "priority_score": 13.48, "temporal_class": "seasonal_transient", "t4_status": "pending", "t4_mean_power": null, "t4_mean_signed_db": null, "t4_observation": null}}, {"type": "Feature", "geometry": {"type": "Polygon", "coordinates": [[[94.30243043773775, 22.942082107894326], [94.30242006783148, 22.940998367655716], [94.30183500234956, 22.94100316858151], [94.30181945565069, 22.939377557559766], [94.30474474657778, 22.93935353326517], [94.30474994029018, 22.93989540301301], [94.30533500033097, 22.939890591560843], [94.3053194126843, 22.938264982582027], [94.30765962334554, 22.938245716734198], [94.30767523891876, 22.939871324195312], [94.30533500033097, 22.939890591560843], [94.30535058939488, 22.941516200196812], [94.30418045519129, 22.9415258217033], [94.30418564720574, 22.942067691425056], [94.30243043773775, 22.942082107894326]]]}, "properties": {"id": 399, "label": "temporary radar change (return toward T1)", "class_id": 2, "direction": "increase", "area_ha": 13.324769359215768, "pixel_count": 37, "mean_change_db": 3.2661490440368652, "max_change_db": 3.9539241790771484, "mean_signed_db": 3.2661490440368652, "first_observed": "2024-11-20T11:46:56.693237Z", "observation_interval": ["2024-04-18T11:46:55.497558Z", "2024-11-20T11:46:56.693237Z"], "persists_into_T3": false, "mean_power_by_date": [0.07747417688369751, 0.16428399085998535, 0.09452097862958908], "interpretation": "Unvalidated radar-change candidate; terrain, registration and moisture may explain the signal.", "mean_slope_deg": 1.69, "max_slope_deg": 4.24, "mean_elevation_m": 111.6, "terrain_risk_pct": 0.0, "terrain_tier": "Low Risk (Flat Lowland)", "priority_score": 11.92, "temporal_class": "seasonal_transient", "t4_status": "pending", "t4_mean_power": null, "t4_mean_signed_db": null, "t4_observation": null}}, {"type": "Feature", "geometry": {"type": "Polygon", "coordinates": [[[94.03058554186919, 22.89693083708793], [94.03056098009718, 22.893679281809405], [94.03290065551137, 22.893664095032847], [94.03291706668695, 22.895831797104606], [94.03233213873052, 22.895835597425975], [94.03234034042009, 22.896919448435984], [94.03058554186919, 22.89693083708793]]]}, "properties": {"id": 26, "label": "persistent radar change", "class_id": 1, "direction": "increase", "area_ha": 7.924146031739284, "pixel_count": 22, "mean_change_db": 5.488601207733154, "max_change_db": 7.027484893798828, "mean_signed_db": 5.488601207733154, "first_observed": "2024-11-20T11:46:56.693237Z", "observation_interval": ["2024-04-18T11:46:55.497558Z", "2024-11-20T11:46:56.693237Z"], "persists_into_T3": true, "mean_power_by_date": [0.05240391567349434, 0.18756331503391266, 0.16691818833351135], "interpretation": "Unvalidated radar-change candidate; terrain, registration and moisture may explain the signal.", "mean_slope_deg": 0.41, "max_slope_deg": 0.78, "mean_elevation_m": 145.3, "terrain_risk_pct": 0.0, "terrain_tier": "Low Risk (Flat Lowland)", "priority_score": 15.45, "temporal_class": "persistent", "t4_status": "pending", "t4_mean_power": null, "t4_mean_signed_db": null, "t4_observation": null}}, {"type": "Feature", "geometry": {"type": "Polygon", "coordinates": [[[93.99059641816051, 23.108545606360185], [93.99059244248153, 23.108003688341253], [93.9900065918323, 23.108007364744076], [93.98999467256616, 23.10638161017225], [93.9911663596434, 23.106374255768568], [93.9911623820945, 23.105832337694313], [93.99409158593447, 23.105813914121512], [93.99410355419325, 23.107439666787496], [93.99351770661552, 23.107443356138898], [93.99352568135639, 23.10852719125298], [93.99059641816051, 23.108545606360185]]]}, "properties": {"id": 333, "label": "temporary radar change (return toward T1)", "class_id": 2, "direction": "increase", "area_ha": 10.805888353182235, "pixel_count": 30, "mean_change_db": 4.005011558532715, "max_change_db": 4.978045463562012, "mean_signed_db": 4.005011558532715, "first_observed": "2024-11-20T11:46:56.693237Z", "observation_interval": ["2024-04-18T11:46:55.497558Z", "2024-11-20T11:46:56.693237Z"], "persists_into_T3": false, "mean_power_by_date": [0.08472757786512375, 0.2108416110277176, 0.10590066015720367], "interpretation": "Unvalidated radar-change candidate; terrain, registration and moisture may explain the signal.", "mean_slope_deg": 0.34, "max_slope_deg": 0.47, "mean_elevation_m": 132.7, "terrain_risk_pct": 0.0, "terrain_tier": "Low Risk (Flat Lowland)", "priority_score": 13.17, "temporal_class": "seasonal_transient", "t4_status": "pending", "t4_mean_power": null, "t4_mean_signed_db": null, "t4_observation": null}}, {"type": "Feature", "geometry": {"type": "Polygon", "coordinates": [[[94.31317121016387, 23.324573994067915], [94.31314991033601, 23.322406627815198], [94.3125631906752, 23.32241154407504], [94.3125472246159, 23.320786018597907], [94.31606749738856, 23.320756490399113], [94.31608884284316, 23.322923854563054], [94.3155021216055, 23.32292878192927], [94.31551812524722, 23.324554305030002], [94.31317121016387, 23.324573994067915]]]}, "properties": {"id": 233, "label": "temporary radar change (return toward T1)", "class_id": 2, "direction": "increase", "area_ha": 12.60445938824443, "pixel_count": 35, "mean_change_db": 3.395585298538208, "max_change_db": 4.018642902374268, "mean_signed_db": 3.395585298538208, "first_observed": "2024-11-20T11:46:56.693237Z", "observation_interval": ["2024-04-18T11:46:55.497558Z", "2024-11-20T11:46:56.693237Z"], "persists_into_T3": false, "mean_power_by_date": [0.07489874958992004, 0.16371776163578033, 0.08267267793416977], "interpretation": "Unvalidated radar-change candidate; terrain, registration and moisture may explain the signal.", "mean_slope_deg": 2.26, "max_slope_deg": 6.14, "mean_elevation_m": 111.2, "terrain_risk_pct": 0.0, "terrain_tier": "Low Risk (Flat Lowland)", "priority_score": 12.06, "temporal_class": "seasonal_transient", "t4_status": "pending", "t4_mean_power": null, "t4_mean_signed_db": null, "t4_observation": null}}, {"type": "Feature", "geometry": {"type": "Polygon", "coordinates": [[[94.03523646054094, 23.426912241867747], [94.03522380431099, 23.425286576090695], [94.03463657307732, 23.42529046780885], [94.03462392516103, 23.423664801385453], [94.03638559695615, 23.423653120514263], [94.03638981997712, 23.424195009058586], [94.03932594906142, 23.42417549629216], [94.03933865476228, 23.42580116018292], [94.0387514220234, 23.425805067453492], [94.03875565511893, 23.426346955441392], [94.03699394896512, 23.426358664311156], [94.03699817501125, 23.426900552563225], [94.03523646054094, 23.426912241867747]]]}, "properties": {"id": 138, "label": "temporary radar change (return toward T1)", "class_id": 2, "direction": "increase", "area_ha": 12.606589738530829, "pixel_count": 35, "mean_change_db": 3.391162872314453, "max_change_db": 3.819631576538086, "mean_signed_db": 3.391162872314453, "first_observed": "2024-11-20T11:46:56.693237Z", "observation_interval": ["2024-04-18T11:46:55.497558Z", "2024-11-20T11:46:56.693237Z"], "persists_into_T3": false, "mean_power_by_date": [0.11085579544305801, 0.2423243671655655, 0.12805667519569397], "interpretation": "Unvalidated radar-change candidate; terrain, registration and moisture may explain the signal.", "mean_slope_deg": 0.22, "max_slope_deg": 0.74, "mean_elevation_m": 128.1, "terrain_risk_pct": 0.0, "terrain_tier": "Low Risk (Flat Lowland)", "priority_score": 12.04, "temporal_class": "seasonal_transient", "t4_status": "pending", "t4_mean_power": null, "t4_mean_signed_db": null, "t4_observation": null}}, {"type": "Feature", "geometry": {"type": "Polygon", "coordinates": [[[94.02585986577344, 22.968498878254493], [94.02583124281176, 22.964705425497417], [94.02758691736076, 22.96469405768416], [94.02761558928866, 22.968487508353334], [94.02585986577344, 22.968498878254493]]]}, "properties": {"id": 395, "label": "temporary radar change (return toward T1)", "class_id": 2, "direction": "increase", "area_ha": 7.563980416879989, "pixel_count": 21, "mean_change_db": 5.593517303466797, "max_change_db": 6.651494979858398, "mean_signed_db": 5.593517303466797, "first_observed": "2024-11-20T11:46:56.693237Z", "observation_interval": ["2024-04-18T11:46:55.497558Z", "2024-11-20T11:46:56.693237Z"], "persists_into_T3": false, "mean_power_by_date": [0.06484950333833694, 0.23330311477184296, 0.0847872868180275], "interpretation": "Unvalidated radar-change candidate; terrain, registration and moisture may explain the signal.", "mean_slope_deg": 0.78, "max_slope_deg": 1.22, "mean_elevation_m": 150.9, "terrain_risk_pct": 0.0, "terrain_tier": "Low Risk (Flat Lowland)", "priority_score": 15.38, "temporal_class": "seasonal_transient", "t4_status": "pending", "t4_mean_power": null, "t4_mean_signed_db": null, "t4_observation": null}}, {"type": "Feature", "geometry": {"type": "Polygon", "coordinates": [[[94.39718302426297, 23.278329824479606], [94.39717737100639, 23.277787998666113], [94.39659086741703, 23.277793220104567], [94.39658521670162, 23.277251394116853], [94.39599871531351, 23.277256613229056], [94.39597047614, 23.274547482032705], [94.3977299442303, 23.27453182015694], [94.39773559883771, 23.275073646066986], [94.39832209023193, 23.275068420925237], [94.39832774738026, 23.275610246660953], [94.39891424097522, 23.275605019193012], [94.39891990066462, 23.276146844754333], [94.3995063964603, 23.276141614960096], [94.399523383663, 23.2777670910046], [94.39893688075409, 23.277772321206122], [94.39894254112436, 23.27831414661266], [94.39718302426297, 23.278329824479606]]]}, "properties": {"id": 270, "label": "temporary radar change (return toward T1)", "class_id": 2, "direction": "increase", "area_ha": 11.523400270280707, "pixel_count": 32, "mean_change_db": 3.6376476287841797, "max_change_db": 4.175324440002441, "mean_signed_db": 3.6376476287841797, "first_observed": "2024-11-20T11:46:56.693237Z", "observation_interval": ["2024-04-18T11:46:55.497558Z", "2024-11-20T11:46:56.693237Z"], "persists_into_T3": false, "mean_power_by_date": [0.07028209418058395, 0.1623046100139618, 0.08259677141904831], "interpretation": "Unvalidated radar-change candidate; terrain, registration and moisture may explain the signal.", "mean_slope_deg": 2.39, "max_slope_deg": 8.59, "mean_elevation_m": 133.8, "terrain_risk_pct": 0.0, "terrain_tier": "Low Risk (Flat Lowland)", "priority_score": 12.35, "temporal_class": "seasonal_transient", "t4_status": "pending", "t4_mean_power": null, "t4_mean_signed_db": null, "t4_observation": null}}, {"type": "Feature", "geometry": {"type": "Polygon", "coordinates": [[[94.05954229413847, 23.381770258033924], [94.05953798554084, 23.38122837057435], [94.0589509531843, 23.38123234666491], [94.05892942406476, 23.378522908278523], [94.05951644449202, 23.3785189327023], [94.0595121366701, 23.37797704501305], [94.06127319001904, 23.37796510537906], [94.06130339759032, 23.38175831623734], [94.05954229413847, 23.381770258033924]]]}, "properties": {"id": 184, "label": "temporary radar change (return toward T1)", "class_id": 2, "direction": "increase", "area_ha": 9.36477626507245, "pixel_count": 26, "mean_change_db": 4.462152481079102, "max_change_db": 5.703583717346191, "mean_signed_db": 4.462152481079102, "first_observed": "2024-11-20T11:46:56.693237Z", "observation_interval": ["2024-04-18T11:46:55.497558Z", "2024-11-20T11:46:56.693237Z"], "persists_into_T3": false, "mean_power_by_date": [0.08141063153743744, 0.22301150858402252, 0.09028822928667068], "interpretation": "Unvalidated radar-change candidate; terrain, registration and moisture may explain the signal.", "mean_slope_deg": 0.26, "max_slope_deg": 0.48, "mean_elevation_m": 127.2, "terrain_risk_pct": 0.0, "terrain_tier": "Low Risk (Flat Lowland)", "priority_score": 13.66, "temporal_class": "seasonal_transient", "t4_status": "pending", "t4_mean_power": null, "t4_mean_signed_db": null, "t4_observation": null}}, {"type": "Feature", "geometry": {"type": "Polygon", "coordinates": [[[94.03088716878446, 23.320182658493987], [94.03087462996753, 23.318556968314603], [94.03263491571298, 23.31854537888673], [94.03263072922506, 23.31800348238441], [94.03380424767087, 23.317995745319045], [94.0338000565533, 23.317453848979156], [94.03556032614406, 23.31744222721183], [94.0355729212748, 23.319067915213044], [94.03498615773721, 23.319071791632997], [94.03499455036587, 23.32015558364396], [94.03088716878446, 23.320182658493987]]]}, "properties": {"id": 240, "label": "temporary radar change (return toward T1)", "class_id": 2, "direction": "increase", "area_ha": 10.805663641230971, "pixel_count": 30, "mean_change_db": 3.8154337406158447, "max_change_db": 4.721796035766602, "mean_signed_db": 3.8154337406158447, "first_observed": "2024-11-20T11:46:56.693237Z", "observation_interval": ["2024-04-18T11:46:55.497558Z", "2024-11-20T11:46:56.693237Z"], "persists_into_T3": false, "mean_power_by_date": [0.1066504493355751, 0.2573879063129425, 0.12947574257850647], "interpretation": "Unvalidated radar-change candidate; terrain, registration and moisture may explain the signal.", "mean_slope_deg": 0.34, "max_slope_deg": 0.54, "mean_elevation_m": 125.1, "terrain_risk_pct": 0.0, "terrain_tier": "Low Risk (Flat Lowland)", "priority_score": 12.54, "temporal_class": "seasonal_transient", "t4_status": "pending", "t4_mean_power": null, "t4_mean_signed_db": null, "t4_observation": null}}, {"type": "Feature", "geometry": {"type": "Polygon", "coordinates": [[[94.03203370969116, 22.778775024871155], [94.0320174058606, 22.776607290355265], [94.03260182444671, 22.77660350986403], [94.03259774649209, 22.776061576241208], [94.03318216264715, 22.776057793710446], [94.03316992260714, 22.774431992916796], [94.0355075583032, 22.774416842600527], [94.03552391551483, 22.77658457531664], [94.03493949754976, 22.776588366504942], [94.03494358485668, 22.7771302996904], [94.03435916446021, 22.77713408883935], [94.03436324958435, 22.77767602208738], [94.03377882675647, 22.777679809196872], [94.03378699276317, 22.77876367578051], [94.03203370969116, 22.778775024871155]]]}, "properties": {"id": 458, "label": "temporary radar change (return toward T1)", "class_id": 2, "direction": "increase", "area_ha": 11.526012935080798, "pixel_count": 32, "mean_change_db": 3.5737476348876953, "max_change_db": 3.9820375442504883, "mean_signed_db": 3.5737476348876953, "first_observed": "2024-11-20T11:46:56.693237Z", "observation_interval": ["2024-04-18T11:46:55.497558Z", "2024-11-20T11:46:56.693237Z"], "persists_into_T3": false, "mean_power_by_date": [0.0592426136136055, 0.13483215868473053, 0.07841699570417404], "interpretation": "Unvalidated radar-change candidate; terrain, registration and moisture may explain the signal.", "mean_slope_deg": 0.46, "max_slope_deg": 1.05, "mean_elevation_m": 167.7, "terrain_risk_pct": 0.0, "terrain_tier": "Low Risk (Flat Lowland)", "priority_score": 12.13, "temporal_class": "seasonal_transient", "t4_status": "pending", "t4_mean_power": null, "t4_mean_signed_db": null, "t4_observation": null}}, {"type": "Feature", "geometry": {"type": "Polygon", "coordinates": [[[94.45180591163253, 23.71402567749621], [94.45179991406503, 23.71348389486333], [94.45121149337679, 23.713489415865915], [94.45119350903202, 23.711864067307364], [94.45590081124527, 23.71181984006126], [94.45591885387653, 23.71344518522459], [94.45533043444036, 23.713450721882325], [94.45533644658035, 23.713992503666383], [94.45180591163253, 23.71402567749621]]]}, "properties": {"id": 93, "label": "temporary radar change (return toward T1)", "class_id": 2, "direction": "increase", "area_ha": 10.802782055783831, "pixel_count": 30, "mean_change_db": 3.758521795272827, "max_change_db": 4.452881813049316, "mean_signed_db": 3.758521795272827, "first_observed": "2024-11-20T11:46:56.693237Z", "observation_interval": ["2024-04-18T11:46:55.497558Z", "2024-11-20T11:46:56.693237Z"], "persists_into_T3": false, "mean_power_by_date": [0.06314218044281006, 0.1501106321811676, 0.07113732397556305], "interpretation": "Unvalidated radar-change candidate; terrain, registration and moisture may explain the signal.", "mean_slope_deg": 0.89, "max_slope_deg": 1.18, "mean_elevation_m": 118.2, "terrain_risk_pct": 0.0, "terrain_tier": "Low Risk (Flat Lowland)", "priority_score": 12.35, "temporal_class": "seasonal_transient", "t4_status": "pending", "t4_mean_power": null, "t4_mean_signed_db": null, "t4_observation": null}}, {"type": "Feature", "geometry": {"type": "Polygon", "coordinates": [[[94.5107514634589, 22.78579859476259], [94.51074549487686, 22.785256762638706], [94.50957680132707, 22.78526782686198], [94.50955891050803, 22.783642329384655], [94.51248060842603, 22.7836146549766], [94.5124746336515, 22.783072823138138], [94.51422764330371, 22.78305619326813], [94.5142455889287, 22.784681687351775], [94.51366124564107, 22.784687233219543], [94.51367320568791, 22.785770896043406], [94.5107514634589, 22.78579859476259]]]}, "properties": {"id": 450, "label": "temporary radar change (return toward T1)", "class_id": 2, "direction": "increase", "area_ha": 11.162285296868138, "pixel_count": 31, "mean_change_db": 3.6341915130615234, "max_change_db": 4.262767314910889, "mean_signed_db": 3.6341915130615234, "first_observed": "2024-11-20T11:46:56.693237Z", "observation_interval": ["2024-04-18T11:46:55.497558Z", "2024-11-20T11:46:56.693237Z"], "persists_into_T3": false, "mean_power_by_date": [0.0883605033159256, 0.20452705025672913, 0.11050788313150406], "interpretation": "Unvalidated radar-change candidate; terrain, registration and moisture may explain the signal.", "mean_slope_deg": 3.28, "max_slope_deg": 8.29, "mean_elevation_m": 126.0, "terrain_risk_pct": 0.0, "terrain_tier": "Low Risk (Flat Lowland)", "priority_score": 12.14, "temporal_class": "seasonal_transient", "t4_status": "pending", "t4_mean_power": null, "t4_mean_signed_db": null, "t4_observation": null}}, {"type": "Feature", "geometry": {"type": "Polygon", "coordinates": [[[94.41779042589852, 23.34100198031301], [94.41778467199939, 23.340460163639026], [94.41719789870393, 23.340465475516062], [94.41717489435216, 23.33829820788166], [94.42069547443047, 23.338266306965913], [94.42072430167951, 23.340975387279812], [94.41779042589852, 23.34100198031301]]]}, "properties": {"id": 215, "label": "temporary radar change (return toward T1)", "class_id": 2, "direction": "increase", "area_ha": 10.442925053308905, "pixel_count": 29, "mean_change_db": 3.8801023960113525, "max_change_db": 4.8654985427856445, "mean_signed_db": 3.8801023960113525, "first_observed": "2024-11-20T11:46:56.693237Z", "observation_interval": ["2024-04-18T11:46:55.497558Z", "2024-11-20T11:46:56.693237Z"], "persists_into_T3": false, "mean_power_by_date": [0.064378522336483, 0.15754641592502594, 0.08016258478164673], "interpretation": "Unvalidated radar-change candidate; terrain, registration and moisture may explain the signal.", "mean_slope_deg": 4.08, "max_slope_deg": 10.84, "mean_elevation_m": 139.6, "terrain_risk_pct": 0.0, "terrain_tier": "Low Risk (Flat Lowland)", "priority_score": 12.54, "temporal_class": "seasonal_transient", "t4_status": "pending", "t4_mean_power": null, "t4_mean_signed_db": null, "t4_observation": null}}, {"type": "Feature", "geometry": {"type": "Polygon", "coordinates": [[[94.04669629879227, 22.631807557967186], [94.0466921943917, 22.631265616973998], [94.0461083948052, 22.631269425968146], [94.04610019095625, 22.630185543667658], [94.04434880517445, 22.63019695729872], [94.04433652093194, 22.6285711326594], [94.04842303795549, 22.628544473238673], [94.04844770366438, 22.631796117935654], [94.04669629879227, 22.631807557967186]]]}, "properties": {"id": 520, "label": "temporary radar change (return toward T1)", "class_id": 2, "direction": "increase", "area_ha": 11.525925804793625, "pixel_count": 32, "mean_change_db": 3.4919023513793945, "max_change_db": 4.067615509033203, "mean_signed_db": 3.4919023513793945, "first_observed": "2024-11-20T11:46:56.693237Z", "observation_interval": ["2024-04-18T11:46:55.497558Z", "2024-11-20T11:46:56.693237Z"], "persists_into_T3": false, "mean_power_by_date": [0.07050446420907974, 0.15832412242889404, 0.08496344089508057], "interpretation": "Unvalidated radar-change candidate; terrain, registration and moisture may explain the signal.", "mean_slope_deg": 0.98, "max_slope_deg": 1.61, "mean_elevation_m": 185.9, "terrain_risk_pct": 0.0, "terrain_tier": "Low Risk (Flat Lowland)", "priority_score": 11.85, "temporal_class": "seasonal_transient", "t4_status": "pending", "t4_mean_power": null, "t4_mean_signed_db": null, "t4_observation": null}}, {"type": "Feature", "geometry": {"type": "Polygon", "coordinates": [[[94.0561840691071, 22.878878438302525], [94.05617149369287, 22.877252670436526], [94.05675633756667, 22.8772487853671], [94.0567521436964, 22.876706862772068], [94.05733698512293, 22.87670297565508], [94.05732859312454, 22.8756191305567], [94.05908310272049, 22.875607456921397], [94.05907049480093, 22.87398168991322], [94.06082498237163, 22.873969997853965], [94.06083761116832, 22.875595763938968], [94.05908310272049, 22.875607456921397], [94.0590957117882, 22.877233223590842], [94.05851086842401, 22.877237117259686], [94.05852347167958, 22.878862883897778], [94.0561840691071, 22.878878438302525]]]}, "properties": {"id": 418, "label": "temporary radar change (return toward T1)", "class_id": 2, "direction": "increase", "area_ha": 11.165680374651892, "pixel_count": 31, "mean_change_db": 3.6010208129882812, "max_change_db": 4.216105937957764, "mean_signed_db": 3.6010208129882812, "first_observed": "2024-11-20T11:46:56.693237Z", "observation_interval": ["2024-04-18T11:46:55.497558Z", "2024-11-20T11:46:56.693237Z"], "persists_into_T3": false, "mean_power_by_date": [0.09464340656995773, 0.21700264513492584, 0.12126868963241577], "interpretation": "Unvalidated radar-change candidate; terrain, registration and moisture may explain the signal.", "mean_slope_deg": 0.22, "max_slope_deg": 0.43, "mean_elevation_m": 135.3, "terrain_risk_pct": 0.0, "terrain_tier": "Low Risk (Flat Lowland)", "priority_score": 12.03, "temporal_class": "seasonal_transient", "t4_status": "pending", "t4_mean_power": null, "t4_mean_signed_db": null, "t4_observation": null}}, {"type": "Feature", "geometry": {"type": "Polygon", "coordinates": [[[94.01999118256828, 22.966368946533482], [94.01997085602976, 22.963659331903003], [94.02055607757579, 22.96365556657939], [94.02055201030618, 22.96311364363899], [94.02230766721081, 22.96310233501103], [94.02231174147437, 22.9636442576547], [94.02289696252717, 22.96364048369519], [94.02291734735398, 22.96635009585288], [94.01999118256828, 22.966368946533482]]]}, "properties": {"id": 396, "label": "temporary radar change (return toward T1)", "class_id": 2, "direction": "increase", "area_ha": 10.085335478617019, "pixel_count": 28, "mean_change_db": 3.9832839965820312, "max_change_db": 5.399563789367676, "mean_signed_db": 3.9832839965820312, "first_observed": "2024-11-20T11:46:56.693237Z", "observation_interval": ["2024-04-18T11:46:55.497558Z", "2024-11-20T11:46:56.693237Z"], "persists_into_T3": false, "mean_power_by_date": [0.07637565582990646, 0.19216175377368927, 0.09408324211835861], "interpretation": "Unvalidated radar-change candidate; terrain, registration and moisture may explain the signal.", "mean_slope_deg": 3.85, "max_slope_deg": 21.14, "mean_elevation_m": 159.0, "terrain_risk_pct": 0.0, "terrain_tier": "Low Risk (Flat Lowland)", "priority_score": 12.65, "temporal_class": "seasonal_transient", "t4_status": "pending", "t4_mean_power": null, "t4_mean_signed_db": null, "t4_observation": null}}, {"type": "Feature", "geometry": {"type": "Polygon", "coordinates": [[[94.12990968605754, 22.669721754252876], [94.12989636972051, 22.668095983920622], [94.13048030870931, 22.668091863644975], [94.1304758679084, 22.667549940235162], [94.1328116133377, 22.667533438291418], [94.1328071635019, 22.66699151528155], [94.13455896427118, 22.66697911681054], [94.13457679194102, 22.669146807310536], [94.13399284931637, 22.669150942700377], [94.13399730428084, 22.66969286534129], [94.12990968605754, 22.669721754252876]]]}, "properties": {"id": 511, "label": "temporary radar change (return toward T1)", "class_id": 2, "direction": "increase", "area_ha": 11.885533483155491, "pixel_count": 33, "mean_change_db": 3.3619868755340576, "max_change_db": 3.8402771949768066, "mean_signed_db": 3.3619868755340576, "first_observed": "2024-11-20T11:46:56.693237Z", "observation_interval": ["2024-04-18T11:46:55.497558Z", "2024-11-20T11:46:56.693237Z"], "persists_into_T3": false, "mean_power_by_date": [0.08625122904777527, 0.18726104497909546, 0.10651330649852753], "interpretation": "Unvalidated radar-change candidate; terrain, registration and moisture may explain the signal.", "mean_slope_deg": 0.78, "max_slope_deg": 2.16, "mean_elevation_m": 149.7, "terrain_risk_pct": 0.0, "terrain_tier": "Low Risk (Flat Lowland)", "priority_score": 11.59, "temporal_class": "seasonal_transient", "t4_status": "pending", "t4_mean_power": null, "t4_mean_signed_db": null, "t4_observation": null}}, {"type": "Feature", "geometry": {"type": "Polygon", "coordinates": [[[94.08611061415073, 22.743731034263394], [94.08610633179002, 22.743189107815397], [94.08552206549757, 22.743193078719795], [94.08551778556978, 22.742651152129316], [94.08493352144951, 22.742655120792982], [94.08492924395448, 22.742113194060078], [94.08434498200641, 22.742117160483136], [94.08433215720959, 22.7404913797448], [94.08666917659255, 22.740475502497837], [94.08667346060355, 22.741017429028314], [94.08784197411708, 22.741009477381507], [94.08784626286311, 22.741551403664232], [94.08843052172631, 22.74154742453227], [94.08844339565523, 22.74317320283983], [94.08785912988475, 22.74317718228741], [94.08786341915317, 22.743719108420123], [94.08611061415073, 22.743731034263394]]]}, "properties": {"id": 481, "label": "temporary radar change (return toward T1)", "class_id": 2, "direction": "increase", "area_ha": 11.165498572800589, "pixel_count": 31, "mean_change_db": 3.5700600147247314, "max_change_db": 3.9961729049682617, "mean_signed_db": 3.5700600147247314, "first_observed": "2024-11-20T11:46:56.693237Z", "observation_interval": ["2024-04-18T11:46:55.497558Z", "2024-11-20T11:46:56.693237Z"], "persists_into_T3": false, "mean_power_by_date": [0.09116114675998688, 0.20724965631961823, 0.11692040413618088], "interpretation": "Unvalidated radar-change candidate; terrain, registration and moisture may explain the signal.", "mean_slope_deg": 0.11, "max_slope_deg": 0.24, "mean_elevation_m": 142.5, "terrain_risk_pct": 0.0, "terrain_tier": "Low Risk (Flat Lowland)", "priority_score": 11.93, "temporal_class": "seasonal_transient", "t4_status": "pending", "t4_mean_power": null, "t4_mean_signed_db": null, "t4_observation": null}}, {"type": "Feature", "geometry": {"type": "Polygon", "coordinates": [[[94.103946064239, 23.2850023456925], [94.10393712764893, 23.28391857329008], [94.10335053137902, 23.283922699794427], [94.10331927415581, 23.280129494432323], [94.10507901273337, 23.280117110592688], [94.10508348476591, 23.28065899686617], [94.10567006639548, 23.280654864428524], [94.105705866481, 23.284989952382258], [94.103946064239, 23.2850023456925]]]}, "properties": {"id": 268, "label": "temporary radar change (return toward T1)", "class_id": 2, "direction": "increase", "area_ha": 11.885761561992858, "pixel_count": 33, "mean_change_db": 3.323779821395874, "max_change_db": 3.5983147621154785, "mean_signed_db": 3.323779821395874, "first_observed": "2024-11-20T11:46:56.693237Z", "observation_interval": ["2024-04-18T11:46:55.497558Z", "2024-11-20T11:46:56.693237Z"], "persists_into_T3": false, "mean_power_by_date": [0.09863518923521042, 0.21195630729198456, 0.131184920668602], "interpretation": "Unvalidated radar-change candidate; terrain, registration and moisture may explain the signal.", "mean_slope_deg": 0.83, "max_slope_deg": 1.16, "mean_elevation_m": 119.7, "terrain_risk_pct": 0.0, "terrain_tier": "Low Risk (Flat Lowland)", "priority_score": 11.46, "temporal_class": "seasonal_transient", "t4_status": "pending", "t4_mean_power": null, "t4_mean_signed_db": null, "t4_observation": null}}, {"type": "Feature", "geometry": {"type": "Polygon", "coordinates": [[[93.99244162692428, 23.120456744315575], [93.99242967115747, 23.118830993508503], [93.99067197886984, 23.118842041528673], [93.99066004535011, 23.117216289515795], [93.99300360660716, 23.117201555625428], [93.99301158097951, 23.11828538956937], [93.99476926476825, 23.118274315734826], [93.99478524317857, 23.120441982012185], [93.99244162692428, 23.120456744315575]]]}, "properties": {"id": 325, "label": "temporary radar change (return toward T1)", "class_id": 2, "direction": "increase", "area_ha": 9.725296192721464, "pixel_count": 27, "mean_change_db": 4.04276704788208, "max_change_db": 5.253374099731445, "mean_signed_db": 4.04276704788208, "first_observed": "2024-11-20T11:46:56.693237Z", "observation_interval": ["2024-04-18T11:46:55.497558Z", "2024-11-20T11:46:56.693237Z"], "persists_into_T3": false, "mean_power_by_date": [0.08042598515748978, 0.2034364640712738, 0.09845279902219772], "interpretation": "Unvalidated radar-change candidate; terrain, registration and moisture may explain the signal.", "mean_slope_deg": 0.48, "max_slope_deg": 0.86, "mean_elevation_m": 140.1, "terrain_risk_pct": 0.0, "terrain_tier": "Low Risk (Flat Lowland)", "priority_score": 12.61, "temporal_class": "seasonal_transient", "t4_status": "pending", "t4_mean_power": null, "t4_mean_signed_db": null, "t4_observation": null}}, {"type": "Feature", "geometry": {"type": "Polygon", "coordinates": [[[94.03942507107125, 22.674128295180278], [94.03942098670835, 22.673586355788473], [94.036501085945, 22.673605280548834], [94.03648886800748, 22.671979460644707], [94.03707284152809, 22.671975680250565], [94.03706876683722, 22.671433740308025], [94.03882067977278, 22.6714223866555], [94.03882476134399, 22.671964326297118], [94.04057668003946, 22.671952953187173], [94.04058076861567, 22.67249489249002], [94.0417487183763, 22.672487299573003], [94.041760998615, 22.674113116653693], [94.03942507107125, 22.674128295180278]]]}, "properties": {"id": 509, "label": "temporary radar change (return toward T1)", "class_id": 2, "direction": "increase", "area_ha": 11.525974985037186, "pixel_count": 32, "mean_change_db": 3.4025187492370605, "max_change_db": 3.7332944869995117, "mean_signed_db": 3.4025187492370605, "first_observed": "2024-11-20T11:46:56.693237Z", "observation_interval": ["2024-04-18T11:46:55.497558Z", "2024-11-20T11:46:56.693237Z"], "persists_into_T3": false, "mean_power_by_date": [0.06416071951389313, 0.1401166319847107, 0.07794240117073059], "interpretation": "Unvalidated radar-change candidate; terrain, registration and moisture may explain the signal.", "mean_slope_deg": 0.88, "max_slope_deg": 2.35, "mean_elevation_m": 172.6, "terrain_risk_pct": 0.0, "terrain_tier": "Low Risk (Flat Lowland)", "priority_score": 11.55, "temporal_class": "seasonal_transient", "t4_status": "pending", "t4_mean_power": null, "t4_mean_signed_db": null, "t4_observation": null}}, {"type": "Feature", "geometry": {"type": "Polygon", "coordinates": [[[94.3807734250623, 22.93600072196485], [94.38075144511416, 22.93383330941883], [94.38133646082663, 22.93382821908414], [94.38131447423864, 22.93166080646138], [94.38365449820422, 22.931640425715695], [94.3836765220098, 22.933807836197328], [94.38309150696416, 22.933812935151234], [94.38309701100648, 22.934354787809998], [94.38251199346777, 22.934359884742957], [94.38252849961647, 22.93598544289148], [94.3807734250623, 22.93600072196485]]]}, "properties": {"id": 401, "label": "temporary radar change (return toward T1)", "class_id": 2, "direction": "increase", "area_ha": 10.443171373586333, "pixel_count": 29, "mean_change_db": 3.746304750442505, "max_change_db": 4.479588985443115, "mean_signed_db": 3.746304750442505, "first_observed": "2024-11-20T11:46:56.693237Z", "observation_interval": ["2024-04-18T11:46:55.497558Z", "2024-11-20T11:46:56.693237Z"], "persists_into_T3": false, "mean_power_by_date": [0.08185701072216034, 0.19307896494865417, 0.09945954382419586], "interpretation": "Unvalidated radar-change candidate; terrain, registration and moisture may explain the signal.", "mean_slope_deg": 2.83, "max_slope_deg": 6.22, "mean_elevation_m": 103.4, "terrain_risk_pct": 0.0, "terrain_tier": "Low Risk (Flat Lowland)", "priority_score": 12.11, "temporal_class": "seasonal_transient", "t4_status": "pending", "t4_mean_power": null, "t4_mean_signed_db": null, "t4_observation": null}}, {"type": "Feature", "geometry": {"type": "Polygon", "coordinates": [[[94.46070821533135, 23.508582940124985], [94.46069626407315, 23.507499350463664], [94.46010876447356, 23.507504859945296], [94.46009084613064, 23.505879474734247], [94.46185332278249, 23.505862940923087], [94.46185930258804, 23.5064047356066], [94.46303429093031, 23.50639370170897], [94.46304027571709, 23.506935496069136], [94.46421526814541, 23.506924453028734], [94.46423323798793, 23.508549835021114], [94.46070821533135, 23.508582940124985]]]}, "properties": {"id": 117, "label": "temporary radar change (return toward T1)", "class_id": 2, "direction": "increase", "area_ha": 9.72242509604611, "pixel_count": 27, "mean_change_db": 4.017167568206787, "max_change_db": 5.095502853393555, "mean_signed_db": 4.017167568206787, "first_observed": "2024-11-20T11:46:56.693237Z", "observation_interval": ["2024-04-18T11:46:55.497558Z", "2024-11-20T11:46:56.693237Z"], "persists_into_T3": false, "mean_power_by_date": [0.06261367350816727, 0.1580171287059784, 0.07439856231212616], "interpretation": "Unvalidated radar-change candidate; terrain, registration and moisture may explain the signal.", "mean_slope_deg": 1.82, "max_slope_deg": 10.76, "mean_elevation_m": 126.4, "terrain_risk_pct": 0.0, "terrain_tier": "Low Risk (Flat Lowland)", "priority_score": 12.53, "temporal_class": "seasonal_transient", "t4_status": "pending", "t4_mean_power": null, "t4_mean_signed_db": null, "t4_observation": null}}, {"type": "Feature", "geometry": {"type": "Polygon", "coordinates": [[[94.00861847672608, 23.324121060464936], [94.00861029639952, 23.323037260060826], [94.00802351048794, 23.323041036139237], [94.00800716082293, 23.3208734344818], [94.00976748964855, 23.32086210083182], [94.00977158401535, 23.32140400100957], [94.01094514070726, 23.32139643406454], [94.01094923995373, 23.321938334007978], [94.0115360204933, 23.321934547142554], [94.01154832610712, 23.323560246449524], [94.01037475063407, 23.32356781857267], [94.01037884799463, 23.32410971846166], [94.00861847672608, 23.324121060464936]]]}, "properties": {"id": 237, "label": "temporary radar change (return toward T1)", "class_id": 2, "direction": "increase", "area_ha": 10.085412300536385, "pixel_count": 28, "mean_change_db": 3.8697292804718018, "max_change_db": 4.69315242767334, "mean_signed_db": 3.8697292804718018, "first_observed": "2024-11-20T11:46:56.693237Z", "observation_interval": ["2024-04-18T11:46:55.497558Z", "2024-11-20T11:46:56.693237Z"], "persists_into_T3": false, "mean_power_by_date": [0.07188381999731064, 0.17612919211387634, 0.07961410284042358], "interpretation": "Unvalidated radar-change candidate; terrain, registration and moisture may explain the signal.", "mean_slope_deg": 0.55, "max_slope_deg": 0.86, "mean_elevation_m": 135.2, "terrain_risk_pct": 0.0, "terrain_tier": "Low Risk (Flat Lowland)", "priority_score": 12.29, "temporal_class": "seasonal_transient", "t4_status": "pending", "t4_mean_power": null, "t4_mean_signed_db": null, "t4_observation": null}}, {"type": "Feature", "geometry": {"type": "Polygon", "coordinates": [[[94.33151928725276, 23.39919869551972], [94.33150303096284, 23.397573198450683], [94.32974189257314, 23.397588192112252], [94.32972565923019, 23.395962693531676], [94.33031269836104, 23.395957698235552], [94.33030187216995, 23.39487403257986], [94.33206297426624, 23.394859034246693], [94.33207381477911, 23.395942699126735], [94.33266085326007, 23.395937695016983], [94.33267712241016, 23.397563191658413], [94.33326416788985, 23.39755818495691], [94.33328044566595, 23.399183680861405], [94.33151928725276, 23.39919869551972]]]}, "properties": {"id": 157, "label": "temporary radar change (return toward T1)", "class_id": 2, "direction": "increase", "area_ha": 10.803700968189212, "pixel_count": 30, "mean_change_db": 3.6041359901428223, "max_change_db": 4.338874816894531, "mean_signed_db": 3.6041359901428223, "first_observed": "2024-11-20T11:46:56.693237Z", "observation_interval": ["2024-04-18T11:46:55.497558Z", "2024-11-20T11:46:56.693237Z"], "persists_into_T3": false, "mean_power_by_date": [0.08094285428524017, 0.18581093847751617, 0.1006242036819458], "interpretation": "Unvalidated radar-change candidate; terrain, registration and moisture may explain the signal.", "mean_slope_deg": 1.3, "max_slope_deg": 3.44, "mean_elevation_m": 109.4, "terrain_risk_pct": 0.0, "terrain_tier": "Low Risk (Flat Lowland)", "priority_score": 11.85, "temporal_class": "seasonal_transient", "t4_status": "pending", "t4_mean_power": null, "t4_mean_signed_db": null, "t4_observation": null}}, {"type": "Feature", "geometry": {"type": "Polygon", "coordinates": [[[94.04023750500743, 23.315243557895723], [94.04022485547095, 23.313617871510964], [94.04139833259278, 23.313610078964338], [94.04139411157978, 23.313068183628467], [94.04491452563575, 23.3130447539018], [94.04491876091149, 23.313586648630114], [94.04550549851953, 23.31358273588984], [94.04551821224221, 23.315208419541346], [94.04375797764095, 23.315220152088024], [94.04375374673803, 23.314678257271492], [94.04199351812447, 23.314689969752607], [94.04199774189539, 23.315231864872832], [94.04023750500743, 23.315243557895723]]]}, "properties": {"id": 246, "label": "temporary radar change (return toward T1)", "class_id": 2, "direction": "increase", "area_ha": 10.805608052185201, "pixel_count": 30, "mean_change_db": 3.601588249206543, "max_change_db": 4.185826301574707, "mean_signed_db": 3.601588249206543, "first_observed": "2024-11-20T11:46:56.693237Z", "observation_interval": ["2024-04-18T11:46:55.497558Z", "2024-11-20T11:46:56.693237Z"], "persists_into_T3": false, "mean_power_by_date": [0.09701073169708252, 0.22224709391593933, 0.11424580216407776], "interpretation": "Unvalidated radar-change candidate; terrain, registration and moisture may explain the signal.", "mean_slope_deg": 0.29, "max_slope_deg": 0.46, "mean_elevation_m": 120.2, "terrain_risk_pct": 0.0, "terrain_tier": "Low Risk (Flat Lowland)", "priority_score": 11.84, "temporal_class": "seasonal_transient", "t4_status": "pending", "t4_mean_power": null, "t4_mean_signed_db": null, "t4_observation": null}}, {"type": "Feature", "geometry": {"type": "Polygon", "coordinates": [[[94.44750967013174, 23.591067434977948], [94.44748589105555, 23.588900265731155], [94.4480737557585, 23.588894786083806], [94.44805591607948, 23.58726940915958], [94.44981948741413, 23.58725295814564], [94.44986116647397, 23.59104550079471], [94.44750967013174, 23.591067434977948]]]}, "properties": {"id": 101, "label": "temporary radar change (return toward T1)", "class_id": 2, "direction": "increase", "area_ha": 9.002342931152322, "pixel_count": 25, "mean_change_db": 4.3141608238220215, "max_change_db": 5.657891273498535, "mean_signed_db": 4.3141608238220215, "first_observed": "2024-11-20T11:46:56.693237Z", "observation_interval": ["2024-04-18T11:46:55.497558Z", "2024-11-20T11:46:56.693237Z"], "persists_into_T3": false, "mean_power_by_date": [0.05728284269571304, 0.15374870598316193, 0.06744030117988586], "interpretation": "Unvalidated radar-change candidate; terrain, registration and moisture may explain the signal.", "mean_slope_deg": 1.09, "max_slope_deg": 6.26, "mean_elevation_m": 112.0, "terrain_risk_pct": 0.0, "terrain_tier": "Low Risk (Flat Lowland)", "priority_score": 12.94, "temporal_class": "seasonal_transient", "t4_status": "pending", "t4_mean_power": null, "t4_mean_signed_db": null, "t4_observation": null}}, {"type": "Feature", "geometry": {"type": "Polygon", "coordinates": [[[94.39876952937404, 23.31787253478074], [94.39875818868852, 23.31678888931077], [94.3981715145289, 23.3167941249004], [94.39816584681797, 23.316252301971566], [94.39757917486438, 23.316257535230662], [94.39756217988179, 23.3146320658047], [94.39814884470695, 23.314626832952612], [94.39814317767717, 23.31408500986881], [94.39990316400268, 23.314069298552063], [94.39990883816046, 23.31461112122853], [94.40049550230407, 23.314605879597913], [94.40052956508869, 23.31785681402764], [94.39876952937404, 23.31787253478074]]]}, "properties": {"id": 241, "label": "temporary radar change (return toward T1)", "class_id": 2, "direction": "increase", "area_ha": 10.08296838102059, "pixel_count": 28, "mean_change_db": 3.850019693374634, "max_change_db": 4.591183185577393, "mean_signed_db": 3.850019693374634, "first_observed": "2024-11-20T11:46:56.693237Z", "observation_interval": ["2024-04-18T11:46:55.497558Z", "2024-11-20T11:46:56.693237Z"], "persists_into_T3": false, "mean_power_by_date": [0.07133626937866211, 0.17278829216957092, 0.07437340170145035], "interpretation": "Unvalidated radar-change candidate; terrain, registration and moisture may explain the signal.", "mean_slope_deg": 1.53, "max_slope_deg": 4.41, "mean_elevation_m": 115.3, "terrain_risk_pct": 0.0, "terrain_tier": "Low Risk (Flat Lowland)", "priority_score": 12.23, "temporal_class": "seasonal_transient", "t4_status": "pending", "t4_mean_power": null, "t4_mean_signed_db": null, "t4_observation": null}}, {"type": "Feature", "geometry": {"type": "Polygon", "coordinates": [[[94.01524279522256, 23.035768668655276], [94.01523061478701, 23.034142911821593], [94.01464508833604, 23.034146668331662], [94.01463291602695, 23.03252091086297], [94.0163894739473, 23.03250963571913], [94.01639353828214, 23.03305155461799], [94.01697905968358, 23.033047791805835], [94.01698312648179, 23.033589710568418], [94.01756865010069, 23.033585945491467], [94.01758492788603, 23.03575361976972], [94.01524279522256, 23.035768668655276]]]}, "properties": {"id": 22, "label": "persistent radar change", "class_id": 1, "direction": "increase", "area_ha": 8.644600006509968, "pixel_count": 24, "mean_change_db": 4.466625213623047, "max_change_db": 5.606237888336182, "mean_signed_db": 4.466625213623047, "first_observed": "2024-11-20T11:46:56.693237Z", "observation_interval": ["2024-04-18T11:46:55.497558Z", "2024-11-20T11:46:56.693237Z"], "persists_into_T3": true, "mean_power_by_date": [0.08413777500391006, 0.23474566638469696, 0.1917862445116043], "interpretation": "Unvalidated radar-change candidate; terrain, registration and moisture may explain the signal.", "mean_slope_deg": 0.68, "max_slope_deg": 3.16, "mean_elevation_m": 118.1, "terrain_risk_pct": 0.0, "terrain_tier": "Low Risk (Flat Lowland)", "priority_score": 13.13, "temporal_class": "persistent", "t4_status": "pending", "t4_mean_power": null, "t4_mean_signed_db": null, "t4_observation": null}}, {"type": "Feature", "geometry": {"type": "Polygon", "coordinates": [[[94.39275117158883, 23.359650355975567], [94.39272854319087, 23.357483070859672], [94.39331539747758, 23.357477847078883], [94.39330973842094, 23.35693602583818], [94.3950702931165, 23.35692034170695], [94.39507595931813, 23.357462162541605], [94.39683651962783, 23.357446458212003], [94.39685354068955, 23.359071919263474], [94.39450609802137, 23.359092855597275], [94.39451176252145, 23.359634676412163], [94.39275117158883, 23.359650355975567]]]}, "properties": {"id": 198, "label": "temporary radar change (return toward T1)", "class_id": 2, "direction": "increase", "area_ha": 9.722896555075584, "pixel_count": 27, "mean_change_db": 3.9668664932250977, "max_change_db": 4.694094657897949, "mean_signed_db": 3.9668664932250977, "first_observed": "2024-11-20T11:46:56.693237Z", "observation_interval": ["2024-04-18T11:46:55.497558Z", "2024-11-20T11:46:56.693237Z"], "persists_into_T3": false, "mean_power_by_date": [0.06311260908842087, 0.15726815164089203, 0.07898736000061035], "interpretation": "Unvalidated radar-change candidate; terrain, registration and moisture may explain the signal.", "mean_slope_deg": 2.46, "max_slope_deg": 6.87, "mean_elevation_m": 147.1, "terrain_risk_pct": 0.0, "terrain_tier": "Low Risk (Flat Lowland)", "priority_score": 12.37, "temporal_class": "seasonal_transient", "t4_status": "pending", "t4_mean_power": null, "t4_mean_signed_db": null, "t4_observation": null}}, {"type": "Feature", "geometry": {"type": "Polygon", "coordinates": [[[94.32163206604619, 23.34942951386181], [94.32160523819792, 23.34672032378498], [94.32219206250502, 23.346715368815556], [94.32218132773244, 23.34563169277094], [94.32452860430452, 23.345611851938433], [94.32454473527147, 23.34723736440574], [94.3239579092289, 23.347242328296744], [94.32397940992222, 23.349409678226237], [94.32163206604619, 23.34942951386181]]]}, "properties": {"id": 209, "label": "temporary radar change (return toward T1)", "class_id": 2, "direction": "increase", "area_ha": 10.443635025012773, "pixel_count": 29, "mean_change_db": 3.6914446353912354, "max_change_db": 4.593849182128906, "mean_signed_db": 3.6914446353912354, "first_observed": "2024-11-20T11:46:56.693237Z", "observation_interval": ["2024-04-18T11:46:55.497558Z", "2024-11-20T11:46:56.693237Z"], "persists_into_T3": false, "mean_power_by_date": [0.0710129663348198, 0.16610530018806458, 0.0828605517745018], "interpretation": "Unvalidated radar-change candidate; terrain, registration and moisture may explain the signal.", "mean_slope_deg": 1.36, "max_slope_deg": 2.75, "mean_elevation_m": 117.1, "terrain_risk_pct": 0.0, "terrain_tier": "Low Risk (Flat Lowland)", "priority_score": 11.93, "temporal_class": "seasonal_transient", "t4_status": "pending", "t4_mean_power": null, "t4_mean_signed_db": null, "t4_observation": null}}, {"type": "Feature", "geometry": {"type": "Polygon", "coordinates": [[[94.04311375669074, 23.382964539337184], [94.04310103094872, 23.381338868496858], [94.04544917346522, 23.381323188808715], [94.04544492226152, 23.38078129885775], [94.0489671178915, 23.380757713854543], [94.04897991483541, 23.382383381762036], [94.04545767625528, 23.382406968595866], [94.04546192784167, 23.382948858432037], [94.04311375669074, 23.382964539337184]]]}, "properties": {"id": 179, "label": "temporary radar change (return toward T1)", "class_id": 2, "direction": "increase", "area_ha": 10.805593031836697, "pixel_count": 30, "mean_change_db": 3.558387279510498, "max_change_db": 3.9802589416503906, "mean_signed_db": 3.558387279510498, "first_observed": "2024-11-20T11:46:56.693237Z", "observation_interval": ["2024-04-18T11:46:55.497558Z", "2024-11-20T11:46:56.693237Z"], "persists_into_T3": false, "mean_power_by_date": [0.07873491942882538, 0.17874731123447418, 0.0943165272474289], "interpretation": "Unvalidated radar-change candidate; terrain, registration and moisture may explain the signal.", "mean_slope_deg": 0.37, "max_slope_deg": 0.6, "mean_elevation_m": 134.3, "terrain_risk_pct": 0.0, "terrain_tier": "Low Risk (Flat Lowland)", "priority_score": 11.7, "temporal_class": "seasonal_transient", "t4_status": "pending", "t4_mean_power": null, "t4_mean_signed_db": null, "t4_observation": null}}, {"type": "Feature", "geometry": {"type": "Polygon", "coordinates": [[[94.39384565425688, 23.52003299139499], [94.39383994890402, 23.51949118155146], [94.39325237894374, 23.519496441383982], [94.39324667616465, 23.518954631366007], [94.3926591084369, 23.518959888846947], [94.392642008332, 23.517334458152906], [94.39499224938362, 23.517313416557965], [94.39499795885963, 23.517855226286418], [94.39558552109862, 23.517849960212153], [94.3955912331484, 23.518391769766005], [94.3967663619196, 23.518381230698004], [94.39678351351274, 23.520006658311356], [94.39384565425688, 23.52003299139499]]]}, "properties": {"id": 114, "label": "temporary radar change (return toward T1)", "class_id": 2, "direction": "increase", "area_ha": 9.722908326803777, "pixel_count": 27, "mean_change_db": 3.8880903720855713, "max_change_db": 4.792820930480957, "mean_signed_db": 3.8880903720855713, "first_observed": "2024-11-20T11:46:56.693237Z", "observation_interval": ["2024-04-18T11:46:55.497558Z", "2024-11-20T11:46:56.693237Z"], "persists_into_T3": false, "mean_power_by_date": [0.06046976521611214, 0.148075133562088, 0.07912589609622955], "interpretation": "Unvalidated radar-change candidate; terrain, registration and moisture may explain the signal.", "mean_slope_deg": 1.99, "max_slope_deg": 4.79, "mean_elevation_m": 113.8, "terrain_risk_pct": 0.0, "terrain_tier": "Low Risk (Flat Lowland)", "priority_score": 12.12, "temporal_class": "seasonal_transient", "t4_status": "pending", "t4_mean_power": null, "t4_mean_signed_db": null, "t4_observation": null}}, {"type": "Feature", "geometry": {"type": "Polygon", "coordinates": [[[93.97598923304939, 23.11405606849882], [93.97598531494681, 23.113514148475396], [93.97481356056049, 23.113521392288874], [93.97480182106816, 23.111895631424304], [93.9789029099791, 23.111870242007296], [93.97891469884149, 23.113496000883313], [93.97774294563902, 23.11350326644444], [93.97774687079489, 23.114045186183777], [93.97598923304939, 23.11405606849882]]]}, "properties": {"id": 329, "label": "temporary radar change (return toward T1)", "class_id": 2, "direction": "increase", "area_ha": 8.644778034180659, "pixel_count": 24, "mean_change_db": 4.366415977478027, "max_change_db": 5.545406341552734, "mean_signed_db": 4.366415977478027, "first_observed": "2024-11-20T11:46:56.693237Z", "observation_interval": ["2024-04-18T11:46:55.497558Z", "2024-11-20T11:46:56.693237Z"], "persists_into_T3": false, "mean_power_by_date": [0.0715971514582634, 0.19546937942504883, 0.09187611937522888], "interpretation": "Unvalidated radar-change candidate; terrain, registration and moisture may explain the signal.", "mean_slope_deg": 2.68, "max_slope_deg": 15.06, "mean_elevation_m": 144.4, "terrain_risk_pct": 0.0, "terrain_tier": "Low Risk (Flat Lowland)", "priority_score": 12.84, "temporal_class": "seasonal_transient", "t4_status": "pending", "t4_mean_power": null, "t4_mean_signed_db": null, "t4_observation": null}}, {"type": "Feature", "geometry": {"type": "Polygon", "coordinates": [[[94.08962273229156, 23.398904759575032], [94.0896005609246, 23.39619535463677], [94.09194892961531, 23.39617896705207], [94.09195337317448, 23.396720847692645], [94.09254046740206, 23.396716745180008], [94.09255825252421, 23.398884266934502], [94.08962273229156, 23.398904759575032]]]}, "properties": {"id": 16, "label": "persistent radar change", "class_id": 1, "direction": "increase", "area_ha": 8.644260239231098, "pixel_count": 24, "mean_change_db": 4.3340630531311035, "max_change_db": 5.002262115478516, "mean_signed_db": 4.3340630531311035, "first_observed": "2024-11-20T11:46:56.693237Z", "observation_interval": ["2024-04-18T11:46:55.497558Z", "2024-11-20T11:46:56.693237Z"], "persists_into_T3": true, "mean_power_by_date": [0.07329944521188736, 0.19885720312595367, 0.17712967097759247], "interpretation": "Unvalidated radar-change candidate; terrain, registration and moisture may explain the signal.", "mean_slope_deg": 0.82, "max_slope_deg": 1.01, "mean_elevation_m": 129.6, "terrain_risk_pct": 0.0, "terrain_tier": "Low Risk (Flat Lowland)", "priority_score": 12.74, "temporal_class": "persistent", "t4_status": "pending", "t4_mean_power": null, "t4_mean_signed_db": null, "t4_observation": null}}, {"type": "Feature", "geometry": {"type": "Polygon", "coordinates": [[[94.49100803833466, 22.904657903747914], [94.49097249209407, 22.901406929423736], [94.49214218831771, 22.901395948920417], [94.49213033172221, 22.900312291082685], [94.49388486077989, 22.90029580506181], [94.49389079595213, 22.90083763356644], [94.49447564093289, 22.900832133779726], [94.49449345449455, 22.902457618629533], [94.49273889811788, 22.90247411283758], [94.49276262419262, 22.904641427167746], [94.49100803833466, 22.904657903747914]]]}, "properties": {"id": 411, "label": "temporary radar change (return toward T1)", "class_id": 2, "direction": "increase", "area_ha": 11.162466202677297, "pixel_count": 31, "mean_change_db": 3.344669818878174, "max_change_db": 3.7519235610961914, "mean_signed_db": 3.344669818878174, "first_observed": "2024-11-20T11:46:56.693237Z", "observation_interval": ["2024-04-18T11:46:55.497558Z", "2024-11-20T11:46:56.693237Z"], "persists_into_T3": false, "mean_power_by_date": [0.10225868970155716, 0.22098679840564728, 0.08766667544841766], "interpretation": "Unvalidated radar-change candidate; terrain, registration and moisture may explain the signal.", "mean_slope_deg": 0.19, "max_slope_deg": 0.38, "mean_elevation_m": 95.0, "terrain_risk_pct": 0.0, "terrain_tier": "Low Risk (Flat Lowland)", "priority_score": 11.17, "temporal_class": "seasonal_transient", "t4_status": "pending", "t4_mean_power": null, "t4_mean_signed_db": null, "t4_observation": null}}, {"type": "Feature", "geometry": {"type": "Polygon", "coordinates": [[[94.02257705061335, 23.307772819757158], [94.02257290703977, 23.30723092079607], [94.02198619304242, 23.30723474671617], [94.02196548892361, 23.30452525084252], [94.02548569975227, 23.30450226537835], [94.02549816462044, 23.306127961228317], [94.0249114559991, 23.306131797924262], [94.02492391486231, 23.307757493729504], [94.02257705061335, 23.307772819757158]]]}, "properties": {"id": 254, "label": "temporary radar change (return toward T1)", "class_id": 2, "direction": "increase", "area_ha": 11.526099881998892, "pixel_count": 32, "mean_change_db": 3.23697566986084, "max_change_db": 3.5208663940429688, "mean_signed_db": 3.23697566986084, "first_observed": "2024-11-20T11:46:56.693237Z", "observation_interval": ["2024-04-18T11:46:55.497558Z", "2024-11-20T11:46:56.693237Z"], "persists_into_T3": false, "mean_power_by_date": [0.11687491834163666, 0.24642811715602875, 0.12968513369560242], "interpretation": "Unvalidated radar-change candidate; terrain, registration and moisture may explain the signal.", "mean_slope_deg": 0.71, "max_slope_deg": 2.76, "mean_elevation_m": 124.6, "terrain_risk_pct": 0.0, "terrain_tier": "Low Risk (Flat Lowland)", "priority_score": 10.99, "temporal_class": "seasonal_transient", "t4_status": "pending", "t4_mean_power": null, "t4_mean_signed_db": null, "t4_observation": null}}, {"type": "Feature", "geometry": {"type": "Polygon", "coordinates": [[[94.42690438785971, 23.424908196481006], [94.42688694582634, 23.423282770219416], [94.42629981008331, 23.423288134044963], [94.42628237678882, 23.421662707017283], [94.42863089003319, 23.421641240143085], [94.42866581555619, 23.424892090520554], [94.42690438785971, 23.424908196481006]]]}, "properties": {"id": 137, "label": "temporary radar change (return toward T1)", "class_id": 2, "direction": "increase", "area_ha": 7.562076150140725, "pixel_count": 21, "mean_change_db": 4.929210662841797, "max_change_db": 6.373831272125244, "mean_signed_db": 4.929210662841797, "first_observed": "2024-11-20T11:46:56.693237Z", "observation_interval": ["2024-04-18T11:46:55.497558Z", "2024-11-20T11:46:56.693237Z"], "persists_into_T3": false, "mean_power_by_date": [0.05820281803607941, 0.1807815283536911, 0.07104850560426712], "interpretation": "Unvalidated radar-change candidate; terrain, registration and moisture may explain the signal.", "mean_slope_deg": 0.62, "max_slope_deg": 4.27, "mean_elevation_m": 136.8, "terrain_risk_pct": 0.0, "terrain_tier": "Low Risk (Flat Lowland)", "priority_score": 13.55, "temporal_class": "seasonal_transient", "t4_status": "pending", "t4_mean_power": null, "t4_mean_signed_db": null, "t4_observation": null}}, {"type": "Feature", "geometry": {"type": "Polygon", "coordinates": [[[94.50237230583107, 22.821100518076708], [94.50236636010938, 22.82055868625548], [94.5017818606413, 22.8205641967938], [94.50177591741128, 22.820022364789015], [94.50060692255542, 22.820033379147567], [94.50058910781419, 22.81840788203236], [94.50351155893618, 22.818380332246207], [94.50351750855678, 22.818922163929884], [94.50410200054985, 22.818916647400204], [94.50410795266214, 22.819458478900145], [94.50469244678517, 22.819452960082582], [94.50471031114027, 22.821078453916158], [94.50237230583107, 22.821100518076708]]]}, "properties": {"id": 435, "label": "temporary radar change (return toward T1)", "class_id": 2, "direction": "increase", "area_ha": 9.722064457203773, "pixel_count": 27, "mean_change_db": 3.827031373977661, "max_change_db": 4.484177589416504, "mean_signed_db": 3.827031373977661, "first_observed": "2024-11-20T11:46:56.693237Z", "observation_interval": ["2024-04-18T11:46:55.497558Z", "2024-11-20T11:46:56.693237Z"], "persists_into_T3": false, "mean_power_by_date": [0.08006858080625534, 0.19365793466567993, 0.09102138131856918], "interpretation": "Unvalidated radar-change candidate; terrain, registration and moisture may explain the signal.", "mean_slope_deg": 1.71, "max_slope_deg": 6.22, "mean_elevation_m": 106.8, "terrain_risk_pct": 0.0, "terrain_tier": "Low Risk (Flat Lowland)", "priority_score": 11.93, "temporal_class": "seasonal_transient", "t4_status": "pending", "t4_mean_power": null, "t4_mean_signed_db": null, "t4_observation": null}}, {"type": "Feature", "geometry": {"type": "Polygon", "coordinates": [[[94.05588465288787, 23.215966678162925], [94.05586335573307, 23.213257180024087], [94.0587948369682, 23.21323746974889], [94.05880765033645, 23.214863167207945], [94.05822134725437, 23.21486711394105], [94.05822988541473, 23.2159509122621], [94.05588465288787, 23.215966678162925]]]}, "properties": {"id": 521, "label": "late radar change (persistence unknown)", "class_id": 3, "direction": "decrease", "area_ha": 8.28423115259735, "pixel_count": 23, "mean_change_db": 4.491244316101074, "max_change_db": 5.737420558929443, "mean_signed_db": -4.491244316101074, "first_observed": "2025-01-07T11:46:53.116821Z", "observation_interval": ["2024-11-20T11:46:56.693237Z", "2025-01-07T11:46:53.116821Z"], "persists_into_T3": null, "mean_power_by_date": [0.2251320481300354, 0.2160923033952713, 0.07768815010786057], "interpretation": "Unvalidated radar-change candidate; terrain, registration and moisture may explain the signal.", "mean_slope_deg": 0.36, "max_slope_deg": 0.69, "mean_elevation_m": 117.6, "terrain_risk_pct": 0.0, "terrain_tier": "Low Risk (Flat Lowland)", "priority_score": 12.93, "temporal_class": "late_unclassified", "t4_status": "pending", "t4_mean_power": null, "t4_mean_signed_db": null, "t4_observation": null}}, {"type": "Feature", "geometry": {"type": "Polygon", "coordinates": [[[94.42946176397008, 23.389663739832173], [94.42945013455845, 23.388580118691216], [94.42886315251684, 23.38858548466272], [94.42883990532874, 23.386418241358975], [94.43177476608142, 23.38639139225622], [94.43180388514129, 23.389100442816506], [94.43121690141213, 23.38910581773619], [94.43122272336247, 23.38964762787055], [94.42946176397008, 23.389663739832173]]]}, "properties": {"id": 169, "label": "temporary radar change (return toward T1)", "class_id": 2, "direction": "increase", "area_ha": 9.722645741236164, "pixel_count": 27, "mean_change_db": 3.814706563949585, "max_change_db": 4.385329246520996, "mean_signed_db": 3.814706563949585, "first_observed": "2024-11-20T11:46:56.693237Z", "observation_interval": ["2024-04-18T11:46:55.497558Z", "2024-11-20T11:46:56.693237Z"], "persists_into_T3": false, "mean_power_by_date": [0.0745733231306076, 0.17921052873134613, 0.08590129762887955], "interpretation": "Unvalidated radar-change candidate; terrain, registration and moisture may explain the signal.", "mean_slope_deg": 1.42, "max_slope_deg": 3.86, "mean_elevation_m": 141.2, "terrain_risk_pct": 0.0, "terrain_tier": "Low Risk (Flat Lowland)", "priority_score": 11.89, "temporal_class": "seasonal_transient", "t4_status": "pending", "t4_mean_power": null, "t4_mean_signed_db": null, "t4_observation": null}}, {"type": "Feature", "geometry": {"type": "Polygon", "coordinates": [[[94.04745680679473, 22.65510716980328], [94.04743213618501, 22.651855533520095], [94.04918379482193, 22.651844075873598], [94.04918791314923, 22.65238601504358], [94.04977180140116, 22.65238219147391], [94.04978828513129, 22.654549947374846], [94.04920438771511, 22.65455377135015], [94.04920850667077, 22.655095710333452], [94.04745680679473, 22.65510716980328]]]}, "properties": {"id": 516, "label": "temporary radar change (return toward T1)", "class_id": 2, "direction": "increase", "area_ha": 7.924065602917573, "pixel_count": 22, "mean_change_db": 4.676879405975342, "max_change_db": 6.235440254211426, "mean_signed_db": 4.676879405975342, "first_observed": "2024-11-20T11:46:56.693237Z", "observation_interval": ["2024-04-18T11:46:55.497558Z", "2024-11-20T11:46:56.693237Z"], "persists_into_T3": false, "mean_power_by_date": [0.06637808680534363, 0.19729581475257874, 0.08318942040205002], "interpretation": "Unvalidated radar-change candidate; terrain, registration and moisture may explain the signal.", "mean_slope_deg": 0.41, "max_slope_deg": 0.62, "mean_elevation_m": 176.3, "terrain_risk_pct": 0.0, "terrain_tier": "Low Risk (Flat Lowland)", "priority_score": 13.17, "temporal_class": "seasonal_transient", "t4_status": "pending", "t4_mean_power": null, "t4_mean_signed_db": null, "t4_observation": null}}, {"type": "Feature", "geometry": {"type": "Polygon", "coordinates": [[[94.07096529387059, 23.34213253750734], [94.07096094708824, 23.341590649323194], [94.06978723541646, 23.341598672230678], [94.06978289352612, 23.341056783800447], [94.0686091860942, 23.34106479770645], [94.06859183888135, 23.338897242772635], [94.07035237126699, 23.33888521986199], [94.07035671501617, 23.339427108341315], [94.07094356126433, 23.33942309620413], [94.0709479075245, 23.33996498454126], [94.07153475602264, 23.339960970101828], [94.07153910479393, 23.34050285829672], [94.07329965664614, 23.34049080147635], [94.07331272517023, 23.34211646489445], [94.07096529387059, 23.34213253750734]]]}, "properties": {"id": 218, "label": "temporary radar change (return toward T1)", "class_id": 2, "direction": "increase", "area_ha": 10.805444816114498, "pixel_count": 30, "mean_change_db": 3.428549289703369, "max_change_db": 4.004728317260742, "mean_signed_db": 3.428549289703369, "first_observed": "2024-11-20T11:46:56.693237Z", "observation_interval": ["2024-04-18T11:46:55.497558Z", "2024-11-20T11:46:56.693237Z"], "persists_into_T3": false, "mean_power_by_date": [0.11513396352529526, 0.2533787786960602, 0.11655765026807785], "interpretation": "Unvalidated radar-change candidate; terrain, registration and moisture may explain the signal.", "mean_slope_deg": 0.21, "max_slope_deg": 0.35, "mean_elevation_m": 118.6, "terrain_risk_pct": 0.0, "terrain_tier": "Low Risk (Flat Lowland)", "priority_score": 11.27, "temporal_class": "seasonal_transient", "t4_status": "pending", "t4_mean_power": null, "t4_mean_signed_db": null, "t4_observation": null}}, {"type": "Feature", "geometry": {"type": "Polygon", "coordinates": [[[94.42821227348364, 23.3826309263235], [94.42820646572761, 23.382089114989412], [94.42761951196033, 23.382094474892472], [94.42760209689182, 23.38046904024095], [94.43112377395585, 23.38043685029655], [94.43114705162921, 23.38260409308989], [94.42821227348364, 23.3826309263235]]]}, "properties": {"id": 178, "label": "temporary radar change (return toward T1)", "class_id": 2, "direction": "increase", "area_ha": 8.282258967386861, "pixel_count": 23, "mean_change_db": 4.463405609130859, "max_change_db": 6.051912784576416, "mean_signed_db": 4.463405609130859, "first_observed": "2024-11-20T11:46:56.693237Z", "observation_interval": ["2024-04-18T11:46:55.497558Z", "2024-11-20T11:46:56.693237Z"], "persists_into_T3": false, "mean_power_by_date": [0.05865638330578804, 0.16189029812812805, 0.06749344617128372], "interpretation": "Unvalidated radar-change candidate; terrain, registration and moisture may explain the signal.", "mean_slope_deg": 1.27, "max_slope_deg": 3.81, "mean_elevation_m": 143.2, "terrain_risk_pct": 0.0, "terrain_tier": "Low Risk (Flat Lowland)", "priority_score": 12.85, "temporal_class": "seasonal_transient", "t4_status": "pending", "t4_mean_power": null, "t4_mean_signed_db": null, "t4_observation": null}}, {"type": "Feature", "geometry": {"type": "Polygon", "coordinates": [[[94.08257560553065, 22.66571299818081], [94.08256284948152, 22.664087200973515], [94.08373071212688, 22.664079304695296], [94.08372219957361, 22.66299544012211], [94.08547397881418, 22.66298358037689], [94.08547824190254, 22.663525512367755], [94.08606217034826, 22.663521554759527], [94.08606643585895, 22.664063486608075], [94.08723429694454, 22.664055564799114], [94.08724710801187, 22.665681359490293], [94.08549529555651, 22.665693239957214], [94.08549103194792, 22.66515130811595], [94.08432316091228, 22.66515921757891], [94.08432741993586, 22.665701149629847], [94.08257560553065, 22.66571299818081]]]}, "properties": {"id": 512, "label": "temporary radar change (return toward T1)", "class_id": 2, "direction": "increase", "area_ha": 10.445149336797279, "pixel_count": 29, "mean_change_db": 3.529775619506836, "max_change_db": 4.064591884613037, "mean_signed_db": 3.529775619506836, "first_observed": "2024-11-20T11:46:56.693237Z", "observation_interval": ["2024-04-18T11:46:55.497558Z", "2024-11-20T11:46:56.693237Z"], "persists_into_T3": false, "mean_power_by_date": [0.06548193842172623, 0.14778684079647064, 0.08720383793115616], "interpretation": "Unvalidated radar-change candidate; terrain, registration and moisture may explain the signal.", "mean_slope_deg": 0.76, "max_slope_deg": 1.45, "mean_elevation_m": 152.8, "terrain_risk_pct": 0.0, "terrain_tier": "Low Risk (Flat Lowland)", "priority_score": 11.41, "temporal_class": "seasonal_transient", "t4_status": "pending", "t4_mean_power": null, "t4_mean_signed_db": null, "t4_observation": null}}, {"type": "Feature", "geometry": {"type": "Polygon", "coordinates": [[[94.45024441749855, 23.732462834720174], [94.45022043317017, 23.7302957076114], [94.4496319366209, 23.730301226279142], [94.44961395754186, 23.728675880110746], [94.45137942477618, 23.728659318663492], [94.45138542491645, 23.72920110033544], [94.4519739160681, 23.729195575235586], [94.4519799188179, 23.729737356726854], [94.45256841222165, 23.729731829247527], [94.45259844080732, 23.73244073540639], [94.45024441749855, 23.732462834720174]]]}, "properties": {"id": 86, "label": "temporary radar change (return toward T1)", "class_id": 2, "direction": "increase", "area_ha": 10.082616285325656, "pixel_count": 28, "mean_change_db": 3.6245574951171875, "max_change_db": 4.423929691314697, "mean_signed_db": 3.6245574951171875, "first_observed": "2024-11-20T11:46:56.693237Z", "observation_interval": ["2024-04-18T11:46:55.497558Z", "2024-11-20T11:46:56.693237Z"], "persists_into_T3": false, "mean_power_by_date": [0.06527554243803024, 0.15068447589874268, 0.07674406468868256], "interpretation": "Unvalidated radar-change candidate; terrain, registration and moisture may explain the signal.", "mean_slope_deg": 0.44, "max_slope_deg": 0.95, "mean_elevation_m": 110.5, "terrain_risk_pct": 0.0, "terrain_tier": "Low Risk (Flat Lowland)", "priority_score": 11.51, "temporal_class": "seasonal_transient", "t4_status": "pending", "t4_mean_power": null, "t4_mean_signed_db": null, "t4_observation": null}}, {"type": "Feature", "geometry": {"type": "Polygon", "coordinates": [[[94.06200563947964, 23.099952168734266], [94.06200137900602, 23.099410262283282], [94.06141557876678, 23.09941420237577], [94.06141132077076, 23.09887229578396], [94.06082552275187, 23.09887623360052], [94.0608085014485, 23.096708606442633], [94.06315165517223, 23.09669284378517], [94.06316018435636, 23.09777665661651], [94.06374597716287, 23.09777271031403], [94.06376304647215, 23.09994033510931], [94.06200563947964, 23.099952168734266]]]}, "properties": {"id": 342, "label": "temporary radar change (return toward T1)", "class_id": 2, "direction": "increase", "area_ha": 9.004569937407062, "pixel_count": 25, "mean_change_db": 4.024601936340332, "max_change_db": 5.1615424156188965, "mean_signed_db": 4.024601936340332, "first_observed": "2024-11-20T11:46:56.693237Z", "observation_interval": ["2024-04-18T11:46:55.497558Z", "2024-11-20T11:46:56.693237Z"], "persists_into_T3": false, "mean_power_by_date": [0.12015195935964584, 0.30474671721458435, 0.11667544394731522], "interpretation": "Unvalidated radar-change candidate; terrain, registration and moisture may explain the signal.", "mean_slope_deg": 0.13, "max_slope_deg": 0.25, "mean_elevation_m": 114.8, "terrain_risk_pct": 0.0, "terrain_tier": "Low Risk (Flat Lowland)", "priority_score": 12.08, "temporal_class": "seasonal_transient", "t4_status": "pending", "t4_mean_power": null, "t4_mean_signed_db": null, "t4_observation": null}}, {"type": "Feature", "geometry": {"type": "Polygon", "coordinates": [[[94.37884509128416, 23.263319420230644], [94.37882279209043, 23.26115209571507], [94.37940922727115, 23.26114694414918], [94.37939807394248, 23.260063281927156], [94.38174379403493, 23.260042654844316], [94.38177172599694, 23.26275180743075], [94.38118528438024, 23.262756968155045], [94.38119086890751, 23.263298798690425], [94.37884509128416, 23.263319420230644]]]}, "properties": {"id": 276, "label": "temporary radar change (return toward T1)", "class_id": 2, "direction": "increase", "area_ha": 9.722989459142717, "pixel_count": 27, "mean_change_db": 3.688544988632202, "max_change_db": 4.268439769744873, "mean_signed_db": 3.688544988632202, "first_observed": "2024-11-20T11:46:56.693237Z", "observation_interval": ["2024-04-18T11:46:55.497558Z", "2024-11-20T11:46:56.693237Z"], "persists_into_T3": false, "mean_power_by_date": [0.07076092809438705, 0.16531379520893097, 0.07873468101024628], "interpretation": "Unvalidated radar-change candidate; terrain, registration and moisture may explain the signal.", "mean_slope_deg": 3.22, "max_slope_deg": 5.93, "mean_elevation_m": 128.3, "terrain_risk_pct": 0.0, "terrain_tier": "Low Risk (Flat Lowland)", "priority_score": 11.5, "temporal_class": "seasonal_transient", "t4_status": "pending", "t4_mean_power": null, "t4_mean_signed_db": null, "t4_observation": null}}, {"type": "Feature", "geometry": {"type": "Polygon", "coordinates": [[[94.05917504757824, 23.409410449135297], [94.05915348484855, 23.406701020706112], [94.05974062942789, 23.406697039779825], [94.05973631488058, 23.406155154081954], [94.06032345694115, 23.406151171053285], [94.06031914013393, 23.405609285420063], [94.06208055837072, 23.405597323411612], [94.06209353068499, 23.407222979268642], [94.06150638423425, 23.407226969119414], [94.06152367291047, 23.409394510138213], [94.05917504757824, 23.409410449135297]]]}, "properties": {"id": 152, "label": "temporary radar change (return toward T1)", "class_id": 2, "direction": "increase", "area_ha": 10.085141487535765, "pixel_count": 28, "mean_change_db": 3.5499629974365234, "max_change_db": 4.326833724975586, "mean_signed_db": 3.5499629974365234, "first_observed": "2024-11-20T11:46:56.693237Z", "observation_interval": ["2024-04-18T11:46:55.497558Z", "2024-11-20T11:46:56.693237Z"], "persists_into_T3": false, "mean_power_by_date": [0.08388876169919968, 0.18937882781028748, 0.10686378180980682], "interpretation": "Unvalidated radar-change candidate; terrain, registration and moisture may explain the signal.", "mean_slope_deg": 0.58, "max_slope_deg": 1.55, "mean_elevation_m": 126.0, "terrain_risk_pct": 0.0, "terrain_tier": "Low Risk (Flat Lowland)", "priority_score": 11.27, "temporal_class": "seasonal_transient", "t4_status": "pending", "t4_mean_power": null, "t4_mean_signed_db": null, "t4_observation": null}}, {"type": "Feature", "geometry": {"type": "Polygon", "coordinates": [[[94.04650276897952, 22.68329560080503], [94.04649865495993, 22.68275366325793], [94.04591463755324, 22.682757479730043], [94.04589408081027, 22.680047790928427], [94.04764609823391, 22.680036336640786], [94.04765021621536, 22.68057827417236], [94.04823422406672, 22.68057445171656], [94.04823834446834, 22.681116389109466], [94.04940636438323, 22.681108737607026], [94.04941874011038, 22.682734548953345], [94.04825070642708, 22.68274220106398], [94.0482548273313, 22.6832841383074], [94.04650276897952, 22.68329560080503]]]}, "properties": {"id": 507, "label": "temporary radar change (return toward T1)", "class_id": 2, "direction": "increase", "area_ha": 10.085182022834314, "pixel_count": 28, "mean_change_db": 3.547544240951538, "max_change_db": 3.9778013229370117, "mean_signed_db": 3.547544240951538, "first_observed": "2024-11-20T11:46:56.693237Z", "observation_interval": ["2024-04-18T11:46:55.497558Z", "2024-11-20T11:46:56.693237Z"], "persists_into_T3": false, "mean_power_by_date": [0.06593984365463257, 0.14914771914482117, 0.08401752263307571], "interpretation": "Unvalidated radar-change candidate; terrain, registration and moisture may explain the signal.", "mean_slope_deg": 0.67, "max_slope_deg": 1.33, "mean_elevation_m": 163.9, "terrain_risk_pct": 0.0, "terrain_tier": "Low Risk (Flat Lowland)", "priority_score": 11.27, "temporal_class": "seasonal_transient", "t4_status": "pending", "t4_mean_power": null, "t4_mean_signed_db": null, "t4_observation": null}}, {"type": "Feature", "geometry": {"type": "Polygon", "coordinates": [[[94.03028129486543, 23.011283958998987], [94.0302648335303, 23.009116286649476], [94.03143566445021, 23.009108663668865], [94.0314315447533, 23.008566745686764], [94.0320169576891, 23.00856293105084], [94.0320128357797, 23.008021013130907], [94.03376906682693, 23.008009556541438], [94.03378971268056, 23.01071914426262], [94.03203344657403, 23.010730602352858], [94.03203756910712, 23.011272520083928], [94.03028129486543, 23.011283958998987]]]}, "properties": {"id": 382, "label": "temporary radar change (return toward T1)", "class_id": 2, "direction": "increase", "area_ha": 10.085280245876662, "pixel_count": 28, "mean_change_db": 3.544792890548706, "max_change_db": 4.051410675048828, "mean_signed_db": 3.544792890548706, "first_observed": "2024-11-20T11:46:56.693237Z", "observation_interval": ["2024-04-18T11:46:55.497558Z", "2024-11-20T11:46:56.693237Z"], "persists_into_T3": false, "mean_power_by_date": [0.08833476155996323, 0.19976477324962616, 0.09533996880054474], "interpretation": "Unvalidated radar-change candidate; terrain, registration and moisture may explain the signal.", "mean_slope_deg": 0.41, "max_slope_deg": 0.61, "mean_elevation_m": 122.3, "terrain_risk_pct": 0.0, "terrain_tier": "Low Risk (Flat Lowland)", "priority_score": 11.26, "temporal_class": "seasonal_transient", "t4_status": "pending", "t4_mean_power": null, "t4_mean_signed_db": null, "t4_observation": null}}, {"type": "Feature", "geometry": {"type": "Polygon", "coordinates": [[[94.02232643727908, 23.04331026215041], [94.02232234719112, 23.04276834495719], [94.02056565952832, 23.04277969072705], [94.02055341108066, 23.041153938029904], [94.02113896673374, 23.04115015857059], [94.02113079703642, 23.04006632344798], [94.02288744920591, 23.040054972661668], [94.0228915410169, 23.04059688994482], [94.02347709383406, 23.040593101916325], [94.0234811881102, 23.041135019062544], [94.02406674314497, 23.041131228767853], [94.02408313085398, 23.043298896577927], [94.02232643727908, 23.04331026215041]]]}, "properties": {"id": 371, "label": "temporary radar change (return toward T1)", "class_id": 2, "direction": "increase", "area_ha": 10.085333750675758, "pixel_count": 28, "mean_change_db": 3.5325005054473877, "max_change_db": 4.129753589630127, "mean_signed_db": 3.5325005054473877, "first_observed": "2024-11-20T11:46:56.693237Z", "observation_interval": ["2024-04-18T11:46:55.497558Z", "2024-11-20T11:46:56.693237Z"], "persists_into_T3": false, "mean_power_by_date": [0.11390822380781174, 0.25716283917427063, 0.12330866605043411], "interpretation": "Unvalidated radar-change candidate; terrain, registration and moisture may explain the signal.", "mean_slope_deg": 0.06, "max_slope_deg": 0.12, "mean_elevation_m": 116.9, "terrain_risk_pct": 0.0, "terrain_tier": "Low Risk (Flat Lowland)", "priority_score": 11.22, "temporal_class": "seasonal_transient", "t4_status": "pending", "t4_mean_power": null, "t4_mean_signed_db": null, "t4_observation": null}}, {"type": "Feature", "geometry": {"type": "Polygon", "coordinates": [[[94.08485452661472, 22.880311278772687], [94.08485022060427, 22.87976936137771], [94.0842653713197, 22.87977335016291], [94.08425246103289, 22.878147597437028], [94.08483730335703, 22.878143608966703], [94.08483299786931, 22.877601691421013], [94.08717235657836, 22.877585716461333], [94.08719393172659, 22.88029530171103], [94.08485452661472, 22.880311278772687]]]}, "properties": {"id": 33, "label": "persistent radar change", "class_id": 1, "direction": "increase", "area_ha": 8.284088038493367, "pixel_count": 23, "mean_change_db": 4.297736167907715, "max_change_db": 5.3483381271362305, "mean_signed_db": 4.297736167907715, "first_observed": "2024-11-20T11:46:56.693237Z", "observation_interval": ["2024-04-18T11:46:55.497558Z", "2024-11-20T11:46:56.693237Z"], "persists_into_T3": true, "mean_power_by_date": [0.049903642386198044, 0.13368873298168182, 0.13066311180591583], "interpretation": "Unvalidated radar-change candidate; terrain, registration and moisture may explain the signal.", "mean_slope_deg": 0.31, "max_slope_deg": 0.74, "mean_elevation_m": 132.5, "terrain_risk_pct": 0.0, "terrain_tier": "Low Risk (Flat Lowland)", "priority_score": 12.37, "temporal_class": "persistent", "t4_status": "pending", "t4_mean_power": null, "t4_mean_signed_db": null, "t4_observation": null}}, {"type": "Feature", "geometry": {"type": "Polygon", "coordinates": [[[94.08362129572309, 22.798485298872727], [94.08359987705938, 22.795775682590836], [94.08652232820783, 22.795755798546548], [94.08653950906807, 22.79792348954823], [94.08595500986138, 22.797927471059893], [94.08595930309332, 22.798469393821446], [94.08362129572309, 22.798485298872727]]]}, "properties": {"id": 49, "label": "persistent radar change", "class_id": 1, "direction": "increase", "area_ha": 8.644265683440398, "pixel_count": 24, "mean_change_db": 4.09621524810791, "max_change_db": 4.69425106048584, "mean_signed_db": 4.09621524810791, "first_observed": "2024-11-20T11:46:56.693237Z", "observation_interval": ["2024-04-18T11:46:55.497558Z", "2024-11-20T11:46:56.693237Z"], "persists_into_T3": true, "mean_power_by_date": [0.06903257966041565, 0.17724740505218506, 0.15648706257343292], "interpretation": "Unvalidated radar-change candidate; terrain, registration and moisture may explain the signal.", "mean_slope_deg": 0.73, "max_slope_deg": 1.21, "mean_elevation_m": 140.5, "terrain_risk_pct": 0.0, "terrain_tier": "Low Risk (Flat Lowland)", "priority_score": 12.04, "temporal_class": "persistent", "t4_status": "pending", "t4_mean_power": null, "t4_mean_signed_db": null, "t4_observation": null}}, {"type": "Feature", "geometry": {"type": "Polygon", "coordinates": [[[94.04387534561592, 23.02799513153336], [94.04387117242136, 23.027453216984817], [94.04328568015049, 23.027457078431187], [94.04327733881911, 23.02637324901848], [94.04269185110115, 23.026377108097183], [94.0426793470683, 23.024751363391434], [94.04443578878931, 23.02473978056876], [94.04443996369206, 23.025281695205198], [94.04561092888667, 23.02527396229442], [94.04561510859445, 23.025815876690576], [94.0462005933415, 23.02581200688583], [94.04621732279504, 23.027979663687038], [94.04387534561592, 23.02799513153336]]]}, "properties": {"id": 376, "label": "temporary radar change (return toward T1)", "class_id": 2, "direction": "increase", "area_ha": 10.085213513019681, "pixel_count": 28, "mean_change_db": 3.509084701538086, "max_change_db": 4.003515243530273, "mean_signed_db": 3.509084701538086, "first_observed": "2024-11-20T11:46:56.693237Z", "observation_interval": ["2024-04-18T11:46:55.497558Z", "2024-11-20T11:46:56.693237Z"], "persists_into_T3": false, "mean_power_by_date": [0.09838096052408218, 0.220566987991333, 0.11418729275465012], "interpretation": "Unvalidated radar-change candidate; terrain, registration and moisture may explain the signal.", "mean_slope_deg": 0.13, "max_slope_deg": 0.3, "mean_elevation_m": 119.3, "terrain_risk_pct": 0.0, "terrain_tier": "Low Risk (Flat Lowland)", "priority_score": 11.14, "temporal_class": "seasonal_transient", "t4_status": "pending", "t4_mean_power": null, "t4_mean_signed_db": null, "t4_observation": null}}, {"type": "Feature", "geometry": {"type": "Polygon", "coordinates": [[[94.4898796539861, 22.80116787717228], [94.48986198284281, 22.799542368230878], [94.49103080863762, 22.799531441959076], [94.49102491399802, 22.79898960585705], [94.49219373445932, 22.798978671312074], [94.49218783538241, 22.798436835460294], [94.4939410578043, 22.79842041802334], [94.49395877634797, 22.80004592416453], [94.49278994772958, 22.80005687212925], [94.49280175175589, 22.801140543276453], [94.4898796539861, 22.80116787717228]]]}, "properties": {"id": 48, "label": "persistent radar change", "class_id": 1, "direction": "increase", "area_ha": 9.001985692481975, "pixel_count": 25, "mean_change_db": 3.928600549697876, "max_change_db": 4.792098045349121, "mean_signed_db": 3.928600549697876, "first_observed": "2024-11-20T11:46:56.693237Z", "observation_interval": ["2024-04-18T11:46:55.497558Z", "2024-11-20T11:46:56.693237Z"], "persists_into_T3": true, "mean_power_by_date": [0.0782933384180069, 0.19377365708351135, 0.17042437195777893], "interpretation": "Unvalidated radar-change candidate; terrain, registration and moisture may explain the signal.", "mean_slope_deg": 1.82, "max_slope_deg": 3.58, "mean_elevation_m": 116.8, "terrain_risk_pct": 0.0, "terrain_tier": "Low Risk (Flat Lowland)", "priority_score": 11.79, "temporal_class": "persistent", "t4_status": "pending", "t4_mean_power": null, "t4_mean_signed_db": null, "t4_observation": null}}, {"type": "Feature", "geometry": {"type": "Polygon", "coordinates": [[[94.0259343220016, 22.74467076516314], [94.02592218645064, 22.743044954269404], [94.02709074016931, 22.743037446245992], [94.02708669062666, 22.742495509405067], [94.0276709649984, 22.742491752288796], [94.02766286167792, 22.741407878693344], [94.02941567023736, 22.74139659512597], [94.0294400231277, 22.744648213673162], [94.0259343220016, 22.74467076516314]]]}, "properties": {"id": 480, "label": "temporary radar change (return toward T1)", "class_id": 2, "direction": "increase", "area_ha": 10.085292310600565, "pixel_count": 28, "mean_change_db": 3.465292453765869, "max_change_db": 3.868499755859375, "mean_signed_db": 3.465292453765869, "first_observed": "2024-11-20T11:46:56.693237Z", "observation_interval": ["2024-04-18T11:46:55.497558Z", "2024-11-20T11:46:56.693237Z"], "persists_into_T3": false, "mean_power_by_date": [0.06765805184841156, 0.15044403076171875, 0.08991952985525131], "interpretation": "Unvalidated radar-change candidate; terrain, registration and moisture may explain the signal.", "mean_slope_deg": 1.18, "max_slope_deg": 1.87, "mean_elevation_m": 182.8, "terrain_risk_pct": 0.0, "terrain_tier": "Low Risk (Flat Lowland)", "priority_score": 11.0, "temporal_class": "seasonal_transient", "t4_status": "pending", "t4_mean_power": null, "t4_mean_signed_db": null, "t4_observation": null}}, {"type": "Feature", "geometry": {"type": "Polygon", "coordinates": [[[94.09810602833011, 23.43081805938653], [94.09810155244428, 23.430276182227086], [94.09692706987857, 23.43028443794139], [94.09690918681488, 23.428116928066682], [94.09984534437766, 23.428096274357138], [94.09984982690331, 23.428638151349887], [94.10043706040518, 23.42863401387864], [94.10045051596519, 23.430259644305874], [94.09986327528645, 23.43026378209775], [94.09986775834959, 23.4308056589369], [94.09810602833011, 23.43081805938653]]]}, "properties": {"id": 135, "label": "temporary radar change (return toward T1)", "class_id": 2, "direction": "increase", "area_ha": 9.364576446524636, "pixel_count": 26, "mean_change_db": 3.7305960655212402, "max_change_db": 4.64147424697876, "mean_signed_db": 3.7305960655212402, "first_observed": "2024-11-20T11:46:56.693237Z", "observation_interval": ["2024-04-18T11:46:55.497558Z", "2024-11-20T11:46:56.693237Z"], "persists_into_T3": false, "mean_power_by_date": [0.09071770310401917, 0.21420568227767944, 0.1083785817027092], "interpretation": "Unvalidated radar-change candidate; terrain, registration and moisture may explain the signal.", "mean_slope_deg": 0.57, "max_slope_deg": 1.43, "mean_elevation_m": 133.0, "terrain_risk_pct": 0.0, "terrain_tier": "Low Risk (Flat Lowland)", "priority_score": 11.42, "temporal_class": "seasonal_transient", "t4_status": "pending", "t4_mean_power": null, "t4_mean_signed_db": null, "t4_observation": null}}, {"type": "Feature", "geometry": {"type": "Polygon", "coordinates": [[[94.01699474043954, 22.878591931338345], [94.01697455990484, 22.875882284246295], [94.01872909538322, 22.875871055608773], [94.01873313820508, 22.876412984806834], [94.01931798543919, 22.876409237529426], [94.0193220307038, 22.87695116659129], [94.01990688013518, 22.876947417065338], [94.01991902362634, 22.878573203729385], [94.01699474043954, 22.878591931338345]]]}, "properties": {"id": 34, "label": "persistent radar change", "class_id": 1, "direction": "increase", "area_ha": 7.924202073606709, "pixel_count": 22, "mean_change_db": 4.375003337860107, "max_change_db": 5.494640350341797, "mean_signed_db": 4.375003337860107, "first_observed": "2024-11-20T11:46:56.693237Z", "observation_interval": ["2024-04-18T11:46:55.497558Z", "2024-11-20T11:46:56.693237Z"], "persists_into_T3": true, "mean_power_by_date": [0.07098470628261566, 0.19409312307834625, 0.1778121292591095], "interpretation": "Unvalidated radar-change candidate; terrain, registration and moisture may explain the signal.", "mean_slope_deg": 0.29, "max_slope_deg": 0.4, "mean_elevation_m": 150.7, "terrain_risk_pct": 0.0, "terrain_tier": "Low Risk (Flat Lowland)", "priority_score": 12.32, "temporal_class": "persistent", "t4_status": "pending", "t4_mean_power": null, "t4_mean_signed_db": null, "t4_observation": null}}, {"type": "Feature", "geometry": {"type": "Polygon", "coordinates": [[[94.46546820326712, 23.51395671685281], [94.46544421745054, 23.511789543488387], [94.46603173465076, 23.511784012935014], [94.46602573624331, 23.511242219638557], [94.46896330754224, 23.511214534357894], [94.46898735028648, 23.51338170445662], [94.46781230309082, 23.513392786355727], [94.46781830942233, 23.513934579067993], [94.46546820326712, 23.51395671685281]]]}, "properties": {"id": 116, "label": "temporary radar change (return toward T1)", "class_id": 2, "direction": "increase", "area_ha": 9.722387939822767, "pixel_count": 27, "mean_change_db": 3.5633058547973633, "max_change_db": 4.184612274169922, "mean_signed_db": 3.5633058547973633, "first_observed": "2024-11-20T11:46:56.693237Z", "observation_interval": ["2024-04-18T11:46:55.497558Z", "2024-11-20T11:46:56.693237Z"], "persists_into_T3": false, "mean_power_by_date": [0.06508784741163254, 0.14757826924324036, 0.0859081894159317], "interpretation": "Unvalidated radar-change candidate; terrain, registration and moisture may explain the signal.", "mean_slope_deg": 3.12, "max_slope_deg": 9.51, "mean_elevation_m": 134.3, "terrain_risk_pct": 0.0, "terrain_tier": "Low Risk (Flat Lowland)", "priority_score": 11.11, "temporal_class": "seasonal_transient", "t4_status": "pending", "t4_mean_power": null, "t4_mean_signed_db": null, "t4_observation": null}}, {"type": "Feature", "geometry": {"type": "Polygon", "coordinates": [[[94.37016771813452, 23.102455076214248], [94.3701512270518, 23.10082954375924], [94.37073696609902, 23.10082445781958], [94.3707259681777, 23.09974076958978], [94.37131170236287, 23.099735681743546], [94.37130620130336, 23.099193837703893], [94.37247766447958, 23.09918365576075], [94.3724721588905, 23.09864181194857], [94.37422934536441, 23.098626523142165], [94.37424588376132, 23.10025205326563], [94.37307441219106, 23.100262248774023], [94.37307992062688, 23.10080409233791], [94.37249418224421, 23.100809186966778], [94.37250519491855, 23.101892874245376], [94.37191945167335, 23.101897966967904], [94.37192495591165, 23.10243981068255], [94.37016771813452, 23.102455076214248]]]}, "properties": {"id": 336, "label": "temporary radar change (return toward T1)", "class_id": 2, "direction": "increase", "area_ha": 10.443259602336841, "pixel_count": 29, "mean_change_db": 3.2941887378692627, "max_change_db": 3.711397647857666, "mean_signed_db": 3.2941887378692627, "first_observed": "2024-11-20T11:46:56.693237Z", "observation_interval": ["2024-04-18T11:46:55.497558Z", "2024-11-20T11:46:56.693237Z"], "persists_into_T3": false, "mean_power_by_date": [0.08232356607913971, 0.17586521804332733, 0.10795606672763824], "interpretation": "Unvalidated radar-change candidate; terrain, registration and moisture may explain the signal.", "mean_slope_deg": 1.73, "max_slope_deg": 3.55, "mean_elevation_m": 104.6, "terrain_risk_pct": 0.0, "terrain_tier": "Low Risk (Flat Lowland)", "priority_score": 10.65, "temporal_class": "seasonal_transient", "t4_status": "pending", "t4_mean_power": null, "t4_mean_signed_db": null, "t4_observation": null}}, {"type": "Feature", "geometry": {"type": "Polygon", "coordinates": [[[94.09116141805121, 23.443330655903907], [94.09114806772232, 23.441705023131625], [94.09349723869596, 23.44168858226754], [94.09349277927745, 23.441146705024465], [94.09584193853738, 23.441130229242876], [94.09585534592127, 23.442755859580622], [94.09526804912515, 23.442759982158645], [94.09527251612687, 23.443301858967516], [94.09116141805121, 23.443330655903907]]]}, "properties": {"id": 130, "label": "temporary radar change (return toward T1)", "class_id": 2, "direction": "increase", "area_ha": 9.724781054611247, "pixel_count": 27, "mean_change_db": 3.5329742431640625, "max_change_db": 4.128890037536621, "mean_signed_db": 3.5329742431640625, "first_observed": "2024-11-20T11:46:56.693237Z", "observation_interval": ["2024-04-18T11:46:55.497558Z", "2024-11-20T11:46:56.693237Z"], "persists_into_T3": false, "mean_power_by_date": [0.10283710062503815, 0.23213396966457367, 0.10168477892875671], "interpretation": "Unvalidated radar-change candidate; terrain, registration and moisture may explain the signal.", "mean_slope_deg": 0.25, "max_slope_deg": 0.49, "mean_elevation_m": 134.1, "terrain_risk_pct": 0.0, "terrain_tier": "Low Risk (Flat Lowland)", "priority_score": 11.02, "temporal_class": "seasonal_transient", "t4_status": "pending", "t4_mean_power": null, "t4_mean_signed_db": null, "t4_observation": null}}, {"type": "Feature", "geometry": {"type": "Polygon", "coordinates": [[[94.1299482037858, 22.745594794789294], [94.12994374819603, 22.745052876526135], [94.12935948266708, 22.745057008046828], [94.12934167087448, 22.742889334181665], [94.13167869533606, 22.74287279703249], [94.13168315729042, 22.743414715117925], [94.13226741536876, 22.743410575382075], [94.13228080895459, 22.745036329084638], [94.13169654396866, 22.74504046914882], [94.13170100646647, 22.745582387083978], [94.1299482037858, 22.745594794789294]]]}, "properties": {"id": 66, "label": "persistent radar change", "class_id": 1, "direction": "increase", "area_ha": 7.9236991423378, "pixel_count": 22, "mean_change_db": 4.328567028045654, "max_change_db": 4.6709394454956055, "mean_signed_db": 4.328567028045654, "first_observed": "2024-11-20T11:46:56.693237Z", "observation_interval": ["2024-04-18T11:46:55.497558Z", "2024-11-20T11:46:56.693237Z"], "persists_into_T3": true, "mean_power_by_date": [0.052272770553827286, 0.14168597757816315, 0.11497274041175842], "interpretation": "Unvalidated radar-change candidate; terrain, registration and moisture may explain the signal.", "mean_slope_deg": 1.01, "max_slope_deg": 1.4, "mean_elevation_m": 157.9, "terrain_risk_pct": 0.0, "terrain_tier": "Low Risk (Flat Lowland)", "priority_score": 12.18, "temporal_class": "persistent", "t4_status": "pending", "t4_mean_power": null, "t4_mean_signed_db": null, "t4_observation": null}}, {"type": "Feature", "geometry": {"type": "Polygon", "coordinates": [[[94.43406698340804, 23.435679786283206], [94.4340611370342, 23.435137980014613], [94.43347395078479, 23.435143373375077], [94.43345057660804, 23.432976147354037], [94.43403775329084, 23.432970754550634], [94.43403190779297, 23.432428948087235], [94.4357934296155, 23.43241275685348], [94.43582854828036, 23.43566359254062], [94.43406698340804, 23.435679786283206]]]}, "properties": {"id": 133, "label": "temporary radar change (return toward T1)", "class_id": 2, "direction": "increase", "area_ha": 7.92213395091407, "pixel_count": 22, "mean_change_db": 4.289846420288086, "max_change_db": 5.836346626281738, "mean_signed_db": 4.289846420288086, "first_observed": "2024-11-20T11:46:56.693237Z", "observation_interval": ["2024-04-18T11:46:55.497558Z", "2024-11-20T11:46:56.693237Z"], "persists_into_T3": false, "mean_power_by_date": [0.056674323976039886, 0.15154430270195007, 0.06765002757310867], "interpretation": "Unvalidated radar-change candidate; terrain, registration and moisture may explain the signal.", "mean_slope_deg": 3.19, "max_slope_deg": 7.78, "mean_elevation_m": 147.4, "terrain_risk_pct": 0.0, "terrain_tier": "Low Risk (Flat Lowland)", "priority_score": 12.07, "temporal_class": "seasonal_transient", "t4_status": "pending", "t4_mean_power": null, "t4_mean_signed_db": null, "t4_observation": null}}, {"type": "Feature", "geometry": {"type": "Polygon", "coordinates": [[[94.31625969884563, 23.34026274563323], [94.31621696944815, 23.33592802657321], [94.31797730343703, 23.335913222095293], [94.31800404379752, 23.33862241987967], [94.31859083336937, 23.338617480019558], [94.31860688665205, 23.340242997842704], [94.31625969884563, 23.34026274563323]]]}, "properties": {"id": 219, "label": "temporary radar change (return toward T1)", "class_id": 2, "direction": "increase", "area_ha": 9.723419917118177, "pixel_count": 27, "mean_change_db": 3.4877071380615234, "max_change_db": 4.195191860198975, "mean_signed_db": 3.4877071380615234, "first_observed": "2024-11-20T11:46:56.693237Z", "observation_interval": ["2024-04-18T11:46:55.497558Z", "2024-11-20T11:46:56.693237Z"], "persists_into_T3": false, "mean_power_by_date": [0.07725375890731812, 0.17254088819026947, 0.07855445146560669], "interpretation": "Unvalidated radar-change candidate; terrain, registration and moisture may explain the signal.", "mean_slope_deg": 1.02, "max_slope_deg": 1.91, "mean_elevation_m": 112.6, "terrain_risk_pct": 0.0, "terrain_tier": "Low Risk (Flat Lowland)", "priority_score": 10.88, "temporal_class": "seasonal_transient", "t4_status": "pending", "t4_mean_power": null, "t4_mean_signed_db": null, "t4_observation": null}}, {"type": "Feature", "geometry": {"type": "Polygon", "coordinates": [[[94.04600923894527, 22.69522203618258], [94.04600101010377, 22.694138162493463], [94.0454169443644, 22.694141978958314], [94.04540460893142, 22.69251616784102], [94.04890896015301, 22.6924932389119], [94.04892546275754, 22.69466098456442], [94.04834139534965, 22.69466481178456], [94.0483455190188, 22.695206748205575], [94.04600923894527, 22.69522203618258]]]}, "properties": {"id": 503, "label": "temporary radar change (return toward T1)", "class_id": 2, "direction": "increase", "area_ha": 9.724999250329146, "pixel_count": 27, "mean_change_db": 3.445329427719116, "max_change_db": 3.8871240615844727, "mean_signed_db": 3.445329427719116, "first_observed": "2024-11-20T11:46:56.693237Z", "observation_interval": ["2024-04-18T11:46:55.497558Z", "2024-11-20T11:46:56.693237Z"], "persists_into_T3": false, "mean_power_by_date": [0.06341670453548431, 0.14028175175189972, 0.07714666426181793], "interpretation": "Unvalidated radar-change candidate; terrain, registration and moisture may explain the signal.", "mean_slope_deg": 0.57, "max_slope_deg": 1.16, "mean_elevation_m": 162.4, "terrain_risk_pct": 0.0, "terrain_tier": "Low Risk (Flat Lowland)", "priority_score": 10.74, "temporal_class": "seasonal_transient", "t4_status": "pending", "t4_mean_power": null, "t4_mean_signed_db": null, "t4_observation": null}}, {"type": "Feature", "geometry": {"type": "Polygon", "coordinates": [[[93.98411253569371, 23.103166735845303], [93.98409674187816, 23.10099905781814], [93.9881974884525, 23.100973438231055], [93.98820938297483, 23.102599194800863], [93.98586607174086, 23.10261384875355], [93.98587002742252, 23.10315576791718], [93.98411253569371, 23.103166735845303]]]}, "properties": {"id": 337, "label": "temporary radar change (return toward T1)", "class_id": 2, "direction": "increase", "area_ha": 8.644737286195717, "pixel_count": 24, "mean_change_db": 3.8750851154327393, "max_change_db": 4.662743091583252, "mean_signed_db": 3.8750851154327393, "first_observed": "2024-11-20T11:46:56.693237Z", "observation_interval": ["2024-04-18T11:46:55.497558Z", "2024-11-20T11:46:56.693237Z"], "persists_into_T3": false, "mean_power_by_date": [0.08709714561700821, 0.21279777586460114, 0.10900348424911499], "interpretation": "Unvalidated radar-change candidate; terrain, registration and moisture may explain the signal.", "mean_slope_deg": 0.98, "max_slope_deg": 1.4, "mean_elevation_m": 136.1, "terrain_risk_pct": 0.0, "terrain_tier": "Low Risk (Flat Lowland)", "priority_score": 11.39, "temporal_class": "seasonal_transient", "t4_status": "pending", "t4_mean_power": null, "t4_mean_signed_db": null, "t4_observation": null}}, {"type": "Feature", "geometry": {"type": "Polygon", "coordinates": [[[94.39849754095621, 23.29186500073747], [94.39848055470586, 23.290239526897388], [94.3967208807792, 23.29025520714191], [94.39669826330066, 23.288087906519113], [94.39845790875505, 23.28807222790199], [94.39846356998744, 23.2886140527089], [94.3990501205045, 23.28860882198377], [94.39906144822527, 23.289692471210007], [94.40023455823919, 23.28968200264078], [94.40025723470727, 23.291849299542164], [94.39849754095621, 23.29186500073747]]]}, "properties": {"id": 264, "label": "temporary radar change (return toward T1)", "class_id": 2, "direction": "increase", "area_ha": 9.362758120882186, "pixel_count": 26, "mean_change_db": 3.56319260597229, "max_change_db": 4.5348358154296875, "mean_signed_db": 3.56319260597229, "first_observed": "2024-11-20T11:46:56.693237Z", "observation_interval": ["2024-04-18T11:46:55.497558Z", "2024-11-20T11:46:56.693237Z"], "persists_into_T3": false, "mean_power_by_date": [0.07771831005811691, 0.17729823291301727, 0.10085146874189377], "interpretation": "Unvalidated radar-change candidate; terrain, registration and moisture may explain the signal.", "mean_slope_deg": 3.95, "max_slope_deg": 8.69, "mean_elevation_m": 124.8, "terrain_risk_pct": 0.0, "terrain_tier": "Low Risk (Flat Lowland)", "priority_score": 10.9, "temporal_class": "seasonal_transient", "t4_status": "pending", "t4_mean_power": null, "t4_mean_signed_db": null, "t4_observation": null}}, {"type": "Feature", "geometry": {"type": "Polygon", "coordinates": [[[94.4692971118331, 23.594113907537213], [94.46928504126736, 23.59303033395711], [94.46810928596337, 23.5930414533894], [94.46809119594143, 23.591416091868087], [94.47103054666215, 23.59138827875327], [94.47103658855146, 23.591930065251777], [94.47162446056696, 23.591924495815224], [94.47164259455518, 23.59354985464608], [94.47105471530202, 23.593555424511855], [94.47106075791311, 23.59409721085341], [94.4692971118331, 23.594113907537213]]]}, "properties": {"id": 100, "label": "temporary radar change (return toward T1)", "class_id": 2, "direction": "increase", "area_ha": 8.642110422233236, "pixel_count": 24, "mean_change_db": 3.825105667114258, "max_change_db": 4.584229469299316, "mean_signed_db": 3.825105667114258, "first_observed": "2024-11-20T11:46:56.693237Z", "observation_interval": ["2024-04-18T11:46:55.497558Z", "2024-11-20T11:46:56.693237Z"], "persists_into_T3": false, "mean_power_by_date": [0.08255480229854584, 0.19973762333393097, 0.09363061189651489], "interpretation": "Unvalidated radar-change candidate; terrain, registration and moisture may explain the signal.", "mean_slope_deg": 0.48, "max_slope_deg": 2.74, "mean_elevation_m": 116.7, "terrain_risk_pct": 0.0, "terrain_tier": "Low Risk (Flat Lowland)", "priority_score": 11.24, "temporal_class": "seasonal_transient", "t4_status": "pending", "t4_mean_power": null, "t4_mean_signed_db": null, "t4_observation": null}}, {"type": "Feature", "geometry": {"type": "Polygon", "coordinates": [[[94.06804034427223, 22.74927243707263], [94.06802770787071, 22.74764664905608], [94.06510626297583, 22.747666155290805], [94.06508946229641, 22.74549843534814], [94.0668423019811, 22.74548673925305], [94.06684650886794, 22.746028668985737], [94.06801507262328, 22.746020860702156], [94.06802770787071, 22.74764664905608], [94.06978057326943, 22.747634919679513], [94.06979323040039, 22.7492607067659], [94.06804034427223, 22.74927243707263]]]}, "properties": {"id": 476, "label": "temporary radar change (return toward T1)", "class_id": 2, "direction": "increase", "area_ha": 9.724893640432274, "pixel_count": 27, "mean_change_db": 3.3902246952056885, "max_change_db": 3.815497398376465, "mean_signed_db": 3.3902246952056885, "first_observed": "2024-11-20T11:46:56.693237Z", "observation_interval": ["2024-04-18T11:46:55.497558Z", "2024-11-20T11:46:56.693237Z"], "persists_into_T3": false, "mean_power_by_date": [0.061699870973825455, 0.13499076664447784, 0.08042966574430466], "interpretation": "Unvalidated radar-change candidate; terrain, registration and moisture may explain the signal.", "mean_slope_deg": 0.56, "max_slope_deg": 0.96, "mean_elevation_m": 152.2, "terrain_risk_pct": 0.0, "terrain_tier": "Low Risk (Flat Lowland)", "priority_score": 10.57, "temporal_class": "seasonal_transient", "t4_status": "pending", "t4_mean_power": null, "t4_mean_signed_db": null, "t4_observation": null}}, {"type": "Feature", "geometry": {"type": "Polygon", "coordinates": [[[94.04361994307921, 22.91852378277213], [94.04359504455869, 22.915272249779708], [94.04535007188043, 22.91526070878726], [94.04535838483429, 22.916344552662107], [94.0465284117189, 22.916336847492865], [94.0465408960464, 22.917962612415092], [94.04537085521041, 22.917970318191834], [94.04537501225455, 22.918512239959732], [94.04361994307921, 22.91852378277213]]]}, "properties": {"id": 406, "label": "temporary radar change (return toward T1)", "class_id": 2, "direction": "increase", "area_ha": 8.644462062845566, "pixel_count": 24, "mean_change_db": 3.7730753421783447, "max_change_db": 4.770216941833496, "mean_signed_db": 3.7730753421783447, "first_observed": "2024-11-20T11:46:56.693237Z", "observation_interval": ["2024-04-18T11:46:55.497558Z", "2024-11-20T11:46:56.693237Z"], "persists_into_T3": false, "mean_power_by_date": [0.0915382131934166, 0.21906380355358124, 0.11242208629846573], "interpretation": "Unvalidated radar-change candidate; terrain, registration and moisture may explain the signal.", "mean_slope_deg": 0.34, "max_slope_deg": 0.59, "mean_elevation_m": 130.2, "terrain_risk_pct": 0.0, "terrain_tier": "Low Risk (Flat Lowland)", "priority_score": 11.09, "temporal_class": "seasonal_transient", "t4_status": "pending", "t4_mean_power": null, "t4_mean_signed_db": null, "t4_observation": null}}, {"type": "Feature", "geometry": {"type": "Polygon", "coordinates": [[[94.02832534731473, 22.673657986763036], [94.0283132257086, 22.672032162668458], [94.0288972009618, 22.6720284120736], [94.0288931583794, 22.671486470733473], [94.02947713121581, 22.671482718109548], [94.02947308646331, 22.670940776831547], [94.03180896740099, 22.670925745449516], [94.03182518384732, 22.67309350874386], [94.03065722527747, 22.673101029488976], [94.03066127511082, 22.673642970418538], [94.02832534731473, 22.673657986763036]]]}, "properties": {"id": 510, "label": "temporary radar change (return toward T1)", "class_id": 2, "direction": "increase", "area_ha": 9.00471157720266, "pixel_count": 25, "mean_change_db": 3.610682964324951, "max_change_db": 3.856779098510742, "mean_signed_db": 3.610682964324951, "first_observed": "2024-11-20T11:46:56.693237Z", "observation_interval": ["2024-04-18T11:46:55.497558Z", "2024-11-20T11:46:56.693237Z"], "persists_into_T3": false, "mean_power_by_date": [0.05333155766129494, 0.12248287349939346, 0.06801163405179977], "interpretation": "Unvalidated radar-change candidate; terrain, registration and moisture may explain the signal.", "mean_slope_deg": 1.08, "max_slope_deg": 2.1, "mean_elevation_m": 180.1, "terrain_risk_pct": 0.0, "terrain_tier": "Low Risk (Flat Lowland)", "priority_score": 10.83, "temporal_class": "seasonal_transient", "t4_status": "pending", "t4_mean_power": null, "t4_mean_signed_db": null, "t4_observation": null}}, {"type": "Feature", "geometry": {"type": "Polygon", "coordinates": [[[94.07902621969072, 23.467800946963127], [94.07901300238142, 23.46617531273399], [94.07783819492401, 23.46618343656568], [94.0778249931849, 23.46455780136205], [94.08076197488204, 23.46453747676939], [94.08077521257772, 23.466163110399854], [94.08136261571224, 23.466159038532044], [94.08137586178935, 23.46778467150159], [94.07902621969072, 23.467800946963127]]]}, "properties": {"id": 120, "label": "temporary radar change (return toward T1)", "class_id": 2, "direction": "increase", "area_ha": 9.724857888381463, "pixel_count": 27, "mean_change_db": 3.336792230606079, "max_change_db": 3.668247699737549, "mean_signed_db": 3.336792230606079, "first_observed": "2024-11-20T11:46:56.693237Z", "observation_interval": ["2024-04-18T11:46:55.497558Z", "2024-11-20T11:46:56.693237Z"], "persists_into_T3": false, "mean_power_by_date": [0.11133299022912979, 0.23991459608078003, 0.12016557157039642], "interpretation": "Unvalidated radar-change candidate; terrain, registration and moisture may explain the signal.", "mean_slope_deg": 0.59, "max_slope_deg": 3.22, "mean_elevation_m": 137.5, "terrain_risk_pct": 0.0, "terrain_tier": "Low Risk (Flat Lowland)", "priority_score": 10.41, "temporal_class": "seasonal_transient", "t4_status": "pending", "t4_mean_power": null, "t4_mean_signed_db": null, "t4_observation": null}}, {"type": "Feature", "geometry": {"type": "Polygon", "coordinates": [[[94.481226763745, 22.865733503140028], [94.48120326552507, 22.86356616683142], [94.48178795425119, 22.863560722107835], [94.48177032550885, 22.861935219904122], [94.48352436976721, 22.861918874141587], [94.48354790291336, 22.86408620861533], [94.4829632124059, 22.864091659923773], [94.48298085719026, 22.86571716080729], [94.481226763745, 22.865733503140028]]]}, "properties": {"id": 39, "label": "persistent radar change", "class_id": 1, "direction": "increase", "area_ha": 7.92181030613659, "pixel_count": 22, "mean_change_db": 4.090183734893799, "max_change_db": 4.918720245361328, "mean_signed_db": 4.090183734893799, "first_observed": "2024-11-20T11:46:56.693237Z", "observation_interval": ["2024-04-18T11:46:55.497558Z", "2024-11-20T11:46:56.693237Z"], "persists_into_T3": true, "mean_power_by_date": [0.08182264864444733, 0.2112189382314682, 0.1842653602361679], "interpretation": "Unvalidated radar-change candidate; terrain, registration and moisture may explain the signal.", "mean_slope_deg": 1.76, "max_slope_deg": 4.38, "mean_elevation_m": 108.1, "terrain_risk_pct": 0.0, "terrain_tier": "Low Risk (Flat Lowland)", "priority_score": 11.51, "temporal_class": "persistent", "t4_status": "pending", "t4_mean_power": null, "t4_mean_signed_db": null, "t4_observation": null}}, {"type": "Feature", "geometry": {"type": "Polygon", "coordinates": [[[94.38241965861862, 23.268706775331452], [94.3823972958379, 23.266539455576474], [94.38298375370505, 23.266534289534672], [94.38297256858425, 23.265450629693564], [94.3847319269579, 23.265435119235903], [94.38476552699609, 23.268686095878596], [94.38241965861862, 23.268706775331452]]]}, "properties": {"id": 274, "label": "temporary radar change (return toward T1)", "class_id": 2, "direction": "increase", "area_ha": 7.922418018033495, "pixel_count": 22, "mean_change_db": 4.086706638336182, "max_change_db": 4.78675651550293, "mean_signed_db": 4.086706638336182, "first_observed": "2024-11-20T11:46:56.693237Z", "observation_interval": ["2024-04-18T11:46:55.497558Z", "2024-11-20T11:46:56.693237Z"], "persists_into_T3": false, "mean_power_by_date": [0.05397198349237442, 0.13781236112117767, 0.0634567141532898], "interpretation": "Unvalidated radar-change candidate; terrain, registration and moisture may explain the signal.", "mean_slope_deg": 2.58, "max_slope_deg": 5.43, "mean_elevation_m": 127.8, "terrain_risk_pct": 0.0, "terrain_tier": "Low Risk (Flat Lowland)", "priority_score": 11.5, "temporal_class": "seasonal_transient", "t4_status": "pending", "t4_mean_power": null, "t4_mean_signed_db": null, "t4_observation": null}}, {"type": "Feature", "geometry": {"type": "Polygon", "coordinates": [[[94.07479588083602, 23.4531986035847], [94.07477833933832, 23.451031084124725], [94.07654035101993, 23.45101893701334], [94.07653156668852, 23.44993517768009], [94.07829356281489, 23.44992301130717], [94.07831556055913, 23.45263240778207], [94.07655352850404, 23.452644575725273], [94.07655792126195, 23.453186455219118], [94.07479588083602, 23.4531986035847]]]}, "properties": {"id": 125, "label": "temporary radar change (return toward T1)", "class_id": 2, "direction": "increase", "area_ha": 9.724874024298577, "pixel_count": 27, "mean_change_db": 3.326859951019287, "max_change_db": 3.6168360710144043, "mean_signed_db": 3.326859951019287, "first_observed": "2024-11-20T11:46:56.693237Z", "observation_interval": ["2024-04-18T11:46:55.497558Z", "2024-11-20T11:46:56.693237Z"], "persists_into_T3": false, "mean_power_by_date": [0.10616414994001389, 0.22858409583568573, 0.10276101529598236], "interpretation": "Unvalidated radar-change candidate; terrain, registration and moisture may explain the signal.", "mean_slope_deg": 1.33, "max_slope_deg": 3.54, "mean_elevation_m": 135.3, "terrain_risk_pct": 0.0, "terrain_tier": "Low Risk (Flat Lowland)", "priority_score": 10.37, "temporal_class": "seasonal_transient", "t4_status": "pending", "t4_mean_power": null, "t4_mean_signed_db": null, "t4_observation": null}}, {"type": "Feature", "geometry": {"type": "Polygon", "coordinates": [[[94.00541692730916, 22.735587791572293], [94.005401077421, 22.73342002734767], [94.00598531717243, 22.733416350913078], [94.0059813527006, 22.732874409860692], [94.00831830129236, 22.73285968316203], [94.00832227497008, 22.73340162382492], [94.00949075314304, 22.733394247470994], [94.00950268871195, 22.735020068650083], [94.00774995055649, 22.735031130856157], [94.00774597881738, 22.734489190207967], [94.00716173482523, 22.734492873242303], [94.00716967382097, 22.735576754696098], [94.00541692730916, 22.735587791572293]]]}, "properties": {"id": 486, "label": "temporary radar change (return toward T1)", "class_id": 2, "direction": "increase", "area_ha": 9.725208610200603, "pixel_count": 27, "mean_change_db": 3.324090003967285, "max_change_db": 3.8080148696899414, "mean_signed_db": 3.324090003967285, "first_observed": "2024-11-20T11:46:56.693237Z", "observation_interval": ["2024-04-18T11:46:55.497558Z", "2024-11-20T11:46:56.693237Z"], "persists_into_T3": false, "mean_power_by_date": [0.07369387894868851, 0.1582992821931839, 0.0919712707400322], "interpretation": "Unvalidated radar-change candidate; terrain, registration and moisture may explain the signal.", "mean_slope_deg": 10.15, "max_slope_deg": 23.34, "mean_elevation_m": 212.6, "terrain_risk_pct": 0.0, "terrain_tier": "Low Risk (Flat Lowland)", "priority_score": 10.37, "temporal_class": "seasonal_transient", "t4_status": "pending", "t4_mean_power": null, "t4_mean_signed_db": null, "t4_observation": null}}, {"type": "Feature", "geometry": {"type": "Polygon", "coordinates": [[[94.0924255786115, 23.166943782569987], [94.09241238894106, 23.16531809321381], [94.0906541465181, 23.165330278165495], [94.09064975729885, 23.1647883813198], [94.09006367858389, 23.164792438504822], [94.09004613245946, 23.162624850318622], [94.09180433991962, 23.162612673493413], [94.0918087333239, 23.163154570279687], [94.09239480456962, 23.16315050687281], [94.09241238894106, 23.16531809321381], [94.09417063017099, 23.16530588864299], [94.09418384105993, 23.16693157704504], [94.0924255786115, 23.166943782569987]]]}, "properties": {"id": 305, "label": "temporary radar change (return toward T1)", "class_id": 2, "direction": "increase", "area_ha": 9.72477769197612, "pixel_count": 27, "mean_change_db": 3.318342685699463, "max_change_db": 3.6280431747436523, "mean_signed_db": 3.318342685699463, "first_observed": "2024-11-20T11:46:56.693237Z", "observation_interval": ["2024-04-18T11:46:55.497558Z", "2024-11-20T11:46:56.693237Z"], "persists_into_T3": false, "mean_power_by_date": [0.10689973086118698, 0.22957229614257812, 0.10913041234016418], "interpretation": "Unvalidated radar-change candidate; terrain, registration and moisture may explain the signal.", "mean_slope_deg": 1.09, "max_slope_deg": 4.03, "mean_elevation_m": 108.2, "terrain_risk_pct": 0.0, "terrain_tier": "Low Risk (Flat Lowland)", "priority_score": 10.35, "temporal_class": "seasonal_transient", "t4_status": "pending", "t4_mean_power": null, "t4_mean_signed_db": null, "t4_observation": null}}, {"type": "Feature", "geometry": {"type": "Polygon", "coordinates": [[[94.05140932680025, 23.3926634941469], [94.05140504904168, 23.39212160601789], [94.05081796714695, 23.39212555331257], [94.05080086694538, 23.38995800000538], [94.0531491555564, 23.389942199238448], [94.05315772449893, 23.391025975151244], [94.05374480110508, 23.39102201924589], [94.05375766264531, 23.392647682521005], [94.05140932680025, 23.3926634941469]]]}, "properties": {"id": 17, "label": "persistent radar change", "class_id": 1, "direction": "increase", "area_ha": 7.924075197014585, "pixel_count": 22, "mean_change_db": 4.072359561920166, "max_change_db": 5.0603461265563965, "mean_signed_db": 4.072359561920166, "first_observed": "2024-11-20T11:46:56.693237Z", "observation_interval": ["2024-04-18T11:46:55.497558Z", "2024-11-20T11:46:56.693237Z"], "persists_into_T3": true, "mean_power_by_date": [0.08024554699659348, 0.20419879257678986, 0.17948783934116364], "interpretation": "Unvalidated radar-change candidate; terrain, registration and moisture may explain the signal.", "mean_slope_deg": 0.31, "max_slope_deg": 0.42, "mean_elevation_m": 127.2, "terrain_risk_pct": 0.0, "terrain_tier": "Low Risk (Flat Lowland)", "priority_score": 11.46, "temporal_class": "persistent", "t4_status": "pending", "t4_mean_power": null, "t4_mean_signed_db": null, "t4_observation": null}}, {"type": "Feature", "geometry": {"type": "Polygon", "coordinates": [[[93.99758612805456, 23.182205374911177], [93.99756603935002, 23.179495815506918], [93.99932451916406, 23.17948466318206], [93.99932854374184, 23.180026574848306], [94.00050086773079, 23.180019128862988], [94.00051698613386, 23.182186774372735], [93.99758612805456, 23.182205374911177]]]}, "properties": {"id": 300, "label": "temporary radar change (return toward T1)", "class_id": 2, "direction": "increase", "area_ha": 8.284487087767035, "pixel_count": 23, "mean_change_db": 3.8661270141601562, "max_change_db": 5.189968109130859, "mean_signed_db": 3.8661270141601562, "first_observed": "2024-11-20T11:46:56.693237Z", "observation_interval": ["2024-04-18T11:46:55.497558Z", "2024-11-20T11:46:56.693237Z"], "persists_into_T3": false, "mean_power_by_date": [0.09586026519536972, 0.23261712491512299, 0.1223364919424057], "interpretation": "Unvalidated radar-change candidate; terrain, registration and moisture may explain the signal.", "mean_slope_deg": 0.75, "max_slope_deg": 1.31, "mean_elevation_m": 163.4, "terrain_risk_pct": 0.0, "terrain_tier": "Low Risk (Flat Lowland)", "priority_score": 11.13, "temporal_class": "seasonal_transient", "t4_status": "pending", "t4_mean_power": null, "t4_mean_signed_db": null, "t4_observation": null}}, {"type": "Feature", "geometry": {"type": "Polygon", "coordinates": [[[94.46458431851549, 22.89514968596842], [94.46457268438408, 22.894066013762956], [94.46281821216579, 22.89408217203694], [94.46279497386767, 22.89191482546661], [94.46513423267628, 22.891893279067162], [94.46515168898229, 22.893518787352434], [94.46632133125111, 22.89350800040087], [94.46633880307047, 22.895133507490286], [94.46458431851549, 22.89514968596842]]]}, "properties": {"id": 414, "label": "temporary radar change (return toward T1)", "class_id": 2, "direction": "increase", "area_ha": 8.642095346511015, "pixel_count": 24, "mean_change_db": 3.6772778034210205, "max_change_db": 4.326498508453369, "mean_signed_db": 3.6772778034210205, "first_observed": "2024-11-20T11:46:56.693237Z", "observation_interval": ["2024-04-18T11:46:55.497558Z", "2024-11-20T11:46:56.693237Z"], "persists_into_T3": false, "mean_power_by_date": [0.09710336476564407, 0.22639930248260498, 0.12337556481361389], "interpretation": "Unvalidated radar-change candidate; terrain, registration and moisture may explain the signal.", "mean_slope_deg": 0.34, "max_slope_deg": 1.25, "mean_elevation_m": 96.1, "terrain_risk_pct": 0.0, "terrain_tier": "Low Risk (Flat Lowland)", "priority_score": 10.81, "temporal_class": "seasonal_transient", "t4_status": "pending", "t4_mean_power": null, "t4_mean_signed_db": null, "t4_observation": null}}, {"type": "Feature", "geometry": {"type": "Polygon", "coordinates": [[[94.07182306273293, 23.22940698655594], [94.07180143014988, 23.22669750710965], [94.07297413428327, 23.226689506363655], [94.07296980342628, 23.226147610568148], [94.0747288515514, 23.226135593363743], [94.07474620415017, 23.228303175067044], [94.07415984544289, 23.228307183405104], [94.07416418155327, 23.228849078839886], [94.07357782034956, 23.228853085095565], [94.07358215422455, 23.229394980596425], [94.07182306273293, 23.22940698655594]]]}, "properties": {"id": 288, "label": "temporary radar change (return toward T1)", "class_id": 2, "direction": "increase", "area_ha": 9.0045204054181, "pixel_count": 25, "mean_change_db": 3.5172677040100098, "max_change_db": 4.3213677406311035, "mean_signed_db": 3.5172677040100098, "first_observed": "2024-11-20T11:46:56.693237Z", "observation_interval": ["2024-04-18T11:46:55.497558Z", "2024-11-20T11:46:56.693237Z"], "persists_into_T3": false, "mean_power_by_date": [0.11501447856426239, 0.2601434290409088, 0.10974028706550598], "interpretation": "Unvalidated radar-change candidate; terrain, registration and moisture may explain the signal.", "mean_slope_deg": 0.58, "max_slope_deg": 2.28, "mean_elevation_m": 112.8, "terrain_risk_pct": 0.0, "terrain_tier": "Low Risk (Flat Lowland)", "priority_score": 10.55, "temporal_class": "seasonal_transient", "t4_status": "pending", "t4_mean_power": null, "t4_mean_signed_db": null, "t4_observation": null}}, {"type": "Feature", "geometry": {"type": "Polygon", "coordinates": [[[94.0500399113942, 22.68760815081113], [94.05003578259839, 22.687066214170933], [94.04886771244477, 22.68707387216357], [94.04885121688233, 22.68490612441754], [94.04943524284101, 22.68490229689184], [94.04943111696966, 22.68436035996328], [94.0511831872054, 22.684348864911794], [94.0511955858532, 22.68597467467173], [94.05177961589861, 22.685970838423515], [94.05179202256662, 22.687596647542126], [94.0500399113942, 22.68760815081113]]]}, "properties": {"id": 506, "label": "temporary radar change (return toward T1)", "class_id": 2, "direction": "increase", "area_ha": 8.644428770552622, "pixel_count": 24, "mean_change_db": 3.6468918323516846, "max_change_db": 3.9582529067993164, "mean_signed_db": 3.6468918323516846, "first_observed": "2024-11-20T11:46:56.693237Z", "observation_interval": ["2024-04-18T11:46:55.497558Z", "2024-11-20T11:46:56.693237Z"], "persists_into_T3": false, "mean_power_by_date": [0.06671661883592606, 0.15495820343494415, 0.08217359334230423], "interpretation": "Unvalidated radar-change candidate; terrain, registration and moisture may explain the signal.", "mean_slope_deg": 0.33, "max_slope_deg": 0.52, "mean_elevation_m": 160.8, "terrain_risk_pct": 0.0, "terrain_tier": "Low Risk (Flat Lowland)", "priority_score": 10.72, "temporal_class": "seasonal_transient", "t4_status": "pending", "t4_mean_power": null, "t4_mean_signed_db": null, "t4_observation": null}}, {"type": "Feature", "geometry": {"type": "Polygon", "coordinates": [[[94.01193913365258, 22.985388765484682], [94.01193509646546, 22.98484684257633], [94.01017915300797, 22.984858046370448], [94.01016706318644, 22.983232276537834], [94.01250829287689, 22.98321733499861], [94.01251233203128, 22.983759257922074], [94.01485356910084, 22.983744281413504], [94.01486571530704, 22.98537004877952], [94.01193913365258, 22.985388765484682]]]}, "properties": {"id": 387, "label": "temporary radar change (return toward T1)", "class_id": 2, "direction": "increase", "area_ha": 9.004807031163876, "pixel_count": 25, "mean_change_db": 3.5000782012939453, "max_change_db": 4.020810127258301, "mean_signed_db": 3.5000782012939453, "first_observed": "2024-11-20T11:46:56.693237Z", "observation_interval": ["2024-04-18T11:46:55.497558Z", "2024-11-20T11:46:56.693237Z"], "persists_into_T3": false, "mean_power_by_date": [0.0911947563290596, 0.20447710156440735, 0.10554426163434982], "interpretation": "Unvalidated radar-change candidate; terrain, registration and moisture may explain the signal.", "mean_slope_deg": 1.81, "max_slope_deg": 3.15, "mean_elevation_m": 168.3, "terrain_risk_pct": 0.0, "terrain_tier": "Low Risk (Flat Lowland)", "priority_score": 10.5, "temporal_class": "seasonal_transient", "t4_status": "pending", "t4_mean_power": null, "t4_mean_signed_db": null, "t4_observation": null}}, {"type": "Feature", "geometry": {"type": "Polygon", "coordinates": [[[94.01459999955284, 23.106225341568344], [94.01459592800364, 23.105683427382477], [94.01401009173416, 23.105687192530908], [94.01398974758084, 23.10297762054195], [94.01633304492586, 23.102962548873112], [94.01633712290925, 23.10350446295305], [94.01692294928746, 23.10350068950339], [94.01693519102565, 23.105126431220352], [94.01634935759822, 23.105130204965636], [94.01635751467323, 23.106214032784656], [94.01459999955284, 23.106225341568344]]]}, "properties": {"id": 334, "label": "temporary radar change (return toward T1)", "class_id": 2, "direction": "increase", "area_ha": 9.364989238400756, "pixel_count": 26, "mean_change_db": 3.3563575744628906, "max_change_db": 3.799762725830078, "mean_signed_db": 3.3563575744628906, "first_observed": "2024-11-20T11:46:56.693237Z", "observation_interval": ["2024-04-18T11:46:55.497558Z", "2024-11-20T11:46:56.693237Z"], "persists_into_T3": false, "mean_power_by_date": [0.09167338907718658, 0.19864770770072937, 0.11850198358297348], "interpretation": "Unvalidated radar-change candidate; terrain, registration and moisture may explain the signal.", "mean_slope_deg": 0.76, "max_slope_deg": 1.86, "mean_elevation_m": 125.5, "terrain_risk_pct": 0.0, "terrain_tier": "Low Risk (Flat Lowland)", "priority_score": 10.27, "temporal_class": "seasonal_transient", "t4_status": "pending", "t4_mean_power": null, "t4_mean_signed_db": null, "t4_observation": null}}, {"type": "Feature", "geometry": {"type": "Polygon", "coordinates": [[[94.41435190933554, 23.293348442138193], [94.4143175508771, 23.29009751691537], [94.41607720939764, 23.290081639387395], [94.41608294249534, 23.290623459942744], [94.41666949736367, 23.290618162911983], [94.41669817730246, 23.29332726442034], [94.41435190933554, 23.293348442138193]]]}, "properties": {"id": 263, "label": "temporary radar change (return toward T1)", "class_id": 2, "direction": "increase", "area_ha": 8.282337283561262, "pixel_count": 23, "mean_change_db": 3.772425413131714, "max_change_db": 4.409527778625488, "mean_signed_db": 3.772425413131714, "first_observed": "2024-11-20T11:46:56.693237Z", "observation_interval": ["2024-04-18T11:46:55.497558Z", "2024-11-20T11:46:56.693237Z"], "persists_into_T3": false, "mean_power_by_date": [0.07059973478317261, 0.16761423647403717, 0.08791566640138626], "interpretation": "Unvalidated radar-change candidate; terrain, registration and moisture may explain the signal.", "mean_slope_deg": 1.09, "max_slope_deg": 3.05, "mean_elevation_m": 127.1, "terrain_risk_pct": 0.0, "terrain_tier": "Low Risk (Flat Lowland)", "priority_score": 10.86, "temporal_class": "seasonal_transient", "t4_status": "pending", "t4_mean_power": null, "t4_mean_signed_db": null, "t4_observation": null}}, {"type": "Feature", "geometry": {"type": "Polygon", "coordinates": [[[93.99405349163332, 22.780100072904904], [93.99404171277554, 22.778474253194315], [93.99521057950004, 22.778466967627296], [93.9952027182962, 22.77738308801787], [93.9975404318512, 22.777368491978283], [93.99755619165508, 22.779536249505632], [93.9963873166581, 22.779543552575944], [93.99639125229366, 22.78008549205704], [93.99405349163332, 22.780100072904904]]]}, "properties": {"id": 455, "label": "temporary radar change (return toward T1)", "class_id": 2, "direction": "increase", "area_ha": 8.644682979793497, "pixel_count": 24, "mean_change_db": 3.5711987018585205, "max_change_db": 4.325448989868164, "mean_signed_db": 3.5711987018585205, "first_observed": "2024-11-20T11:46:56.693237Z", "observation_interval": ["2024-04-18T11:46:55.497558Z", "2024-11-20T11:46:56.693237Z"], "persists_into_T3": false, "mean_power_by_date": [0.0692819356918335, 0.1578465849161148, 0.08824706077575684], "interpretation": "Unvalidated radar-change candidate; terrain, registration and moisture may explain the signal.", "mean_slope_deg": 2.79, "max_slope_deg": 5.43, "mean_elevation_m": 183.9, "terrain_risk_pct": 0.0, "terrain_tier": "Low Risk (Flat Lowland)", "priority_score": 10.5, "temporal_class": "seasonal_transient", "t4_status": "pending", "t4_mean_power": null, "t4_mean_signed_db": null, "t4_observation": null}}, {"type": "Feature", "geometry": {"type": "Polygon", "coordinates": [[[94.0072549132084, 23.06400086917219], [94.00725087937465, 23.06345895085906], [94.00607956993625, 23.06346641158724], [94.00606345457459, 23.061298737176294], [94.00664909997757, 23.061295008287], [94.00664506909746, 23.060753089687267], [94.0084019975428, 23.060741890296942], [94.00841411164623, 23.062367645104054], [94.00899976124987, 23.062363907342384], [94.00901188348487, 23.063989661515986], [94.0072549132084, 23.06400086917219]]]}, "properties": {"id": 362, "label": "temporary radar change (return toward T1)", "class_id": 2, "direction": "increase", "area_ha": 8.644639991821023, "pixel_count": 24, "mean_change_db": 3.5498321056365967, "max_change_db": 4.037599563598633, "mean_signed_db": 3.5498321056365967, "first_observed": "2024-11-20T11:46:56.693237Z", "observation_interval": ["2024-04-18T11:46:55.497558Z", "2024-11-20T11:46:56.693237Z"], "persists_into_T3": false, "mean_power_by_date": [0.0774904265999794, 0.17590363323688507, 0.09887528419494629], "interpretation": "Unvalidated radar-change candidate; terrain, registration and moisture may explain the signal.", "mean_slope_deg": 1.06, "max_slope_deg": 1.78, "mean_elevation_m": 120.6, "terrain_risk_pct": 0.0, "terrain_tier": "Low Risk (Flat Lowland)", "priority_score": 10.44, "temporal_class": "seasonal_transient", "t4_status": "pending", "t4_mean_power": null, "t4_mean_signed_db": null, "t4_observation": null}}, {"type": "Feature", "geometry": {"type": "Polygon", "coordinates": [[[94.40645910135176, 22.702756371853877], [94.40644249951994, 22.701130782777952], [94.40702651572667, 22.70112564743326], [94.40702097982407, 22.70058378446798], [94.40760499356617, 22.700578647128836], [94.40759945553638, 22.70003678426161], [94.40993549963287, 22.700016214145663], [94.40995214177977, 22.70164180099972], [94.40936812412126, 22.7016469471329], [94.4093736695456, 22.702188809477896], [94.40878964942203, 22.702193953616753], [94.40879519271923, 22.702735816059956], [94.40645910135176, 22.702756371853877]]]}, "properties": {"id": 499, "label": "temporary radar change (return toward T1)", "class_id": 2, "direction": "increase", "area_ha": 8.64244623760432, "pixel_count": 24, "mean_change_db": 3.5431594848632812, "max_change_db": 4.181954860687256, "mean_signed_db": 3.5431594848632812, "first_observed": "2024-11-20T11:46:56.693237Z", "observation_interval": ["2024-04-18T11:46:55.497558Z", "2024-11-20T11:46:56.693237Z"], "persists_into_T3": false, "mean_power_by_date": [0.089187391102314, 0.20168828964233398, 0.10665915161371231], "interpretation": "Unvalidated radar-change candidate; terrain, registration and moisture may explain the signal.", "mean_slope_deg": 2.07, "max_slope_deg": 4.2, "mean_elevation_m": 147.1, "terrain_risk_pct": 0.0, "terrain_tier": "Low Risk (Flat Lowland)", "priority_score": 10.42, "temporal_class": "seasonal_transient", "t4_status": "pending", "t4_mean_power": null, "t4_mean_signed_db": null, "t4_observation": null}}, {"type": "Feature", "geometry": {"type": "Polygon", "coordinates": [[[94.09839118882219, 23.251442332066], [94.09838675010494, 23.250900442554006], [94.09780029725431, 23.250904542826785], [94.0977781175144, 23.24819509416156], [94.0995374401372, 23.24818278837558], [94.0995418829234, 23.24872467786518], [94.10012832589878, 23.248720571452655], [94.10013721660935, 23.249804350103915], [94.10072366418795, 23.249800241289226], [94.1007370083633, 23.25142590865951], [94.09839118882219, 23.251442332066]]]}, "properties": {"id": 278, "label": "temporary radar change (return toward T1)", "class_id": 2, "direction": "increase", "area_ha": 9.004390052601533, "pixel_count": 25, "mean_change_db": 3.397932767868042, "max_change_db": 3.9105796813964844, "mean_signed_db": 3.397932767868042, "first_observed": "2024-11-20T11:46:56.693237Z", "observation_interval": ["2024-04-18T11:46:55.497558Z", "2024-11-20T11:46:56.693237Z"], "persists_into_T3": false, "mean_power_by_date": [0.12020936608314514, 0.2632285952568054, 0.11381629854440689], "interpretation": "Unvalidated radar-change candidate; terrain, registration and moisture may explain the signal.", "mean_slope_deg": 0.21, "max_slope_deg": 0.47, "mean_elevation_m": 111.8, "terrain_risk_pct": 0.0, "terrain_tier": "Low Risk (Flat Lowland)", "priority_score": 10.2, "temporal_class": "seasonal_transient", "t4_status": "pending", "t4_mean_power": null, "t4_mean_signed_db": null, "t4_observation": null}}, {"type": "Feature", "geometry": {"type": "Polygon", "coordinates": [[[94.3929705057915, 23.324426680439853], [94.39296485709188, 23.323884856834386], [94.39237815033391, 23.32389007223243], [94.39234992126667, 23.321180952948133], [94.39411000537493, 23.32116530219554], [94.39411565798002, 23.321707125724213], [94.3947023547202, 23.321701904280662], [94.3947306321789, 23.324411020666115], [94.3929705057915, 23.324426680439853]]]}, "properties": {"id": 230, "label": "temporary radar change (return toward T1)", "class_id": 2, "direction": "increase", "area_ha": 7.9223642266581065, "pixel_count": 22, "mean_change_db": 3.8484749794006348, "max_change_db": 4.893580436706543, "mean_signed_db": 3.8484749794006348, "first_observed": "2024-11-20T11:46:56.693237Z", "observation_interval": ["2024-04-18T11:46:55.497558Z", "2024-11-20T11:46:56.693237Z"], "persists_into_T3": false, "mean_power_by_date": [0.07858612388372421, 0.18889470398426056, 0.09433849155902863], "interpretation": "Unvalidated radar-change candidate; terrain, registration and moisture may explain the signal.", "mean_slope_deg": 1.01, "max_slope_deg": 3.05, "mean_elevation_m": 116.1, "terrain_risk_pct": 0.0, "terrain_tier": "Low Risk (Flat Lowland)", "priority_score": 10.83, "temporal_class": "seasonal_transient", "t4_status": "pending", "t4_mean_power": null, "t4_mean_signed_db": null, "t4_observation": null}}, {"type": "Feature", "geometry": {"type": "Polygon", "coordinates": [[[94.0629546534072, 23.22025446074289], [94.06294178652035, 23.218628766587162], [94.06352810512172, 23.21862480165066], [94.06351952311391, 23.21754100556272], [94.06527846395515, 23.217529098259302], [94.06529995541337, 23.220238586644765], [94.0629546534072, 23.22025446074289]]]}, "properties": {"id": 294, "label": "temporary radar change (return toward T1)", "class_id": 2, "direction": "increase", "area_ha": 6.483287405090639, "pixel_count": 18, "mean_change_db": 4.677018642425537, "max_change_db": 5.66226053237915, "mean_signed_db": 4.677018642425537, "first_observed": "2024-11-20T11:46:56.693237Z", "observation_interval": ["2024-04-18T11:46:55.497558Z", "2024-11-20T11:46:56.693237Z"], "persists_into_T3": false, "mean_power_by_date": [0.11791607737541199, 0.3468949496746063, 0.122507244348526], "interpretation": "Unvalidated radar-change candidate; terrain, registration and moisture may explain the signal.", "mean_slope_deg": 0.42, "max_slope_deg": 1.09, "mean_elevation_m": 114.8, "terrain_risk_pct": 0.0, "terrain_tier": "Low Risk (Flat Lowland)", "priority_score": 11.91, "temporal_class": "seasonal_transient", "t4_status": "pending", "t4_mean_power": null, "t4_mean_signed_db": null, "t4_observation": null}}, {"type": "Feature", "geometry": {"type": "Polygon", "coordinates": [[[94.40115020175008, 23.096222297607675], [94.40112210454643, 23.093513110127006], [94.40170780417927, 23.093507910824027], [94.40170218290062, 23.092966073348308], [94.40345927373949, 23.092950462818507], [94.40349304620604, 23.096201484649367], [94.40115020175008, 23.096222297607675]]]}, "properties": {"id": 343, "label": "temporary radar change (return toward T1)", "class_id": 2, "direction": "increase", "area_ha": 8.282405120301433, "pixel_count": 23, "mean_change_db": 3.6577095985412598, "max_change_db": 4.368569374084473, "mean_signed_db": 3.6577095985412598, "first_observed": "2024-11-20T11:46:56.693237Z", "observation_interval": ["2024-04-18T11:46:55.497558Z", "2024-11-20T11:46:56.693237Z"], "persists_into_T3": false, "mean_power_by_date": [0.080458864569664, 0.18644198775291443, 0.09422344714403152], "interpretation": "Unvalidated radar-change candidate; terrain, registration and moisture may explain the signal.", "mean_slope_deg": 0.29, "max_slope_deg": 0.95, "mean_elevation_m": 108.0, "terrain_risk_pct": 0.0, "terrain_tier": "Low Risk (Flat Lowland)", "priority_score": 10.53, "temporal_class": "seasonal_transient", "t4_status": "pending", "t4_mean_power": null, "t4_mean_signed_db": null, "t4_observation": null}}, {"type": "Feature", "geometry": {"type": "Polygon", "coordinates": [[[94.06511096433375, 22.823539884415094], [94.06508145520606, 22.819746410177558], [94.06683524374158, 22.819734678131887], [94.06683946588456, 22.820276602826347], [94.06742406411907, 22.820272687753565], [94.06743673825599, 22.821898461301757], [94.06685213308343, 22.821902376684232], [94.06686480143726, 22.82352815020392], [94.06511096433375, 22.823539884415094]]]}, "properties": {"id": 437, "label": "temporary radar change (return toward T1)", "class_id": 2, "direction": "increase", "area_ha": 8.644357035858603, "pixel_count": 24, "mean_change_db": 3.488680601119995, "max_change_db": 4.182828903198242, "mean_signed_db": 3.488680601119995, "first_observed": "2024-11-20T11:46:56.693237Z", "observation_interval": ["2024-04-18T11:46:55.497558Z", "2024-11-20T11:46:56.693237Z"], "persists_into_T3": false, "mean_power_by_date": [0.10171898454427719, 0.22756873071193695, 0.12779122591018677], "interpretation": "Unvalidated radar-change candidate; terrain, registration and moisture may explain the signal.", "mean_slope_deg": 0.22, "max_slope_deg": 0.39, "mean_elevation_m": 143.5, "terrain_risk_pct": 0.0, "terrain_tier": "Low Risk (Flat Lowland)", "priority_score": 10.26, "temporal_class": "seasonal_transient", "t4_status": "pending", "t4_mean_power": null, "t4_mean_signed_db": null, "t4_observation": null}}, {"type": "Feature", "geometry": {"type": "Polygon", "coordinates": [[[94.07469848953218, 23.222342323915885], [94.07469415262328, 23.22180042812807], [94.07410782230087, 23.221804435215386], [94.0740904854306, 23.21963685126622], [94.0770220884392, 23.21961679605761], [94.0770351263681, 23.22124248251161], [94.07644879893346, 23.221246498237964], [94.07645748681053, 23.222330289225685], [94.07469848953218, 23.222342323915885]]]}, "properties": {"id": 293, "label": "temporary radar change (return toward T1)", "class_id": 2, "direction": "increase", "area_ha": 7.923967760427506, "pixel_count": 22, "mean_change_db": 3.8016767501831055, "max_change_db": 4.372903823852539, "mean_signed_db": 3.8016767501831055, "first_observed": "2024-11-20T11:46:56.693237Z", "observation_interval": ["2024-04-18T11:46:55.497558Z", "2024-11-20T11:46:56.693237Z"], "persists_into_T3": false, "mean_power_by_date": [0.11733141541481018, 0.28218886256217957, 0.12790411710739136], "interpretation": "Unvalidated radar-change candidate; terrain, registration and moisture may explain the signal.", "mean_slope_deg": 0.19, "max_slope_deg": 0.51, "mean_elevation_m": 112.1, "terrain_risk_pct": 0.0, "terrain_tier": "Low Risk (Flat Lowland)", "priority_score": 10.7, "temporal_class": "seasonal_transient", "t4_status": "pending", "t4_mean_power": null, "t4_mean_signed_db": null, "t4_observation": null}}, {"type": "Feature", "geometry": {"type": "Polygon", "coordinates": [[[94.4020242465335, 22.726097500396957], [94.40200767811733, 22.724471912961764], [94.40317591064269, 22.72446166257223], [94.40316485667718, 22.72337793796782], [94.40491719040884, 22.723362547201045], [94.40492272420414, 22.723904409115114], [94.4055068374099, 22.72389927445814], [94.40552344670421, 22.725524859564967], [94.40493932660134, 22.72552999462941], [94.40494486107085, 22.72607185639154], [94.4020242465335, 22.726097500396957]]]}, "properties": {"id": 488, "label": "temporary radar change (return toward T1)", "class_id": 2, "direction": "increase", "area_ha": 8.64247536273594, "pixel_count": 24, "mean_change_db": 3.480755090713501, "max_change_db": 3.9704041481018066, "mean_signed_db": 3.480755090713501, "first_observed": "2024-11-20T11:46:56.693237Z", "observation_interval": ["2024-04-18T11:46:55.497558Z", "2024-11-20T11:46:56.693237Z"], "persists_into_T3": false, "mean_power_by_date": [0.0899178758263588, 0.20036880671977997, 0.10053715854883194], "interpretation": "Unvalidated radar-change candidate; terrain, registration and moisture may explain the signal.", "mean_slope_deg": 2.75, "max_slope_deg": 6.36, "mean_elevation_m": 154.7, "terrain_risk_pct": 0.0, "terrain_tier": "Low Risk (Flat Lowland)", "priority_score": 10.23, "temporal_class": "seasonal_transient", "t4_status": "pending", "t4_mean_power": null, "t4_mean_signed_db": null, "t4_observation": null}}, {"type": "Feature", "geometry": {"type": "Polygon", "coordinates": [[[94.00175015597604, 22.793601013086104], [94.00174619656295, 22.79305907541075], [94.00116170225576, 22.79306274541576], [94.00114983166635, 22.791436931874387], [94.00524124079374, 22.791411198911646], [94.00525315987491, 22.793037010415382], [94.00408417258684, 22.79304437397865], [94.00408814123705, 22.793586311265987], [94.00175015597604, 22.793601013086104]]]}, "properties": {"id": 445, "label": "temporary radar change (return toward T1)", "class_id": 2, "direction": "increase", "area_ha": 9.004844390948676, "pixel_count": 25, "mean_change_db": 3.3282382488250732, "max_change_db": 3.531797409057617, "mean_signed_db": 3.3282382488250732, "first_observed": "2024-11-20T11:46:56.693237Z", "observation_interval": ["2024-04-18T11:46:55.497558Z", "2024-11-20T11:46:56.693237Z"], "persists_into_T3": false, "mean_power_by_date": [0.05949261039495468, 0.12780334055423737, 0.07788947224617004], "interpretation": "Unvalidated radar-change candidate; terrain, registration and moisture may explain the signal.", "mean_slope_deg": 0.91, "max_slope_deg": 2.04, "mean_elevation_m": 171.6, "terrain_risk_pct": 0.0, "terrain_tier": "Low Risk (Flat Lowland)", "priority_score": 9.99, "temporal_class": "seasonal_transient", "t4_status": "pending", "t4_mean_power": null, "t4_mean_signed_db": null, "t4_observation": null}}, {"type": "Feature", "geometry": {"type": "Polygon", "coordinates": [[[94.02616288769845, 22.696976427878948], [94.02615885092548, 22.696434487760325], [94.02323845395597, 22.696453188516788], [94.02322637882395, 22.69482736645111], [94.02614674134486, 22.694808667180293], [94.0261507777487, 22.695350607411], [94.02790300067478, 22.69533936197976], [94.02791513129424, 22.696965181554287], [94.02616288769845, 22.696976427878948]]]}, "properties": {"id": 500, "label": "temporary radar change (return toward T1)", "class_id": 2, "direction": "increase", "area_ha": 8.644544885165617, "pixel_count": 24, "mean_change_db": 3.4520111083984375, "max_change_db": 3.7705764770507812, "mean_signed_db": 3.4520111083984375, "first_observed": "2024-11-20T11:46:56.693237Z", "observation_interval": ["2024-04-18T11:46:55.497558Z", "2024-11-20T11:46:56.693237Z"], "persists_into_T3": false, "mean_power_by_date": [0.061287034302949905, 0.13563880324363708, 0.082416832447052], "interpretation": "Unvalidated radar-change candidate; terrain, registration and moisture may explain the signal.", "mean_slope_deg": 0.76, "max_slope_deg": 1.46, "mean_elevation_m": 180.0, "terrain_risk_pct": 0.0, "terrain_tier": "Low Risk (Flat Lowland)", "priority_score": 10.15, "temporal_class": "seasonal_transient", "t4_status": "pending", "t4_mean_power": null, "t4_mean_signed_db": null, "t4_observation": null}}, {"type": "Feature", "geometry": {"type": "Polygon", "coordinates": [[[94.00353387061732, 23.272128542766676], [94.00352981115434, 23.271586638144495], [94.00294324989986, 23.27159038739712], [94.00292296627434, 23.268880863228475], [94.00468261409792, 23.268869610357953], [94.00469074141076, 23.269953419555144], [94.0052772951838, 23.26994966402127], [94.00528136139515, 23.27049156846524], [94.00586791741743, 23.270487810642678], [94.00588012390051, 23.272113523453424], [94.00353387061732, 23.272128542766676]]]}, "properties": {"id": 273, "label": "temporary radar change (return toward T1)", "class_id": 2, "direction": "increase", "area_ha": 8.644661382370884, "pixel_count": 24, "mean_change_db": 3.4058120250701904, "max_change_db": 3.857478618621826, "mean_signed_db": 3.4058120250701904, "first_observed": "2024-11-20T11:46:56.693237Z", "observation_interval": ["2024-04-18T11:46:55.497558Z", "2024-11-20T11:46:56.693237Z"], "persists_into_T3": false, "mean_power_by_date": [0.1160011887550354, 0.25431111454963684, 0.13986480236053467], "interpretation": "Unvalidated radar-change candidate; terrain, registration and moisture may explain the signal.", "mean_slope_deg": 0.59, "max_slope_deg": 1.71, "mean_elevation_m": 130.5, "terrain_risk_pct": 0.0, "terrain_tier": "Low Risk (Flat Lowland)", "priority_score": 10.01, "temporal_class": "seasonal_transient", "t4_status": "pending", "t4_mean_power": null, "t4_mean_signed_db": null, "t4_observation": null}}, {"type": "Feature", "geometry": {"type": "Polygon", "coordinates": [[[94.31590308471968, 23.244351598273454], [94.31588182266404, 23.24218421225848], [94.31940002507378, 23.242154703114988], [94.3194160139802, 23.24378024038315], [94.31882964021173, 23.243785164425866], [94.31883496780097, 23.24432701023287], [94.31590308471968, 23.244351598273454]]]}, "properties": {"id": 279, "label": "temporary radar change (return toward T1)", "class_id": 2, "direction": "increase", "area_ha": 8.282907643534639, "pixel_count": 23, "mean_change_db": 3.5484280586242676, "max_change_db": 4.19345760345459, "mean_signed_db": 3.5484280586242676, "first_observed": "2024-11-20T11:46:56.693237Z", "observation_interval": ["2024-04-18T11:46:55.497558Z", "2024-11-20T11:46:56.693237Z"], "persists_into_T3": false, "mean_power_by_date": [0.07316013425588608, 0.16537754237651825, 0.08496174961328506], "interpretation": "Unvalidated radar-change candidate; terrain, registration and moisture may explain the signal.", "mean_slope_deg": 2.63, "max_slope_deg": 6.24, "mean_elevation_m": 109.9, "terrain_risk_pct": 0.0, "terrain_tier": "Low Risk (Flat Lowland)", "priority_score": 10.21, "temporal_class": "seasonal_transient", "t4_status": "pending", "t4_mean_power": null, "t4_mean_signed_db": null, "t4_observation": null}}, {"type": "Feature", "geometry": {"type": "Polygon", "coordinates": [[[93.97887933545722, 23.108618723233764], [93.97886754979761, 23.1069929633363], [93.9794533980134, 23.106989328432597], [93.97944946734727, 23.106447408486027], [93.98237869489387, 23.106429201831823], [93.98239052250179, 23.108054960131792], [93.98180467017957, 23.10805860609625], [93.98180861060327, 23.10860052554911], [93.97887933545722, 23.108618723233764]]]}, "properties": {"id": 332, "label": "temporary radar change (return toward T1)", "class_id": 2, "direction": "increase", "area_ha": 7.924364553300385, "pixel_count": 22, "mean_change_db": 3.7066385746002197, "max_change_db": 4.64589786529541, "mean_signed_db": 3.7066385746002197, "first_observed": "2024-11-20T11:46:56.693237Z", "observation_interval": ["2024-04-18T11:46:55.497558Z", "2024-11-20T11:46:56.693237Z"], "persists_into_T3": false, "mean_power_by_date": [0.08545729517936707, 0.20085301995277405, 0.09684984385967255], "interpretation": "Unvalidated radar-change candidate; terrain, registration and moisture may explain the signal.", "mean_slope_deg": 1.25, "max_slope_deg": 2.23, "mean_elevation_m": 142.2, "terrain_risk_pct": 0.0, "terrain_tier": "Low Risk (Flat Lowland)", "priority_score": 10.43, "temporal_class": "seasonal_transient", "t4_status": "pending", "t4_mean_power": null, "t4_mean_signed_db": null, "t4_observation": null}}, {"type": "Feature", "geometry": {"type": "Polygon", "coordinates": [[[94.0959797332746, 22.88186082728594], [94.09595798213711, 22.879151250524366], [94.09654282647442, 22.879147218844672], [94.09653847432288, 22.878605303485365], [94.09829299958167, 22.878593195865182], [94.09831915623714, 22.88184468554394], [94.0959797332746, 22.88186082728594]]]}, "properties": {"id": 32, "label": "persistent radar change", "class_id": 1, "direction": "increase", "area_ha": 8.284034674784984, "pixel_count": 23, "mean_change_db": 3.5393929481506348, "max_change_db": 3.9031200408935547, "mean_signed_db": 3.5393929481506348, "first_observed": "2024-11-20T11:46:56.693237Z", "observation_interval": ["2024-04-18T11:46:55.497558Z", "2024-11-20T11:46:56.693237Z"], "persists_into_T3": true, "mean_power_by_date": [0.06136024370789528, 0.1384231150150299, 0.14242371916770935], "interpretation": "Unvalidated radar-change candidate; terrain, registration and moisture may explain the signal.", "mean_slope_deg": 0.37, "max_slope_deg": 0.58, "mean_elevation_m": 133.1, "terrain_risk_pct": 0.0, "terrain_tier": "Low Risk (Flat Lowland)", "priority_score": 10.19, "temporal_class": "persistent", "t4_status": "pending", "t4_mean_power": null, "t4_mean_signed_db": null, "t4_observation": null}}, {"type": "Feature", "geometry": {"type": "Polygon", "coordinates": [[[94.40784378580285, 23.343801080166763], [94.40780950253588, 23.340550166716405], [94.40956983017189, 23.340534329963862], [94.40958127151814, 23.34161796711537], [94.41016805181228, 23.341612683529505], [94.41018522225906, 23.343238138555193], [94.40959843482594, 23.343243422551637], [94.40960415627214, 23.343785240952798], [94.40784378580285, 23.343801080166763]]]}, "properties": {"id": 212, "label": "temporary radar change (return toward T1)", "class_id": 2, "direction": "increase", "area_ha": 7.562172787570325, "pixel_count": 21, "mean_change_db": 3.855736255645752, "max_change_db": 4.545910358428955, "mean_signed_db": 3.855736255645752, "first_observed": "2024-11-20T11:46:56.693237Z", "observation_interval": ["2024-04-18T11:46:55.497558Z", "2024-11-20T11:46:56.693237Z"], "persists_into_T3": false, "mean_power_by_date": [0.06539299339056015, 0.1590917408466339, 0.08203838765621185], "interpretation": "Unvalidated radar-change candidate; terrain, registration and moisture may explain the signal.", "mean_slope_deg": 3.74, "max_slope_deg": 8.15, "mean_elevation_m": 137.8, "terrain_risk_pct": 0.0, "terrain_tier": "Low Risk (Flat Lowland)", "priority_score": 10.6, "temporal_class": "seasonal_transient", "t4_status": "pending", "t4_mean_power": null, "t4_mean_signed_db": null, "t4_observation": null}}, {"type": "Feature", "geometry": {"type": "Polygon", "coordinates": [[[94.04259463200847, 23.089784754755183], [94.04259045145268, 23.089242844218298], [94.04141893167456, 23.08925057496709], [94.04140640485032, 23.08762484252317], [94.04199215775971, 23.08762097853768], [94.04198798005645, 23.087079067748224], [94.04374523098485, 23.08706746306362], [94.04374941573047, 23.08760937354986], [94.04433516813468, 23.087605500876812], [94.04433935535421, 23.088147411223982], [94.04492510997945, 23.088143536277798], [94.04493767943985, 23.089769266788238], [94.04259463200847, 23.089784754755183]]]}, "properties": {"id": 348, "label": "temporary radar change (return toward T1)", "class_id": 2, "direction": "increase", "area_ha": 8.6444770479613, "pixel_count": 24, "mean_change_db": 3.3622207641601562, "max_change_db": 3.8333497047424316, "mean_signed_db": 3.3622207641601562, "first_observed": "2024-11-20T11:46:56.693237Z", "observation_interval": ["2024-04-18T11:46:55.497558Z", "2024-11-20T11:46:56.693237Z"], "persists_into_T3": false, "mean_power_by_date": [0.1260892152786255, 0.27363842725753784, 0.10309040546417236], "interpretation": "Unvalidated radar-change candidate; terrain, registration and moisture may explain the signal.", "mean_slope_deg": 0.13, "max_slope_deg": 0.24, "mean_elevation_m": 115.3, "terrain_risk_pct": 0.0, "terrain_tier": "Low Risk (Flat Lowland)", "priority_score": 9.89, "temporal_class": "seasonal_transient", "t4_status": "pending", "t4_mean_power": null, "t4_mean_signed_db": null, "t4_observation": null}}, {"type": "Feature", "geometry": {"type": "Polygon", "coordinates": [[[94.07546654451386, 23.39087410155872], [94.0754359205079, 23.38708091268907], [94.07719708499229, 23.38706878933891], [94.07720146661691, 23.38761067326449], [94.07778852356901, 23.38760662763666], [94.07780167639241, 23.389232278869585], [94.07721461227953, 23.389236324811346], [94.07722775912538, 23.39086197601336], [94.07546654451386, 23.39087410155872]]]}, "properties": {"id": 171, "label": "temporary radar change (return toward T1)", "class_id": 2, "direction": "increase", "area_ha": 8.644329150650487, "pixel_count": 24, "mean_change_db": 3.3564329147338867, "max_change_db": 3.8755693435668945, "mean_signed_db": 3.3564329147338867, "first_observed": "2024-11-20T11:46:56.693237Z", "observation_interval": ["2024-04-18T11:46:55.497558Z", "2024-11-20T11:46:56.693237Z"], "persists_into_T3": false, "mean_power_by_date": [0.12019693106412888, 0.2608608305454254, 0.11098112910985947], "interpretation": "Unvalidated radar-change candidate; terrain, registration and moisture may explain the signal.", "mean_slope_deg": 0.24, "max_slope_deg": 0.76, "mean_elevation_m": 121.8, "terrain_risk_pct": 0.0, "terrain_tier": "Low Risk (Flat Lowland)", "priority_score": 9.87, "temporal_class": "seasonal_transient", "t4_status": "pending", "t4_mean_power": null, "t4_mean_signed_db": null, "t4_observation": null}}, {"type": "Feature", "geometry": {"type": "Polygon", "coordinates": [[[94.02689021973335, 23.104520032778325], [94.02688609920865, 23.10397812055656], [94.02630027258498, 23.103981931057], [94.02628791880606, 23.10235619386587], [94.0292170154362, 23.102337121121515], [94.029233534382, 23.10450476864155], [94.02689021973335, 23.104520032778325]]]}, "properties": {"id": 335, "label": "temporary radar change (return toward T1)", "class_id": 2, "direction": "increase", "area_ha": 6.843601313956105, "pixel_count": 19, "mean_change_db": 4.2346086502075195, "max_change_db": 4.643894195556641, "mean_signed_db": 4.2346086502075195, "first_observed": "2024-11-20T11:46:56.693237Z", "observation_interval": ["2024-04-18T11:46:55.497558Z", "2024-11-20T11:46:56.693237Z"], "persists_into_T3": false, "mean_power_by_date": [0.06866350024938583, 0.18157128989696503, 0.08658463507890701], "interpretation": "Unvalidated radar-change candidate; terrain, registration and moisture may explain the signal.", "mean_slope_deg": 0.77, "max_slope_deg": 1.05, "mean_elevation_m": 122.8, "terrain_risk_pct": 0.0, "terrain_tier": "Low Risk (Flat Lowland)", "priority_score": 11.08, "temporal_class": "seasonal_transient", "t4_status": "pending", "t4_mean_power": null, "t4_mean_signed_db": null, "t4_observation": null}}, {"type": "Feature", "geometry": {"type": "Polygon", "coordinates": [[[94.0605789150227, 23.067445580442676], [94.06056617120069, 23.065819853535835], [94.06115182606865, 23.06581592199146], [94.06114332614014, 23.064732104069748], [94.06290027590612, 23.064720297036747], [94.06290878990163, 23.065804114340988], [94.06408009848047, 23.065796231726235], [94.06409288450666, 23.067421956780127], [94.0605789150227, 23.067445580442676]]]}, "properties": {"id": 359, "label": "temporary radar change (return toward T1)", "class_id": 2, "direction": "increase", "area_ha": 8.64438616276565, "pixel_count": 24, "mean_change_db": 3.340508222579956, "max_change_db": 3.651561737060547, "mean_signed_db": 3.340508222579956, "first_observed": "2024-11-20T11:46:56.693237Z", "observation_interval": ["2024-04-18T11:46:55.497558Z", "2024-11-20T11:46:56.693237Z"], "persists_into_T3": false, "mean_power_by_date": [0.0928865373134613, 0.20058996975421906, 0.11755593866109848], "interpretation": "Unvalidated radar-change candidate; terrain, registration and moisture may explain the signal.", "mean_slope_deg": 0.16, "max_slope_deg": 0.48, "mean_elevation_m": 116.8, "terrain_risk_pct": 0.0, "terrain_tier": "Low Risk (Flat Lowland)", "priority_score": 9.82, "temporal_class": "seasonal_transient", "t4_status": "pending", "t4_mean_power": null, "t4_mean_signed_db": null, "t4_observation": null}}, {"type": "Feature", "geometry": {"type": "Polygon", "coordinates": [[[94.02838129567536, 22.992328214425292], [94.02835667258924, 22.989076695950885], [94.030697989704, 22.98906148205859], [94.03071444195439, 22.991229159597104], [94.03012910352315, 22.991232966711788], [94.03013732572548, 22.992316805454163], [94.02838129567536, 22.992328214425292]]]}, "properties": {"id": 386, "label": "temporary radar change (return toward T1)", "class_id": 2, "direction": "increase", "area_ha": 7.9241584843682125, "pixel_count": 22, "mean_change_db": 3.6396405696868896, "max_change_db": 4.299182891845703, "mean_signed_db": 3.6396405696868896, "first_observed": "2024-11-20T11:46:56.693237Z", "observation_interval": ["2024-04-18T11:46:55.497558Z", "2024-11-20T11:46:56.693237Z"], "persists_into_T3": false, "mean_power_by_date": [0.08147430419921875, 0.18846911191940308, 0.09825798869132996], "interpretation": "Unvalidated radar-change candidate; terrain, registration and moisture may explain the signal.", "mean_slope_deg": 1.36, "max_slope_deg": 2.31, "mean_elevation_m": 135.4, "terrain_risk_pct": 0.0, "terrain_tier": "Low Risk (Flat Lowland)", "priority_score": 10.25, "temporal_class": "seasonal_transient", "t4_status": "pending", "t4_mean_power": null, "t4_mean_signed_db": null, "t4_observation": null}}, {"type": "Feature", "geometry": {"type": "Polygon", "coordinates": [[[94.44048305677151, 23.701127338554322], [94.44046521580282, 23.699501979683312], [94.44340701786801, 23.699474571833022], [94.44342489524175, 23.701099928599145], [94.44048305677151, 23.701127338554322]]]}, "properties": {"id": 3, "label": "persistent radar change", "class_id": 1, "direction": "decrease", "area_ha": 5.401437117891851, "pixel_count": 15, "mean_change_db": 5.336636543273926, "max_change_db": 7.895092964172363, "mean_signed_db": -5.336636543273926, "first_observed": "2024-11-20T11:46:56.693237Z", "observation_interval": ["2024-04-18T11:46:55.497558Z", "2024-11-20T11:46:56.693237Z"], "persists_into_T3": true, "mean_power_by_date": [0.18098169565200806, 0.05556797236204147, 0.04936449974775314], "interpretation": "Unvalidated radar-change candidate; terrain, registration and moisture may explain the signal.", "mean_slope_deg": 0.08, "max_slope_deg": 0.16, "mean_elevation_m": 108.0, "terrain_risk_pct": 0.0, "terrain_tier": "Low Risk (Flat Lowland)", "priority_score": 12.4, "temporal_class": "persistent", "t4_status": "pending", "t4_mean_power": null, "t4_mean_signed_db": null, "t4_observation": null}}, {"type": "Feature", "geometry": {"type": "Polygon", "coordinates": [[[94.04668321588808, 23.314116798208122], [94.04666624651475, 23.3119492204367], [94.04725297660941, 23.31194530141455], [94.04724873220792, 23.311403406977877], [94.05018236888199, 23.311383779445023], [94.05019513812354, 23.313009461113545], [94.04843493510967, 23.313021245135996], [94.04844343431418, 23.314105033335238], [94.04668321588808, 23.314116798208122]]]}, "properties": {"id": 248, "label": "temporary radar change (return toward T1)", "class_id": 2, "direction": "increase", "area_ha": 8.284275419193367, "pixel_count": 23, "mean_change_db": 3.4772531986236572, "max_change_db": 4.129175186157227, "mean_signed_db": 3.4772531986236572, "first_observed": "2024-11-20T11:46:56.693237Z", "observation_interval": ["2024-04-18T11:46:55.497558Z", "2024-11-20T11:46:56.693237Z"], "persists_into_T3": false, "mean_power_by_date": [0.09189117699861526, 0.2037898749113083, 0.10644704103469849], "interpretation": "Unvalidated radar-change candidate; terrain, registration and moisture may explain the signal.", "mean_slope_deg": 0.27, "max_slope_deg": 0.51, "mean_elevation_m": 117.9, "terrain_risk_pct": 0.0, "terrain_tier": "Low Risk (Flat Lowland)", "priority_score": 10.01, "temporal_class": "seasonal_transient", "t4_status": "pending", "t4_mean_power": null, "t4_mean_signed_db": null, "t4_observation": null}}, {"type": "Feature", "geometry": {"type": "Polygon", "coordinates": [[[94.38573504847689, 22.963594336377277], [94.38570743827358, 22.96088508570661], [94.3862925690505, 22.960879971425545], [94.38628704518187, 22.960338121310812], [94.38804242951932, 22.96032276592481], [94.38807561717877, 22.963573863621853], [94.38573504847689, 22.963594336377277]]]}, "properties": {"id": 397, "label": "temporary radar change (return toward T1)", "class_id": 2, "direction": "increase", "area_ha": 8.28248925909337, "pixel_count": 23, "mean_change_db": 3.4696555137634277, "max_change_db": 4.196643352508545, "mean_signed_db": 3.4696555137634277, "first_observed": "2024-11-20T11:46:56.693237Z", "observation_interval": ["2024-04-18T11:46:55.497558Z", "2024-11-20T11:46:56.693237Z"], "persists_into_T3": false, "mean_power_by_date": [0.07907215505838394, 0.17563994228839874, 0.10122974216938019], "interpretation": "Unvalidated radar-change candidate; terrain, registration and moisture may explain the signal.", "mean_slope_deg": 3.47, "max_slope_deg": 8.64, "mean_elevation_m": 105.0, "terrain_risk_pct": 0.0, "terrain_tier": "Low Risk (Flat Lowland)", "priority_score": 9.99, "temporal_class": "seasonal_transient", "t4_status": "pending", "t4_mean_power": null, "t4_mean_signed_db": null, "t4_observation": null}}, {"type": "Feature", "geometry": {"type": "Polygon", "coordinates": [[[94.4315438243193, 22.867814042290675], [94.43152678967508, 22.866188504531266], [94.43035736335601, 22.866199023613536], [94.43033467144696, 22.864031638291728], [94.43208878286168, 22.864015858108576], [94.4321115025761, 22.86618324176876], [94.43328092786079, 22.866172709801038], [94.43329798336123, 22.867798246313182], [94.4315438243193, 22.867814042290675]]]}, "properties": {"id": 38, "label": "persistent radar change", "class_id": 1, "direction": "increase", "area_ha": 7.562018453888595, "pixel_count": 21, "mean_change_db": 3.7943553924560547, "max_change_db": 4.823338031768799, "mean_signed_db": 3.7943553924560547, "first_observed": "2024-11-20T11:46:56.693237Z", "observation_interval": ["2024-04-18T11:46:55.497558Z", "2024-11-20T11:46:56.693237Z"], "persists_into_T3": true, "mean_power_by_date": [0.08494909107685089, 0.20431925356388092, 0.19357946515083313], "interpretation": "Unvalidated radar-change candidate; terrain, registration and moisture may explain the signal.", "mean_slope_deg": 0.64, "max_slope_deg": 1.56, "mean_elevation_m": 119.8, "terrain_risk_pct": 0.0, "terrain_tier": "Low Risk (Flat Lowland)", "priority_score": 10.43, "temporal_class": "persistent", "t4_status": "pending", "t4_mean_power": null, "t4_mean_signed_db": null, "t4_observation": null}}, {"type": "Feature", "geometry": {"type": "Polygon", "coordinates": [[[94.0469633537109, 22.667033642469963], [94.04695924116086, 22.666491703903155], [94.04637529269348, 22.666495519470153], [94.04635885291822, 22.66432776442485], [94.04869460935312, 22.664312491009067], [94.04871520523841, 22.667022182697742], [94.0469633537109, 22.667033642469963]]]}, "properties": {"id": 76, "label": "persistent radar change", "class_id": 1, "direction": "increase", "area_ha": 6.8435160153080945, "pixel_count": 19, "mean_change_db": 4.186216354370117, "max_change_db": 5.081656455993652, "mean_signed_db": 4.186216354370117, "first_observed": "2024-11-20T11:46:56.693237Z", "observation_interval": ["2024-04-18T11:46:55.497558Z", "2024-11-20T11:46:56.693237Z"], "persists_into_T3": true, "mean_power_by_date": [0.056598350405693054, 0.14770172536373138, 0.13433924317359924], "interpretation": "Unvalidated radar-change candidate; terrain, registration and moisture may explain the signal.", "mean_slope_deg": 0.32, "max_slope_deg": 0.5, "mean_elevation_m": 166.5, "terrain_risk_pct": 0.0, "terrain_tier": "Low Risk (Flat Lowland)", "priority_score": 10.95, "temporal_class": "persistent", "t4_status": "pending", "t4_mean_power": null, "t4_mean_signed_db": null, "t4_observation": null}}, {"type": "Feature", "geometry": {"type": "Polygon", "coordinates": [[[94.49767257869354, 22.818977211394788], [94.49766665218098, 22.81843537825984], [94.49649766866652, 22.818446361754315], [94.49647990407354, 22.816820861251056], [94.49823335827897, 22.81680438409912], [94.49823928656186, 22.817346217204044], [94.49999274607765, 22.817329720337465], [94.50001055280399, 22.81895521811768], [94.49767257869354, 22.818977211394788]]]}, "properties": {"id": 436, "label": "temporary radar change (return toward T1)", "class_id": 2, "direction": "increase", "area_ha": 6.8414766257783395, "pixel_count": 19, "mean_change_db": 4.186426639556885, "max_change_db": 5.586033821105957, "mean_signed_db": 4.186426639556885, "first_observed": "2024-11-20T11:46:56.693237Z", "observation_interval": ["2024-04-18T11:46:55.497558Z", "2024-11-20T11:46:56.693237Z"], "persists_into_T3": false, "mean_power_by_date": [0.08031982183456421, 0.21280094981193542, 0.09920216351747513], "interpretation": "Unvalidated radar-change candidate; terrain, registration and moisture may explain the signal.", "mean_slope_deg": 1.29, "max_slope_deg": 2.61, "mean_elevation_m": 108.9, "terrain_risk_pct": 0.0, "terrain_tier": "Low Risk (Flat Lowland)", "priority_score": 10.95, "temporal_class": "seasonal_transient", "t4_status": "pending", "t4_mean_power": null, "t4_mean_signed_db": null, "t4_observation": null}}, {"type": "Feature", "geometry": {"type": "Polygon", "coordinates": [[[94.02078418353638, 23.226495169885045], [94.02077182335015, 23.224869455154316], [94.02135817708569, 23.22486564649434], [94.02135405490623, 23.224323741607083], [94.02194040615214, 23.224319930859878], [94.02193628173137, 23.223778026033706], [94.02369532762735, 23.223766580972125], [94.02371185444211, 23.225934198857935], [94.02253913837812, 23.225941831879226], [94.02254326566143, 23.2264837364541], [94.02078418353638, 23.226495169885045]]]}, "properties": {"id": 290, "label": "temporary radar change (return toward T1)", "class_id": 2, "direction": "increase", "area_ha": 7.203815557061602, "pixel_count": 20, "mean_change_db": 3.937251329421997, "max_change_db": 5.005885124206543, "mean_signed_db": 3.937251329421997, "first_observed": "2024-11-20T11:46:56.693237Z", "observation_interval": ["2024-04-18T11:46:55.497558Z", "2024-11-20T11:46:56.693237Z"], "persists_into_T3": false, "mean_power_by_date": [0.08057408034801483, 0.1996779590845108, 0.09922393411397934], "interpretation": "Unvalidated radar-change candidate; terrain, registration and moisture may explain the signal.", "mean_slope_deg": 0.7, "max_slope_deg": 1.22, "mean_elevation_m": 145.3, "terrain_risk_pct": 0.0, "terrain_tier": "Low Risk (Flat Lowland)", "priority_score": 10.57, "temporal_class": "seasonal_transient", "t4_status": "pending", "t4_mean_power": null, "t4_mean_signed_db": null, "t4_observation": null}}, {"type": "Feature", "geometry": {"type": "Polygon", "coordinates": [[[94.0455774076761, 22.715277492857602], [94.04556505757259, 22.71365168611587], [94.04731750255257, 22.713640219405555], [94.04730925598477, 22.712556348664283], [94.04906168604144, 22.712544863366546], [94.04908233788622, 22.715254538419238], [94.0455774076761, 22.715277492857602]]]}, "properties": {"id": 494, "label": "temporary radar change (return toward T1)", "class_id": 2, "direction": "increase", "area_ha": 8.644443311144878, "pixel_count": 24, "mean_change_db": 3.2696380615234375, "max_change_db": 3.5732831954956055, "mean_signed_db": 3.2696380615234375, "first_observed": "2024-11-20T11:46:56.693237Z", "observation_interval": ["2024-04-18T11:46:55.497558Z", "2024-11-20T11:46:56.693237Z"], "persists_into_T3": false, "mean_power_by_date": [0.05573241040110588, 0.11844044178724289, 0.07483535259962082], "interpretation": "Unvalidated radar-change candidate; terrain, registration and moisture may explain the signal.", "mean_slope_deg": 0.62, "max_slope_deg": 0.95, "mean_elevation_m": 161.2, "terrain_risk_pct": 0.0, "terrain_tier": "Low Risk (Flat Lowland)", "priority_score": 9.61, "temporal_class": "seasonal_transient", "t4_status": "pending", "t4_mean_power": null, "t4_mean_signed_db": null, "t4_observation": null}}, {"type": "Feature", "geometry": {"type": "Polygon", "coordinates": [[[94.05950782897743, 23.377435157285525], [94.05949490667506, 23.37580949387329], [94.06301695495664, 23.37578559725798], [94.06302992019656, 23.37741125881511], [94.05950782897743, 23.377435157285525]]]}, "properties": {"id": 185, "label": "temporary radar change (return toward T1)", "class_id": 2, "direction": "increase", "area_ha": 6.483301992702996, "pixel_count": 18, "mean_change_db": 4.3231658935546875, "max_change_db": 5.675970554351807, "mean_signed_db": 4.3231658935546875, "first_observed": "2024-11-20T11:46:56.693237Z", "observation_interval": ["2024-04-18T11:46:55.497558Z", "2024-11-20T11:46:56.693237Z"], "persists_into_T3": false, "mean_power_by_date": [0.07755813747644424, 0.20894645154476166, 0.08833791315555573], "interpretation": "Unvalidated radar-change candidate; terrain, registration and moisture may explain the signal.", "mean_slope_deg": 0.4, "max_slope_deg": 0.53, "mean_elevation_m": 127.3, "terrain_risk_pct": 0.0, "terrain_tier": "Low Risk (Flat Lowland)", "priority_score": 11.01, "temporal_class": "seasonal_transient", "t4_status": "pending", "t4_mean_power": null, "t4_mean_signed_db": null, "t4_observation": null}}, {"type": "Feature", "geometry": {"type": "Polygon", "coordinates": [[[94.32119259770847, 23.30499867464657], [94.32118724501815, 23.304456833541558], [94.32060060601742, 23.30446177631056], [94.32058990586924, 23.303378093728373], [94.3200032714576, 23.303383034047272], [94.31998722956558, 23.301757509500177], [94.3217471109453, 23.30174268311605], [94.32175246520598, 23.30228452428577], [94.32233909438547, 23.30227957764234], [94.32234980813917, 23.303363259609398], [94.3229364419072, 23.303358310515662], [94.32295252087023, 23.30498383279171], [94.32119259770847, 23.30499867464657]]]}, "properties": {"id": 256, "label": "temporary radar change (return toward T1)", "class_id": 2, "direction": "increase", "area_ha": 7.922763683515228, "pixel_count": 22, "mean_change_db": 3.534958839416504, "max_change_db": 4.149796962738037, "mean_signed_db": 3.534958839416504, "first_observed": "2024-11-20T11:46:56.693237Z", "observation_interval": ["2024-04-18T11:46:55.497558Z", "2024-11-20T11:46:56.693237Z"], "persists_into_T3": false, "mean_power_by_date": [0.07574489712715149, 0.17130392789840698, 0.09531643241643906], "interpretation": "Unvalidated radar-change candidate; terrain, registration and moisture may explain the signal.", "mean_slope_deg": 0.74, "max_slope_deg": 1.36, "mean_elevation_m": 108.3, "terrain_risk_pct": 0.0, "terrain_tier": "Low Risk (Flat Lowland)", "priority_score": 9.95, "temporal_class": "seasonal_transient", "t4_status": "pending", "t4_mean_power": null, "t4_mean_signed_db": null, "t4_observation": null}}, {"type": "Feature", "geometry": {"type": "Polygon", "coordinates": [[[94.05191249492312, 22.779729134443397], [94.05190418536475, 22.778645274262658], [94.05131976168167, 22.77864912576049], [94.05130315331002, 22.776481404542174], [94.05364081037028, 22.776465987341915], [94.05366577905751, 22.779717566501528], [94.05191249492312, 22.779729134443397]]]}, "properties": {"id": 456, "label": "temporary radar change (return toward T1)", "class_id": 2, "direction": "increase", "area_ha": 7.924053692689398, "pixel_count": 22, "mean_change_db": 3.5065512657165527, "max_change_db": 3.675140380859375, "mean_signed_db": 3.5065512657165527, "first_observed": "2024-11-20T11:46:56.693237Z", "observation_interval": ["2024-04-18T11:46:55.497558Z", "2024-11-20T11:46:56.693237Z"], "persists_into_T3": false, "mean_power_by_date": [0.06280726939439774, 0.14082403481006622, 0.08048799633979797], "interpretation": "Unvalidated radar-change candidate; terrain, registration and moisture may explain the signal.", "mean_slope_deg": 0.64, "max_slope_deg": 1.54, "mean_elevation_m": 157.1, "terrain_risk_pct": 0.0, "terrain_tier": "Low Risk (Flat Lowland)", "priority_score": 9.87, "temporal_class": "seasonal_transient", "t4_status": "pending", "t4_mean_power": null, "t4_mean_signed_db": null, "t4_observation": null}}, {"type": "Feature", "geometry": {"type": "Polygon", "coordinates": [[[94.44418502085952, 23.555878179066486], [94.44416725700275, 23.554252792444675], [94.44534267954477, 23.55424187114243], [94.4453367537981, 23.553700075804453], [94.44592446239596, 23.55369461196435], [94.445918534419, 23.55315281672777], [94.44768165192687, 23.5531364123117], [94.44770539378831, 23.555303591335342], [94.44594224739002, 23.55531999743924], [94.44594817607576, 23.555861792519252], [94.44418502085952, 23.555878179066486]]]}, "properties": {"id": 107, "label": "temporary radar change (return toward T1)", "class_id": 2, "direction": "increase", "area_ha": 7.922074402255332, "pixel_count": 22, "mean_change_db": 3.4956002235412598, "max_change_db": 4.02974271774292, "mean_signed_db": 3.4956002235412598, "first_observed": "2024-11-20T11:46:56.693237Z", "observation_interval": ["2024-04-18T11:46:55.497558Z", "2024-11-20T11:46:56.693237Z"], "persists_into_T3": false, "mean_power_by_date": [0.06954770535230637, 0.1552726775407791, 0.09107900410890579], "interpretation": "Unvalidated radar-change candidate; terrain, registration and moisture may explain the signal.", "mean_slope_deg": 1.62, "max_slope_deg": 2.99, "mean_elevation_m": 118.1, "terrain_risk_pct": 0.0, "terrain_tier": "Low Risk (Flat Lowland)", "priority_score": 9.84, "temporal_class": "seasonal_transient", "t4_status": "pending", "t4_mean_power": null, "t4_mean_signed_db": null, "t4_observation": null}}, {"type": "Feature", "geometry": {"type": "Polygon", "coordinates": [[[94.04027921682857, 23.017179958065384], [94.04026674728266, 23.015554210221175], [94.04260851231264, 23.015538803632385], [94.04259601584297, 23.01391305665863], [94.0443523172508, 23.01390147990111], [94.04436483476202, 23.015527225965158], [94.04260851231264, 23.015538803632385], [94.04262100991662, 23.017164550265996], [94.04027921682857, 23.017179958065384]]]}, "properties": {"id": 380, "label": "temporary radar change (return toward T1)", "class_id": 2, "direction": "increase", "area_ha": 7.563918588045472, "pixel_count": 21, "mean_change_db": 3.640359878540039, "max_change_db": 4.007352828979492, "mean_signed_db": 3.640359878540039, "first_observed": "2024-11-20T11:46:56.693237Z", "observation_interval": ["2024-04-18T11:46:55.497558Z", "2024-11-20T11:46:56.693237Z"], "persists_into_T3": false, "mean_power_by_date": [0.10416492819786072, 0.2408832311630249, 0.10719316452741623], "interpretation": "Unvalidated radar-change candidate; terrain, registration and moisture may explain the signal.", "mean_slope_deg": 0.14, "max_slope_deg": 0.25, "mean_elevation_m": 120.5, "terrain_risk_pct": 0.0, "terrain_tier": "Low Risk (Flat Lowland)", "priority_score": 10.01, "temporal_class": "seasonal_transient", "t4_status": "pending", "t4_mean_power": null, "t4_mean_signed_db": null, "t4_observation": null}}, {"type": "Feature", "geometry": {"type": "Polygon", "coordinates": [[[94.03331737915568, 22.87144131612197], [94.03330098110071, 22.869273607680096], [94.03505542269673, 22.869262202063535], [94.03505952898102, 22.86980412893016], [94.0356443449162, 22.86980032265962], [94.03565667147465, 22.871426102733334], [94.03331737915568, 22.87144131612197]]]}, "properties": {"id": 37, "label": "persistent radar change", "class_id": 1, "direction": "increase", "area_ha": 5.402818574191933, "pixel_count": 15, "mean_change_db": 5.0751872062683105, "max_change_db": 5.7525634765625, "mean_signed_db": 5.0751872062683105, "first_observed": "2024-11-20T11:46:56.693237Z", "observation_interval": ["2024-04-18T11:46:55.497558Z", "2024-11-20T11:46:56.693237Z"], "persists_into_T3": true, "mean_power_by_date": [0.057965293526649475, 0.18808023631572723, 0.14537543058395386], "interpretation": "Unvalidated radar-change candidate; terrain, registration and moisture may explain the signal.", "mean_slope_deg": 0.33, "max_slope_deg": 0.79, "mean_elevation_m": 146.2, "terrain_risk_pct": 0.0, "terrain_tier": "Low Risk (Flat Lowland)", "priority_score": 11.8, "temporal_class": "persistent", "t4_status": "pending", "t4_mean_power": null, "t4_mean_signed_db": null, "t4_observation": null}}, {"type": "Feature", "geometry": {"type": "Polygon", "coordinates": [[[94.58844631593186, 22.934058070864584], [94.5884336742295, 22.93297446669314], [94.58726376007552, 22.932986171100456], [94.58724481290962, 22.93136076363166], [94.5895846125495, 22.931337348045943], [94.58959093738041, 22.931879149959222], [94.59017588913642, 22.93187329052442], [94.59020119967798, 22.93404049717589], [94.58844631593186, 22.934058070864584]]]}, "properties": {"id": 400, "label": "temporary radar change (return toward T1)", "class_id": 2, "direction": "increase", "area_ha": 7.20103822475078, "pixel_count": 20, "mean_change_db": 3.8017501831054688, "max_change_db": 4.67237663269043, "mean_signed_db": 3.8017501831054688, "first_observed": "2024-11-20T11:46:56.693237Z", "observation_interval": ["2024-04-18T11:46:55.497558Z", "2024-11-20T11:46:56.693237Z"], "persists_into_T3": false, "mean_power_by_date": [0.08317578583955765, 0.19945426285266876, 0.10220636427402496], "interpretation": "Unvalidated radar-change candidate; terrain, registration and moisture may explain the signal.", "mean_slope_deg": 0.38, "max_slope_deg": 0.67, "mean_elevation_m": 110.8, "terrain_risk_pct": 0.0, "terrain_tier": "Low Risk (Flat Lowland)", "priority_score": 10.2, "temporal_class": "seasonal_transient", "t4_status": "pending", "t4_mean_power": null, "t4_mean_signed_db": null, "t4_observation": null}}, {"type": "Feature", "geometry": {"type": "Polygon", "coordinates": [[[94.10225633271857, 22.643900413089433], [94.10225200791024, 22.643358482817387], [94.10166816789723, 22.643362496054987], [94.1016552011327, 22.64173670469507], [94.10399053291867, 22.641720640271153], [94.10399486419928, 22.64226257033565], [94.10457869910488, 22.642258548810005], [94.10459170060851, 22.64388433845901], [94.10225633271857, 22.643900413089433]]]}, "properties": {"id": 80, "label": "persistent radar change", "class_id": 1, "direction": "increase", "area_ha": 6.483127959876135, "pixel_count": 18, "mean_change_db": 4.2162933349609375, "max_change_db": 5.366164207458496, "mean_signed_db": 4.2162933349609375, "first_observed": "2024-11-20T11:46:56.693237Z", "observation_interval": ["2024-04-18T11:46:55.497558Z", "2024-11-20T11:46:56.693237Z"], "persists_into_T3": true, "mean_power_by_date": [0.08060570806264877, 0.2119663506746292, 0.1819138526916504], "interpretation": "Unvalidated radar-change candidate; terrain, registration and moisture may explain the signal.", "mean_slope_deg": 0.15, "max_slope_deg": 0.36, "mean_elevation_m": 149.8, "terrain_risk_pct": 0.0, "terrain_tier": "Low Risk (Flat Lowland)", "priority_score": 10.74, "temporal_class": "persistent", "t4_status": "pending", "t4_mean_power": null, "t4_mean_signed_db": null, "t4_observation": null}}, {"type": "Feature", "geometry": {"type": "Polygon", "coordinates": [[[94.42476006888063, 23.389164796497248], [94.4247368877922, 23.3869975494698], [94.42767176657145, 23.38697077674724], [94.42768918791064, 23.38859620999883], [94.4271022053462, 23.38860156936343], [94.42710801042197, 23.389143380508116], [94.42476006888063, 23.389164796497248]]]}, "properties": {"id": 166, "label": "temporary radar change (return toward T1)", "class_id": 2, "direction": "increase", "area_ha": 6.841882596552814, "pixel_count": 19, "mean_change_db": 3.9897899627685547, "max_change_db": 4.803997039794922, "mean_signed_db": 3.9897899627685547, "first_observed": "2024-11-20T11:46:56.693237Z", "observation_interval": ["2024-04-18T11:46:55.497558Z", "2024-11-20T11:46:56.693237Z"], "persists_into_T3": false, "mean_power_by_date": [0.0662454143166542, 0.16503694653511047, 0.08333368599414825], "interpretation": "Unvalidated radar-change candidate; terrain, registration and moisture may explain the signal.", "mean_slope_deg": 0.78, "max_slope_deg": 1.46, "mean_elevation_m": 136.2, "terrain_risk_pct": 0.0, "terrain_tier": "Low Risk (Flat Lowland)", "priority_score": 10.44, "temporal_class": "seasonal_transient", "t4_status": "pending", "t4_mean_power": null, "t4_mean_signed_db": null, "t4_observation": null}}, {"type": "Feature", "geometry": {"type": "Polygon", "coordinates": [[[94.05274262256549, 23.11410454812975], [94.05272571850871, 23.11193691948368], [94.05331157471502, 23.111933009640133], [94.05330734666916, 23.111391102485857], [94.05565076081488, 23.11137544177642], [94.05566347354336, 23.113001161898886], [94.05449175262208, 23.113008997215925], [94.05450021901069, 23.11409281085031], [94.05274262256549, 23.11410454812975]]]}, "properties": {"id": 328, "label": "temporary radar change (return toward T1)", "class_id": 2, "direction": "increase", "area_ha": 7.20368875398396, "pixel_count": 20, "mean_change_db": 3.7614588737487793, "max_change_db": 4.338193893432617, "mean_signed_db": 3.7614588737487793, "first_observed": "2024-11-20T11:46:56.693237Z", "observation_interval": ["2024-04-18T11:46:55.497558Z", "2024-11-20T11:46:56.693237Z"], "persists_into_T3": false, "mean_power_by_date": [0.10937398672103882, 0.2600492238998413, 0.12115488201379776], "interpretation": "Unvalidated radar-change candidate; terrain, registration and moisture may explain the signal.", "mean_slope_deg": 0.1, "max_slope_deg": 0.21, "mean_elevation_m": 114.4, "terrain_risk_pct": 0.0, "terrain_tier": "Low Risk (Flat Lowland)", "priority_score": 10.1, "temporal_class": "seasonal_transient", "t4_status": "pending", "t4_mean_power": null, "t4_mean_signed_db": null, "t4_observation": null}}, {"type": "Feature", "geometry": {"type": "Polygon", "coordinates": [[[94.01831854541311, 22.74200967148143], [94.0183065015058, 22.74038385617223], [94.01889076850968, 22.740380131488237], [94.01888273524473, 22.73929625462536], [94.02063552170837, 22.7392850683509], [94.02063954518648, 22.73982700650526], [94.02122380939834, 22.739823273377272], [94.02123588747502, 22.741449087319737], [94.02006734511434, 22.741456552032176], [94.02007136678, 22.741998490135536], [94.01831854541311, 22.74200967148143]]]}, "properties": {"id": 483, "label": "temporary radar change (return toward T1)", "class_id": 2, "direction": "increase", "area_ha": 7.203811066102609, "pixel_count": 20, "mean_change_db": 3.758591413497925, "max_change_db": 3.9820423126220703, "mean_signed_db": 3.758591413497925, "first_observed": "2024-11-20T11:46:56.693237Z", "observation_interval": ["2024-04-18T11:46:55.497558Z", "2024-11-20T11:46:56.693237Z"], "persists_into_T3": false, "mean_power_by_date": [0.06854547560214996, 0.16281165182590485, 0.09248097240924835], "interpretation": "Unvalidated radar-change candidate; terrain, registration and moisture may explain the signal.", "mean_slope_deg": 1.62, "max_slope_deg": 2.92, "mean_elevation_m": 187.9, "terrain_risk_pct": 0.0, "terrain_tier": "Low Risk (Flat Lowland)", "priority_score": 10.09, "temporal_class": "seasonal_transient", "t4_status": "pending", "t4_mean_power": null, "t4_mean_signed_db": null, "t4_observation": null}}, {"type": "Feature", "geometry": {"type": "Polygon", "coordinates": [[[94.09410399423334, 22.646666064719227], [94.09409970082498, 22.64612413314867], [94.09293199408884, 22.646132099044515], [94.09291912838913, 22.644506303474586], [94.09467066768798, 22.644494352393465], [94.09467496299308, 22.645036283970445], [94.0964265079815, 22.645024313442285], [94.09643941529279, 22.64665010699622], [94.09410399423334, 22.646666064719227]]]}, "properties": {"id": 79, "label": "persistent radar change", "class_id": 1, "direction": "increase", "area_ha": 6.843335026458884, "pixel_count": 19, "mean_change_db": 3.9467921257019043, "max_change_db": 4.445554733276367, "mean_signed_db": 3.9467921257019043, "first_observed": "2024-11-20T11:46:56.693237Z", "observation_interval": ["2024-04-18T11:46:55.497558Z", "2024-11-20T11:46:56.693237Z"], "persists_into_T3": true, "mean_power_by_date": [0.07290830463171005, 0.1811216175556183, 0.1647244244813919], "interpretation": "Unvalidated radar-change candidate; terrain, registration and moisture may explain the signal.", "mean_slope_deg": 0.35, "max_slope_deg": 0.68, "mean_elevation_m": 150.1, "terrain_risk_pct": 0.0, "terrain_tier": "Low Risk (Flat Lowland)", "priority_score": 10.32, "temporal_class": "persistent", "t4_status": "pending", "t4_mean_power": null, "t4_mean_signed_db": null, "t4_observation": null}}, {"type": "Feature", "geometry": {"type": "Polygon", "coordinates": [[[94.06575711672907, 23.35138068142118], [94.06573980725379, 23.34921312732186], [94.06867425670532, 23.34919312325821], [94.06868727434521, 23.350818787335786], [94.06810037756955, 23.35082279285826], [94.06810471466142, 23.351364680911338], [94.06575711672907, 23.35138068142118]]]}, "properties": {"id": 206, "label": "temporary radar change (return toward T1)", "class_id": 2, "direction": "increase", "area_ha": 6.843462307759095, "pixel_count": 19, "mean_change_db": 3.944713830947876, "max_change_db": 4.774825096130371, "mean_signed_db": 3.944713830947876, "first_observed": "2024-11-20T11:46:56.693237Z", "observation_interval": ["2024-04-18T11:46:55.497558Z", "2024-11-20T11:46:56.693237Z"], "persists_into_T3": false, "mean_power_by_date": [0.11434483528137207, 0.2843719720840454, 0.13646486401557922], "interpretation": "Unvalidated radar-change candidate; terrain, registration and moisture may explain the signal.", "mean_slope_deg": 0.29, "max_slope_deg": 0.53, "mean_elevation_m": 121.2, "terrain_risk_pct": 0.0, "terrain_tier": "Low Risk (Flat Lowland)", "priority_score": 10.32, "temporal_class": "seasonal_transient", "t4_status": "pending", "t4_mean_power": null, "t4_mean_signed_db": null, "t4_observation": null}}, {"type": "Feature", "geometry": {"type": "Polygon", "coordinates": [[[94.04403177156186, 22.819343761024882], [94.0440276398611, 22.81880183227344], [94.04344304348612, 22.81880566128641], [94.04343065607435, 22.817179874503925], [94.04459983482461, 22.81717221494018], [94.04459570131392, 22.81663028613959], [94.0463494615602, 22.816618781020225], [94.0463660241045, 22.8187864947837], [94.04578142823226, 22.81879033237182], [94.04578556687049, 22.819332260820012], [94.04403177156186, 22.819343761024882]]]}, "properties": {"id": 438, "label": "temporary radar change (return toward T1)", "class_id": 2, "direction": "increase", "area_ha": 7.563901541566732, "pixel_count": 21, "mean_change_db": 3.5613627433776855, "max_change_db": 4.0157318115234375, "mean_signed_db": 3.5613627433776855, "first_observed": "2024-11-20T11:46:56.693237Z", "observation_interval": ["2024-04-18T11:46:55.497558Z", "2024-11-20T11:46:56.693237Z"], "persists_into_T3": false, "mean_power_by_date": [0.09008492529392242, 0.20440331101417542, 0.11561604589223862], "interpretation": "Unvalidated radar-change candidate; terrain, registration and moisture may explain the signal.", "mean_slope_deg": 0.18, "max_slope_deg": 0.29, "mean_elevation_m": 147.1, "terrain_risk_pct": 0.0, "terrain_tier": "Low Risk (Flat Lowland)", "priority_score": 9.79, "temporal_class": "seasonal_transient", "t4_status": "pending", "t4_mean_power": null, "t4_mean_signed_db": null, "t4_observation": null}}, {"type": "Feature", "geometry": {"type": "Polygon", "coordinates": [[[94.39368090405694, 23.279986600706568], [94.39367526451903, 23.27944477419676], [94.39308875279721, 23.27944998289614], [94.39307747897286, 23.278366329490066], [94.39249097182424, 23.278371535728198], [94.39247406947253, 23.27674605492353], [94.3942335690692, 23.27673043085336], [94.3942448513611, 23.277814083950652], [94.39483135562972, 23.2778088712753], [94.39483699940136, 23.2783506976306], [94.39542350587153, 23.278345482629103], [94.39544044531897, 23.279970961056776], [94.39368090405694, 23.279986600706568]]]}, "properties": {"id": 269, "label": "temporary radar change (return toward T1)", "class_id": 2, "direction": "increase", "area_ha": 7.562252090174006, "pixel_count": 21, "mean_change_db": 3.5518994331359863, "max_change_db": 3.9116249084472656, "mean_signed_db": 3.5518994331359863, "first_observed": "2024-11-20T11:46:56.693237Z", "observation_interval": ["2024-04-18T11:46:55.497558Z", "2024-11-20T11:46:56.693237Z"], "persists_into_T3": false, "mean_power_by_date": [0.07770819216966629, 0.176044300198555, 0.09224241971969604], "interpretation": "Unvalidated radar-change candidate; terrain, registration and moisture may explain the signal.", "mean_slope_deg": 3.08, "max_slope_deg": 6.83, "mean_elevation_m": 130.6, "terrain_risk_pct": 0.0, "terrain_tier": "Low Risk (Flat Lowland)", "priority_score": 9.77, "temporal_class": "seasonal_transient", "t4_status": "pending", "t4_mean_power": null, "t4_mean_signed_db": null, "t4_observation": null}}, {"type": "Feature", "geometry": {"type": "Polygon", "coordinates": [[[94.04070724134726, 22.920168745209676], [94.04070310252968, 22.919626822747034], [94.03894801638526, 22.919638314462443], [94.03893562161467, 22.918012545942577], [94.0424457509157, 22.917989544936233], [94.04246233333897, 22.920157233802872], [94.04070724134726, 22.920168745209676]]]}, "properties": {"id": 405, "label": "temporary radar change (return toward T1)", "class_id": 2, "direction": "increase", "area_ha": 7.563921804985404, "pixel_count": 21, "mean_change_db": 3.5477240085601807, "max_change_db": 4.169961452484131, "mean_signed_db": 3.5477240085601807, "first_observed": "2024-11-20T11:46:56.693237Z", "observation_interval": ["2024-04-18T11:46:55.497558Z", "2024-11-20T11:46:56.693237Z"], "persists_into_T3": false, "mean_power_by_date": [0.08879469335079193, 0.201394721865654, 0.1136108785867691], "interpretation": "Unvalidated radar-change candidate; terrain, registration and moisture may explain the signal.", "mean_slope_deg": 0.36, "max_slope_deg": 0.5, "mean_elevation_m": 131.9, "terrain_risk_pct": 0.0, "terrain_tier": "Low Risk (Flat Lowland)", "priority_score": 9.76, "temporal_class": "seasonal_transient", "t4_status": "pending", "t4_mean_power": null, "t4_mean_signed_db": null, "t4_observation": null}}, {"type": "Feature", "geometry": {"type": "Polygon", "coordinates": [[[94.03854884795153, 23.3244674526597], [94.03854463629386, 23.323925557582584], [94.03795785198386, 23.323929445890542], [94.0379452249054, 23.322303760127745], [94.04087910951293, 23.32228429813461], [94.04089177226776, 23.32390998238386], [94.04030498846434, 23.32391387947857], [94.0403092072577, 23.32445577425298], [94.03854884795153, 23.3244674526597]]]}, "properties": {"id": 234, "label": "temporary radar change (return toward T1)", "class_id": 2, "direction": "increase", "area_ha": 6.483377322049555, "pixel_count": 18, "mean_change_db": 4.134400844573975, "max_change_db": 5.190206527709961, "mean_signed_db": 4.134400844573975, "first_observed": "2024-11-20T11:46:56.693237Z", "observation_interval": ["2024-04-18T11:46:55.497558Z", "2024-11-20T11:46:56.693237Z"], "persists_into_T3": false, "mean_power_by_date": [0.09514974802732468, 0.2469004988670349, 0.10539388656616211], "interpretation": "Unvalidated radar-change candidate; terrain, registration and moisture may explain the signal.", "mean_slope_deg": 0.43, "max_slope_deg": 0.65, "mean_elevation_m": 123.9, "terrain_risk_pct": 0.0, "terrain_tier": "Low Risk (Flat Lowland)", "priority_score": 10.53, "temporal_class": "seasonal_transient", "t4_status": "pending", "t4_mean_power": null, "t4_mean_signed_db": null, "t4_observation": null}}, {"type": "Feature", "geometry": {"type": "Polygon", "coordinates": [[[94.0745481266424, 22.7595259598963], [94.07453540687861, 22.757900177435385], [94.07862572082715, 22.757872600642997], [94.078638488987, 22.75949838091779], [94.0745481266424, 22.7595259598963]]]}, "properties": {"id": 63, "label": "persistent radar change", "class_id": 1, "direction": "increase", "area_ha": 7.5637673528485, "pixel_count": 21, "mean_change_db": 3.5218119621276855, "max_change_db": 4.154685020446777, "mean_signed_db": 3.5218119621276855, "first_observed": "2024-11-20T11:46:56.693237Z", "observation_interval": ["2024-04-18T11:46:55.497558Z", "2024-11-20T11:46:56.693237Z"], "persists_into_T3": true, "mean_power_by_date": [0.06933761388063431, 0.15524327754974365, 0.1604851931333542], "interpretation": "Unvalidated radar-change candidate; terrain, registration and moisture may explain the signal.", "mean_slope_deg": 0.45, "max_slope_deg": 1.25, "mean_elevation_m": 144.9, "terrain_risk_pct": 0.0, "terrain_tier": "Low Risk (Flat Lowland)", "priority_score": 9.69, "temporal_class": "persistent", "t4_status": "pending", "t4_mean_power": null, "t4_mean_signed_db": null, "t4_observation": null}}, {"type": "Feature", "geometry": {"type": "Polygon", "coordinates": [[[94.07532623091309, 22.858698050928016], [94.07532196720813, 22.858156130354416], [94.07415244985725, 22.858164028651935], [94.0741354148707, 22.855996345149258], [94.07588966289487, 22.855984495729487], [94.0758939283992, 22.85652641634955], [94.07647867979884, 22.856522462143655], [94.07648294775, 22.857064382621953], [94.07706770133733, 22.85706042616422], [94.07708051292073, 22.858686187060712], [94.07532623091309, 22.858698050928016]]]}, "properties": {"id": 427, "label": "temporary radar change (return toward T1)", "class_id": 2, "direction": "increase", "area_ha": 7.203595129772043, "pixel_count": 20, "mean_change_db": 3.695708751678467, "max_change_db": 4.415683269500732, "mean_signed_db": 3.695708751678467, "first_observed": "2024-11-20T11:46:56.693237Z", "observation_interval": ["2024-04-18T11:46:55.497558Z", "2024-11-20T11:46:56.693237Z"], "persists_into_T3": false, "mean_power_by_date": [0.10316596180200577, 0.2426179200410843, 0.1271969974040985], "interpretation": "Unvalidated radar-change candidate; terrain, registration and moisture may explain the signal.", "mean_slope_deg": 0.29, "max_slope_deg": 0.45, "mean_elevation_m": 137.4, "terrain_risk_pct": 0.0, "terrain_tier": "Low Risk (Flat Lowland)", "priority_score": 9.92, "temporal_class": "seasonal_transient", "t4_status": "pending", "t4_mean_power": null, "t4_mean_signed_db": null, "t4_observation": null}}, {"type": "Feature", "geometry": {"type": "Polygon", "coordinates": [[[94.06454214611199, 23.050076930390507], [94.0645378857524, 23.049535020968108], [94.0639523019611, 23.049538962436014], [94.06394804407267, 23.048997052872632], [94.06336246249505, 23.049000992069633], [94.06334969662895, 23.047375262843136], [94.06510641989526, 23.047363439676783], [94.06511068208188, 23.04790534914747], [94.06628183496628, 23.047897455991958], [94.06629890374026, 23.050065092670028], [94.06454214611199, 23.050076930390507]]]}, "properties": {"id": 367, "label": "temporary radar change (return toward T1)", "class_id": 2, "direction": "increase", "area_ha": 7.20364430657574, "pixel_count": 20, "mean_change_db": 3.6945693492889404, "max_change_db": 4.409781455993652, "mean_signed_db": 3.6945693492889404, "first_observed": "2024-11-20T11:46:56.693237Z", "observation_interval": ["2024-04-18T11:46:55.497558Z", "2024-11-20T11:46:56.693237Z"], "persists_into_T3": false, "mean_power_by_date": [0.09977872669696808, 0.2334555834531784, 0.11538577079772949], "interpretation": "Unvalidated radar-change candidate; terrain, registration and moisture may explain the signal.", "mean_slope_deg": 1.07, "max_slope_deg": 2.25, "mean_elevation_m": 115.4, "terrain_risk_pct": 0.0, "terrain_tier": "Low Risk (Flat Lowland)", "priority_score": 9.92, "temporal_class": "seasonal_transient", "t4_status": "pending", "t4_mean_power": null, "t4_mean_signed_db": null, "t4_observation": null}}, {"type": "Feature", "geometry": {"type": "Polygon", "coordinates": [[[93.9783054470105, 23.19099740470225], [93.97830150500724, 23.190455490342387], [93.97654287061503, 23.19046641273527], [93.97653106656742, 23.18884066857492], [93.97828967971022, 23.188829747035218], [93.97829362135711, 23.18937166150887], [93.98063844666136, 23.189357068518756], [93.98065030064804, 23.190982810572162], [93.9783054470105, 23.19099740470225]]]}, "properties": {"id": 299, "label": "temporary radar change (return toward T1)", "class_id": 2, "direction": "increase", "area_ha": 7.564176313473005, "pixel_count": 21, "mean_change_db": 3.514982223510742, "max_change_db": 4.0329813957214355, "mean_signed_db": 3.514982223510742, "first_observed": "2024-11-20T11:46:56.693237Z", "observation_interval": ["2024-04-18T11:46:55.497558Z", "2024-11-20T11:46:56.693237Z"], "persists_into_T3": false, "mean_power_by_date": [0.11350754648447037, 0.25492987036705017, 0.12478663772344589], "interpretation": "Unvalidated radar-change candidate; terrain, registration and moisture may explain the signal.", "mean_slope_deg": 0.71, "max_slope_deg": 0.85, "mean_elevation_m": 187.0, "terrain_risk_pct": 0.0, "terrain_tier": "Low Risk (Flat Lowland)", "priority_score": 9.67, "temporal_class": "seasonal_transient", "t4_status": "pending", "t4_mean_power": null, "t4_mean_signed_db": null, "t4_observation": null}}, {"type": "Feature", "geometry": {"type": "Polygon", "coordinates": [[[94.07107591115142, 22.763884938881837], [94.07106322978294, 22.762259155453847], [94.07164757994609, 22.762255234319586], [94.07164335077553, 22.761713306538837], [94.07339639357744, 22.761701530620257], [94.07340062966303, 22.762243458089877], [94.07398497931092, 22.762239528404333], [94.0739976952567, 22.763865310276643], [94.07107591115142, 22.763884938881837]]]}, "properties": {"id": 62, "label": "persistent radar change", "class_id": 1, "direction": "increase", "area_ha": 6.483244010860962, "pixel_count": 18, "mean_change_db": 4.090240478515625, "max_change_db": 4.742584228515625, "mean_signed_db": 4.090240478515625, "first_observed": "2024-11-20T11:46:56.693237Z", "observation_interval": ["2024-04-18T11:46:55.497558Z", "2024-11-20T11:46:56.693237Z"], "persists_into_T3": true, "mean_power_by_date": [0.07013317942619324, 0.18042176961898804, 0.15748149156570435], "interpretation": "Unvalidated radar-change candidate; terrain, registration and moisture may explain the signal.", "mean_slope_deg": 0.23, "max_slope_deg": 0.4, "mean_elevation_m": 146.7, "terrain_risk_pct": 0.0, "terrain_tier": "Low Risk (Flat Lowland)", "priority_score": 10.41, "temporal_class": "persistent", "t4_status": "pending", "t4_mean_power": null, "t4_mean_signed_db": null, "t4_observation": null}}, {"type": "Feature", "geometry": {"type": "Polygon", "coordinates": [[[94.03788208158784, 22.77927905221604], [94.0378779822469, 22.778737119681672], [94.03729355555136, 22.778740919828973], [94.03727716866318, 22.776573188915293], [94.03903042068985, 22.776561783259307], [94.03903452414606, 22.77710371574276], [94.04020336282046, 22.777096101074036], [94.04021568778118, 22.77872189769622], [94.03963126158492, 22.778725706402014], [94.03963536784782, 22.779267638635], [94.03788208158784, 22.77927905221604]]]}, "properties": {"id": 457, "label": "temporary radar change (return toward T1)", "class_id": 2, "direction": "increase", "area_ha": 7.563925857747998, "pixel_count": 21, "mean_change_db": 3.4962992668151855, "max_change_db": 4.25033712387085, "mean_signed_db": 3.4962992668151855, "first_observed": "2024-11-20T11:46:56.693237Z", "observation_interval": ["2024-04-18T11:46:55.497558Z", "2024-11-20T11:46:56.693237Z"], "persists_into_T3": false, "mean_power_by_date": [0.06254826486110687, 0.14015188813209534, 0.0804390013217926], "interpretation": "Unvalidated radar-change candidate; terrain, registration and moisture may explain the signal.", "mean_slope_deg": 0.56, "max_slope_deg": 0.78, "mean_elevation_m": 165.5, "terrain_risk_pct": 0.0, "terrain_tier": "Low Risk (Flat Lowland)", "priority_score": 9.62, "temporal_class": "seasonal_transient", "t4_status": "pending", "t4_mean_power": null, "t4_mean_signed_db": null, "t4_observation": null}}, {"type": "Feature", "geometry": {"type": "Polygon", "coordinates": [[[94.02006888428849, 22.898624544764235], [94.02005672715529, 22.89699876227388], [94.02064166235483, 22.896995006944444], [94.02063355356884, 22.89591115196033], [94.02238834449346, 22.89589987365319], [94.02240052876076, 22.897525655183085], [94.02181559160775, 22.897529417067485], [94.02182371042308, 22.89861327143053], [94.02006888428849, 22.898624544764235]]]}, "properties": {"id": 25, "label": "persistent radar change", "class_id": 1, "direction": "increase", "area_ha": 5.763047932114964, "pixel_count": 16, "mean_change_db": 4.58390998840332, "max_change_db": 5.12084436416626, "mean_signed_db": 4.58390998840332, "first_observed": "2024-11-20T11:46:56.693237Z", "observation_interval": ["2024-04-18T11:46:55.497558Z", "2024-11-20T11:46:56.693237Z"], "persists_into_T3": true, "mean_power_by_date": [0.05951177701354027, 0.17118099331855774, 0.13214629888534546], "interpretation": "Unvalidated radar-change candidate; terrain, registration and moisture may explain the signal.", "mean_slope_deg": 5.52, "max_slope_deg": 15.72, "mean_elevation_m": 159.5, "terrain_risk_pct": 0.0, "terrain_tier": "Low Risk (Flat Lowland)", "priority_score": 11.0, "temporal_class": "persistent", "t4_status": "pending", "t4_mean_power": null, "t4_mean_signed_db": null, "t4_observation": null}}, {"type": "Feature", "geometry": {"type": "Polygon", "coordinates": [[[94.40370776217613, 23.34112886219311], [94.40370206538348, 23.34058704223252], [94.40311528796256, 23.340592301374038], [94.4030982057491, 23.338966840850887], [94.40544528585411, 23.33894579273652], [94.40546810055056, 23.341113071175467], [94.40370776217613, 23.34112886219311]]]}, "properties": {"id": 214, "label": "temporary radar change (return toward T1)", "class_id": 2, "direction": "increase", "area_ha": 5.401570745522273, "pixel_count": 15, "mean_change_db": 4.887487888336182, "max_change_db": 5.631516456604004, "mean_signed_db": 4.887487888336182, "first_observed": "2024-11-20T11:46:56.693237Z", "observation_interval": ["2024-04-18T11:46:55.497558Z", "2024-11-20T11:46:56.693237Z"], "persists_into_T3": false, "mean_power_by_date": [0.06386719644069672, 0.19316111505031586, 0.07678652554750443], "interpretation": "Unvalidated radar-change candidate; terrain, registration and moisture may explain the signal.", "mean_slope_deg": 0.9, "max_slope_deg": 3.44, "mean_elevation_m": 128.7, "terrain_risk_pct": 0.0, "terrain_tier": "Low Risk (Flat Lowland)", "priority_score": 11.36, "temporal_class": "seasonal_transient", "t4_status": "pending", "t4_mean_power": null, "t4_mean_signed_db": null, "t4_observation": null}}, {"type": "Feature", "geometry": {"type": "Polygon", "coordinates": [[[94.39767036447692, 23.65925562472094], [94.39764157118302, 23.65654662805722], [94.39999428775783, 23.656525393522376], [94.4000115922764, 23.658150790005063], [94.39942340612622, 23.658156102393253], [94.39943493848884, 23.659239700124807], [94.39767036447692, 23.65925562472094]]]}, "properties": {"id": 97, "label": "temporary radar change (return toward T1)", "class_id": 2, "direction": "increase", "area_ha": 6.48192621856709, "pixel_count": 18, "mean_change_db": 4.062971591949463, "max_change_db": 4.7060041427612305, "mean_signed_db": 4.062971591949463, "first_observed": "2024-11-20T11:46:56.693237Z", "observation_interval": ["2024-04-18T11:46:55.497558Z", "2024-11-20T11:46:56.693237Z"], "persists_into_T3": false, "mean_power_by_date": [0.06571337580680847, 0.16698215901851654, 0.07558118551969528], "interpretation": "Unvalidated radar-change candidate; terrain, registration and moisture may explain the signal.", "mean_slope_deg": 0.6, "max_slope_deg": 2.24, "mean_elevation_m": 118.2, "terrain_risk_pct": 0.0, "terrain_tier": "Low Risk (Flat Lowland)", "priority_score": 10.34, "temporal_class": "seasonal_transient", "t4_status": "pending", "t4_mean_power": null, "t4_mean_signed_db": null, "t4_observation": null}}, {"type": "Feature", "geometry": {"type": "Polygon", "coordinates": [[[94.02088041676409, 23.084507226811272], [94.02085995574073, 23.081797653356222], [94.0237886118158, 23.081778697245845], [94.02380092326223, 23.083404439946257], [94.02262944712231, 23.083412029499378], [94.0226376459849, 23.084495858173707], [94.02088041676409, 23.084507226811272]]]}, "properties": {"id": 351, "label": "temporary radar change (return toward T1)", "class_id": 2, "direction": "increase", "area_ha": 7.56400190124875, "pixel_count": 21, "mean_change_db": 3.4784233570098877, "max_change_db": 3.7914786338806152, "mean_signed_db": 3.4784233570098877, "first_observed": "2024-11-20T11:46:56.693237Z", "observation_interval": ["2024-04-18T11:46:55.497558Z", "2024-11-20T11:46:56.693237Z"], "persists_into_T3": false, "mean_power_by_date": [0.09543100744485855, 0.21294957399368286, 0.10271114110946655], "interpretation": "Unvalidated radar-change candidate; terrain, registration and moisture may explain the signal.", "mean_slope_deg": 0.3, "max_slope_deg": 0.65, "mean_elevation_m": 119.6, "terrain_risk_pct": 0.0, "terrain_tier": "Low Risk (Flat Lowland)", "priority_score": 9.57, "temporal_class": "seasonal_transient", "t4_status": "pending", "t4_mean_power": null, "t4_mean_signed_db": null, "t4_observation": null}}, {"type": "Feature", "geometry": {"type": "Polygon", "coordinates": [[[94.05199068363261, 22.713609547667467], [94.05197825880009, 22.711983743934617], [94.05314653901725, 22.711976055282506], [94.05314239306168, 22.71143412083354], [94.0554789427852, 22.711418718345413], [94.05549140861454, 22.71304452035704], [94.05490726447752, 22.713048374483932], [94.05491141770844, 22.71359030851496], [94.05199068363261, 22.713609547667467]]]}, "properties": {"id": 495, "label": "temporary radar change (return toward T1)", "class_id": 2, "direction": "increase", "area_ha": 7.563861626962386, "pixel_count": 21, "mean_change_db": 3.4701619148254395, "max_change_db": 4.515968322753906, "mean_signed_db": 3.4701619148254395, "first_observed": "2024-11-20T11:46:56.693237Z", "observation_interval": ["2024-04-18T11:46:55.497558Z", "2024-11-20T11:46:56.693237Z"], "persists_into_T3": false, "mean_power_by_date": [0.06294864416122437, 0.14051449298858643, 0.08132396638393402], "interpretation": "Unvalidated radar-change candidate; terrain, registration and moisture may explain the signal.", "mean_slope_deg": 0.62, "max_slope_deg": 1.09, "mean_elevation_m": 157.8, "terrain_risk_pct": 0.0, "terrain_tier": "Low Risk (Flat Lowland)", "priority_score": 9.54, "temporal_class": "seasonal_transient", "t4_status": "pending", "t4_mean_power": null, "t4_mean_signed_db": null, "t4_observation": null}}, {"type": "Feature", "geometry": {"type": "Polygon", "coordinates": [[[94.03777582386465, 23.451281578862115], [94.03776312181134, 23.449655919466913], [94.03835046012118, 23.449652012174045], [94.03834622396202, 23.44911012573316], [94.03893355974982, 23.449106216331298], [94.03892932132253, 23.44856432995299], [94.04069132073857, 23.448552588791344], [94.04070830395145, 23.450720132862156], [94.03953361864004, 23.450727963321526], [94.03953785997064, 23.451269849445502], [94.03777582386465, 23.451281578862115]]]}, "properties": {"id": 127, "label": "temporary radar change (return toward T1)", "class_id": 2, "direction": "increase", "area_ha": 7.203757104757987, "pixel_count": 20, "mean_change_db": 3.6421005725860596, "max_change_db": 4.265413761138916, "mean_signed_db": 3.6421005725860596, "first_observed": "2024-11-20T11:46:56.693237Z", "observation_interval": ["2024-04-18T11:46:55.497558Z", "2024-11-20T11:46:56.693237Z"], "persists_into_T3": false, "mean_power_by_date": [0.10480739921331406, 0.24265246093273163, 0.11635631322860718], "interpretation": "Unvalidated radar-change candidate; terrain, registration and moisture may explain the signal.", "mean_slope_deg": 0.28, "max_slope_deg": 0.7, "mean_elevation_m": 130.6, "terrain_risk_pct": 0.0, "terrain_tier": "Low Risk (Flat Lowland)", "priority_score": 9.78, "temporal_class": "seasonal_transient", "t4_status": "pending", "t4_mean_power": null, "t4_mean_signed_db": null, "t4_observation": null}}, {"type": "Feature", "geometry": {"type": "Polygon", "coordinates": [[[94.03068988976318, 22.75547939419527], [94.03067769152013, 22.753853587933843], [94.03126201352084, 22.753849815909053], [94.03125794538333, 22.75330788051339], [94.03301090373007, 22.753296551916137], [94.03301497877972, 22.753838487012406], [94.03359930028468, 22.75383470643943], [94.03361153309048, 22.75546051120381], [94.03068988976318, 22.75547939419527]]]}, "properties": {"id": 468, "label": "temporary radar change (return toward T1)", "class_id": 2, "direction": "increase", "area_ha": 6.483387351235771, "pixel_count": 18, "mean_change_db": 4.009062767028809, "max_change_db": 4.481492042541504, "mean_signed_db": 4.009062767028809, "first_observed": "2024-11-20T11:46:56.693237Z", "observation_interval": ["2024-04-18T11:46:55.497558Z", "2024-11-20T11:46:56.693237Z"], "persists_into_T3": false, "mean_power_by_date": [0.057050690054893494, 0.14335748553276062, 0.07690613716840744], "interpretation": "Unvalidated radar-change candidate; terrain, registration and moisture may explain the signal.", "mean_slope_deg": 0.82, "max_slope_deg": 1.45, "mean_elevation_m": 177.0, "terrain_risk_pct": 0.0, "terrain_tier": "Low Risk (Flat Lowland)", "priority_score": 10.21, "temporal_class": "seasonal_transient", "t4_status": "pending", "t4_mean_power": null, "t4_mean_signed_db": null, "t4_observation": null}}, {"type": "Feature", "geometry": {"type": "Polygon", "coordinates": [[[94.4352691939579, 23.54674924758336], [94.43525154741639, 23.545123852668084], [94.43583922050429, 23.545118428794844], [94.43583333626914, 23.544576630551084], [94.4375963472581, 23.54456034603785], [94.43760223871223, 23.54510214386262], [94.43818991109603, 23.545096711114393], [94.43820759373465, 23.546722103934695], [94.4352691939579, 23.54674924758336]]]}, "properties": {"id": 5, "label": "persistent radar change", "class_id": 1, "direction": "decrease", "area_ha": 6.481741381691909, "pixel_count": 18, "mean_change_db": 4.002419471740723, "max_change_db": 4.720981597900391, "mean_signed_db": -4.002419471740723, "first_observed": "2024-11-20T11:46:56.693237Z", "observation_interval": ["2024-04-18T11:46:55.497558Z", "2024-11-20T11:46:56.693237Z"], "persists_into_T3": true, "mean_power_by_date": [0.09862325340509415, 0.0394648052752018, 0.03307855874300003], "interpretation": "Unvalidated radar-change candidate; terrain, registration and moisture may explain the signal.", "mean_slope_deg": 0.28, "max_slope_deg": 0.47, "mean_elevation_m": 106.9, "terrain_risk_pct": 0.0, "terrain_tier": "Low Risk (Flat Lowland)", "priority_score": 10.19, "temporal_class": "persistent", "t4_status": "pending", "t4_mean_power": null, "t4_mean_signed_db": null, "t4_observation": null}}, {"type": "Feature", "geometry": {"type": "Polygon", "coordinates": [[[94.01292486205726, 22.881869639082407], [94.01291279989675, 22.8802438495537], [94.01349766459678, 22.880240123088647], [94.01349364180018, 22.879698193268634], [94.0158330900967, 22.87968326629846], [94.01584921914514, 22.881850983781824], [94.01292486205726, 22.881869639082407]]]}, "properties": {"id": 31, "label": "persistent radar change", "class_id": 1, "direction": "increase", "area_ha": 6.843643725412456, "pixel_count": 19, "mean_change_db": 3.774029493331909, "max_change_db": 4.534982681274414, "mean_signed_db": 3.774029493331909, "first_observed": "2024-11-20T11:46:56.693237Z", "observation_interval": ["2024-04-18T11:46:55.497558Z", "2024-11-20T11:46:56.693237Z"], "persists_into_T3": true, "mean_power_by_date": [0.07781246304512024, 0.18507489562034607, 0.18651409447193146], "interpretation": "Unvalidated radar-change candidate; terrain, registration and moisture may explain the signal.", "mean_slope_deg": 0.48, "max_slope_deg": 0.65, "mean_elevation_m": 154.5, "terrain_risk_pct": 0.0, "terrain_tier": "Low Risk (Flat Lowland)", "priority_score": 9.87, "temporal_class": "persistent", "t4_status": "pending", "t4_mean_power": null, "t4_mean_signed_db": null, "t4_observation": null}}, {"type": "Feature", "geometry": {"type": "Polygon", "coordinates": [[[94.10563464780644, 23.062259370278543], [94.10561251212548, 23.059549863944312], [94.10736936868426, 23.05953756518984], [94.10737823661735, 23.060621367194063], [94.10854948302799, 23.060613156751085], [94.10856279999585, 23.062238858828707], [94.10563464780644, 23.062259370278543]]]}, "properties": {"id": 363, "label": "temporary radar change (return toward T1)", "class_id": 2, "direction": "increase", "area_ha": 7.5636471845876425, "pixel_count": 21, "mean_change_db": 3.4136500358581543, "max_change_db": 3.866637706756592, "mean_signed_db": 3.4136500358581543, "first_observed": "2024-11-20T11:46:56.693237Z", "observation_interval": ["2024-04-18T11:46:55.497558Z", "2024-11-20T11:46:56.693237Z"], "persists_into_T3": false, "mean_power_by_date": [0.10568209737539291, 0.2322763204574585, 0.12491989135742188], "interpretation": "Unvalidated radar-change candidate; terrain, registration and moisture may explain the signal.", "mean_slope_deg": 0.31, "max_slope_deg": 0.78, "mean_elevation_m": 117.6, "terrain_risk_pct": 0.0, "terrain_tier": "Low Risk (Flat Lowland)", "priority_score": 9.39, "temporal_class": "seasonal_transient", "t4_status": "pending", "t4_mean_power": null, "t4_mean_signed_db": null, "t4_observation": null}}, {"type": "Feature", "geometry": {"type": "Polygon", "coordinates": [[[94.00333219845542, 23.08787134277997], [94.00332817568855, 23.087329425449035], [94.00274241695487, 23.08733314598825], [94.00273035642569, 23.085707393476813], [94.003316108117, 23.085703673229226], [94.00331208583617, 23.085161755746956], [94.0050693331389, 23.085150582265452], [94.00508948096989, 23.087860167838606], [94.00333219845542, 23.08787134277997]]]}, "properties": {"id": 349, "label": "temporary radar change (return toward T1)", "class_id": 2, "direction": "increase", "area_ha": 6.48349294483466, "pixel_count": 18, "mean_change_db": 3.9503767490386963, "max_change_db": 4.682234764099121, "mean_signed_db": 3.9503767490386963, "first_observed": "2024-11-20T11:46:56.693237Z", "observation_interval": ["2024-04-18T11:46:55.497558Z", "2024-11-20T11:46:56.693237Z"], "persists_into_T3": false, "mean_power_by_date": [0.07424955070018768, 0.18499568104743958, 0.09496868401765823], "interpretation": "Unvalidated radar-change candidate; terrain, registration and moisture may explain the signal.", "mean_slope_deg": 0.84, "max_slope_deg": 1.3, "mean_elevation_m": 125.8, "terrain_risk_pct": 0.0, "terrain_tier": "Low Risk (Flat Lowland)", "priority_score": 10.06, "temporal_class": "seasonal_transient", "t4_status": "pending", "t4_mean_power": null, "t4_mean_signed_db": null, "t4_observation": null}}, {"type": "Feature", "geometry": {"type": "Polygon", "coordinates": [[[94.43734411231078, 23.41289151725246], [94.43732069995893, 23.410724288747044], [94.4396690087609, 23.410702665412344], [94.43969245933191, 23.412869891682497], [94.43734411231078, 23.41289151725246]]]}, "properties": {"id": 146, "label": "temporary radar change (return toward T1)", "class_id": 2, "direction": "increase", "area_ha": 5.761534029892646, "pixel_count": 16, "mean_change_db": 4.434124946594238, "max_change_db": 5.361152172088623, "mean_signed_db": 4.434124946594238, "first_observed": "2024-11-20T11:46:56.693237Z", "observation_interval": ["2024-04-18T11:46:55.497558Z", "2024-11-20T11:46:56.693237Z"], "persists_into_T3": false, "mean_power_by_date": [0.06724605709314346, 0.18503421545028687, 0.08463446795940399], "interpretation": "Unvalidated radar-change candidate; terrain, registration and moisture may explain the signal.", "mean_slope_deg": 1.31, "max_slope_deg": 2.73, "mean_elevation_m": 150.2, "terrain_risk_pct": 0.0, "terrain_tier": "Low Risk (Flat Lowland)", "priority_score": 10.64, "temporal_class": "seasonal_transient", "t4_status": "pending", "t4_mean_power": null, "t4_mean_signed_db": null, "t4_observation": null}}, {"type": "Feature", "geometry": {"type": "Polygon", "coordinates": [[[94.12229961245443, 22.739145300752757], [94.12228634074452, 22.737519540252357], [94.12287057566527, 22.737515435881843], [94.12286614972975, 22.736973515748467], [94.1252030788577, 22.736957077350006], [94.1252163846893, 22.73858283633339], [94.12404790658485, 22.738591060455096], [94.12405233752844, 22.739132980258578], [94.12229961245443, 22.739145300752757]]]}, "properties": {"id": 68, "label": "persistent radar change", "class_id": 1, "direction": "increase", "area_ha": 6.122883724165219, "pixel_count": 17, "mean_change_db": 4.160789966583252, "max_change_db": 4.643498420715332, "mean_signed_db": 4.160789966583252, "first_observed": "2024-11-20T11:46:56.693237Z", "observation_interval": ["2024-04-18T11:46:55.497558Z", "2024-11-20T11:46:56.693237Z"], "persists_into_T3": true, "mean_power_by_date": [0.07156921178102493, 0.1863606870174408, 0.16147911548614502], "interpretation": "Unvalidated radar-change candidate; terrain, registration and moisture may explain the signal.", "mean_slope_deg": 1.11, "max_slope_deg": 2.38, "mean_elevation_m": 152.1, "terrain_risk_pct": 0.0, "terrain_tier": "Low Risk (Flat Lowland)", "priority_score": 10.3, "temporal_class": "persistent", "t4_status": "pending", "t4_mean_power": null, "t4_mean_signed_db": null, "t4_observation": null}}, {"type": "Feature", "geometry": {"type": "Polygon", "coordinates": [[[94.38951800600599, 23.387314527859463], [94.3895123543006, 23.38677270780729], [94.38892537010895, 23.386777923476846], [94.38890842316654, 23.38515246268273], [94.39125633028985, 23.385131588410797], [94.39126198864282, 23.385673408174398], [94.39184896738485, 23.385668183966118], [94.39186595061894, 23.387293642618626], [94.38951800600599, 23.387314527859463]]]}, "properties": {"id": 170, "label": "temporary radar change (return toward T1)", "class_id": 2, "direction": "increase", "area_ha": 6.481952177895489, "pixel_count": 18, "mean_change_db": 3.9082422256469727, "max_change_db": 4.626129150390625, "mean_signed_db": 3.9082422256469727, "first_observed": "2024-11-20T11:46:56.693237Z", "observation_interval": ["2024-04-18T11:46:55.497558Z", "2024-11-20T11:46:56.693237Z"], "persists_into_T3": false, "mean_power_by_date": [0.07732430100440979, 0.1907169222831726, 0.09524046629667282], "interpretation": "Unvalidated radar-change candidate; terrain, registration and moisture may explain the signal.", "mean_slope_deg": 3.41, "max_slope_deg": 11.44, "mean_elevation_m": 121.4, "terrain_risk_pct": 0.0, "terrain_tier": "Low Risk (Flat Lowland)", "priority_score": 9.95, "temporal_class": "seasonal_transient", "t4_status": "pending", "t4_mean_power": null, "t4_mean_signed_db": null, "t4_observation": null}}, {"type": "Feature", "geometry": {"type": "Polygon", "coordinates": [[[94.42921219520845, 23.42109405951635], [94.42918890615454, 23.41892682555201], [94.42977602190578, 23.418921451807428], [94.429770197689, 23.41837964335784], [94.43153153672598, 23.418363509308037], [94.43155486331767, 23.420530741205358], [94.4309677409211, 23.420536121983417], [94.43097357061616, 23.42107792999941], [94.42921219520845, 23.42109405951635]]]}, "properties": {"id": 141, "label": "temporary radar change (return toward T1)", "class_id": 2, "direction": "increase", "area_ha": 6.481765224566194, "pixel_count": 18, "mean_change_db": 3.889249563217163, "max_change_db": 4.469015598297119, "mean_signed_db": 3.889249563217163, "first_observed": "2024-11-20T11:46:56.693237Z", "observation_interval": ["2024-04-18T11:46:55.497558Z", "2024-11-20T11:46:56.693237Z"], "persists_into_T3": false, "mean_power_by_date": [0.06768693029880524, 0.1642555594444275, 0.08012179285287857], "interpretation": "Unvalidated radar-change candidate; terrain, registration and moisture may explain the signal.", "mean_slope_deg": 4.64, "max_slope_deg": 12.7, "mean_elevation_m": 145.4, "terrain_risk_pct": 0.0, "terrain_tier": "Low Risk (Flat Lowland)", "priority_score": 9.9, "temporal_class": "seasonal_transient", "t4_status": "pending", "t4_mean_power": null, "t4_mean_signed_db": null, "t4_observation": null}}, {"type": "Feature", "geometry": {"type": "Polygon", "coordinates": [[[94.41307205765901, 23.39414767620729], [94.41306630828937, 23.393605862103012], [94.41189229137473, 23.39361647098168], [94.41187505861829, 23.391991027612658], [94.41481006381704, 23.391964490953047], [94.41483308889674, 23.394131745955768], [94.41307205765901, 23.39414767620729]]]}, "properties": {"id": 161, "label": "temporary radar change (return toward T1)", "class_id": 2, "direction": "increase", "area_ha": 6.481844561482197, "pixel_count": 18, "mean_change_db": 3.883481740951538, "max_change_db": 4.783637523651123, "mean_signed_db": 3.883481740951538, "first_observed": "2024-11-20T11:46:56.693237Z", "observation_interval": ["2024-04-18T11:46:55.497558Z", "2024-11-20T11:46:56.693237Z"], "persists_into_T3": false, "mean_power_by_date": [0.07069418579339981, 0.1722525805234909, 0.08360586315393448], "interpretation": "Unvalidated radar-change candidate; terrain, registration and moisture may explain the signal.", "mean_slope_deg": 2.14, "max_slope_deg": 4.26, "mean_elevation_m": 130.7, "terrain_risk_pct": 0.0, "terrain_tier": "Low Risk (Flat Lowland)", "priority_score": 9.89, "temporal_class": "seasonal_transient", "t4_status": "pending", "t4_mean_power": null, "t4_mean_signed_db": null, "t4_observation": null}}, {"type": "Feature", "geometry": {"type": "Polygon", "coordinates": [[[94.0852504176663, 22.782757594914262], [94.08523755663954, 22.781131822933908], [94.08582198441205, 22.78112784681856], [94.08581769535652, 22.78058592285499], [94.08640212069115, 22.780581944704927], [94.08639782945876, 22.780040020808848], [94.08815109775705, 22.780028073835947], [94.08816399261254, 22.781653844465204], [94.08757956305487, 22.78165782924476], [94.087583859294, 22.782199752817938], [94.08699942729811, 22.78220373556284], [94.08700372136032, 22.782745659203616], [94.0852504176663, 22.782757594914262]]]}, "properties": {"id": 56, "label": "persistent radar change", "class_id": 1, "direction": "increase", "area_ha": 6.843370253929729, "pixel_count": 19, "mean_change_db": 3.6751773357391357, "max_change_db": 4.515858173370361, "mean_signed_db": 3.6751773357391357, "first_observed": "2024-11-20T11:46:56.693237Z", "observation_interval": ["2024-04-18T11:46:55.497558Z", "2024-11-20T11:46:56.693237Z"], "persists_into_T3": true, "mean_power_by_date": [0.07389193028211594, 0.17210373282432556, 0.1646595001220703], "interpretation": "Unvalidated radar-change candidate; terrain, registration and moisture may explain the signal.", "mean_slope_deg": 0.13, "max_slope_deg": 0.26, "mean_elevation_m": 140.6, "terrain_risk_pct": 0.0, "terrain_tier": "Low Risk (Flat Lowland)", "priority_score": 9.61, "temporal_class": "persistent", "t4_status": "pending", "t4_mean_power": null, "t4_mean_signed_db": null, "t4_observation": null}}, {"type": "Feature", "geometry": {"type": "Polygon", "coordinates": [[[94.03829844518398, 22.757055989305805], [94.03828615595594, 22.755430187282602], [94.03887048325377, 22.755426387175046], [94.03886228645013, 22.75434251917315], [94.04119957595967, 22.754327298175532], [94.0412160069341, 22.75649503242044], [94.04004734399508, 22.756502647998385], [94.04005144744244, 22.757044581667213], [94.03829844518398, 22.757055989305805]]]}, "properties": {"id": 467, "label": "temporary radar change (return toward T1)", "class_id": 2, "direction": "increase", "area_ha": 7.563920920721907, "pixel_count": 21, "mean_change_db": 3.3066163063049316, "max_change_db": 3.69376277923584, "mean_signed_db": 3.3066163063049316, "first_observed": "2024-11-20T11:46:56.693237Z", "observation_interval": ["2024-04-18T11:46:55.497558Z", "2024-11-20T11:46:56.693237Z"], "persists_into_T3": false, "mean_power_by_date": [0.06588107347488403, 0.14100119471549988, 0.08963998407125473], "interpretation": "Unvalidated radar-change candidate; terrain, registration and moisture may explain the signal.", "mean_slope_deg": 0.9, "max_slope_deg": 1.53, "mean_elevation_m": 168.2, "terrain_risk_pct": 0.0, "terrain_tier": "Low Risk (Flat Lowland)", "priority_score": 9.09, "temporal_class": "seasonal_transient", "t4_status": "pending", "t4_mean_power": null, "t4_mean_signed_db": null, "t4_observation": null}}, {"type": "Feature", "geometry": {"type": "Polygon", "coordinates": [[[93.97219667648744, 23.156892998915843], [93.97218103336995, 23.154725327913404], [93.97393920320333, 23.154714470046674], [93.97394312087532, 23.15525638757105], [93.97511523821991, 23.155249137908783], [93.97512700608466, 23.15687488968763], [93.97219667648744, 23.156892998915843]]]}, "properties": {"id": 309, "label": "temporary radar change (return toward T1)", "class_id": 2, "direction": "increase", "area_ha": 6.483595217657159, "pixel_count": 18, "mean_change_db": 3.8324334621429443, "max_change_db": 4.591803073883057, "mean_signed_db": 3.8324334621429443, "first_observed": "2024-11-20T11:46:56.693237Z", "observation_interval": ["2024-04-18T11:46:55.497558Z", "2024-11-20T11:46:56.693237Z"], "persists_into_T3": false, "mean_power_by_date": [0.0777106061577797, 0.18754294514656067, 0.10207706689834595], "interpretation": "Unvalidated radar-change candidate; terrain, registration and moisture may explain the signal.", "mean_slope_deg": 1.28, "max_slope_deg": 2.22, "mean_elevation_m": 181.1, "terrain_risk_pct": 0.0, "terrain_tier": "Low Risk (Flat Lowland)", "priority_score": 9.76, "temporal_class": "seasonal_transient", "t4_status": "pending", "t4_mean_power": null, "t4_mean_signed_db": null, "t4_observation": null}}, {"type": "Feature", "geometry": {"type": "Polygon", "coordinates": [[[94.09669029324506, 23.40156488226084], [94.09667690204408, 23.39993924381044], [94.09726400953178, 23.39993512302499], [94.09725954367752, 23.399393243571353], [94.09902085817158, 23.399380868307805], [94.09903875105378, 23.401548384612276], [94.09669029324506, 23.40156488226084]]]}, "properties": {"id": 15, "label": "persistent radar change", "class_id": 1, "direction": "increase", "area_ha": 5.4026420823456025, "pixel_count": 15, "mean_change_db": 4.598388671875, "max_change_db": 5.855011940002441, "mean_signed_db": 4.598388671875, "first_observed": "2024-11-20T11:46:56.693237Z", "observation_interval": ["2024-04-18T11:46:55.497558Z", "2024-11-20T11:46:56.693237Z"], "persists_into_T3": true, "mean_power_by_date": [0.0709887221455574, 0.2056170105934143, 0.1672113835811615], "interpretation": "Unvalidated radar-change candidate; terrain, registration and moisture may explain the signal.", "mean_slope_deg": 0.83, "max_slope_deg": 1.13, "mean_elevation_m": 132.4, "terrain_risk_pct": 0.0, "terrain_tier": "Low Risk (Flat Lowland)", "priority_score": 10.69, "temporal_class": "persistent", "t4_status": "pending", "t4_mean_power": null, "t4_mean_signed_db": null, "t4_observation": null}}, {"type": "Feature", "geometry": {"type": "Polygon", "coordinates": [[[94.3923310060052, 23.093048999455835], [94.3923142558362, 23.09142348029998], [94.39289994861917, 23.091418314108648], [94.39288319292767, 23.089792795011647], [94.39464024914446, 23.08977728462571], [94.39467380428711, 23.09302832004264], [94.3923310060052, 23.093048999455835]]]}, "properties": {"id": 344, "label": "temporary radar change (return toward T1)", "class_id": 2, "direction": "increase", "area_ha": 7.562244164860994, "pixel_count": 21, "mean_change_db": 3.2749814987182617, "max_change_db": 3.5373878479003906, "mean_signed_db": 3.2749814987182617, "first_observed": "2024-11-20T11:46:56.693237Z", "observation_interval": ["2024-04-18T11:46:55.497558Z", "2024-11-20T11:46:56.693237Z"], "persists_into_T3": false, "mean_power_by_date": [0.08904067426919937, 0.189146488904953, 0.10628926008939743], "interpretation": "Unvalidated radar-change candidate; terrain, registration and moisture may explain the signal.", "mean_slope_deg": 1.12, "max_slope_deg": 3.15, "mean_elevation_m": 104.6, "terrain_risk_pct": 0.0, "terrain_tier": "Low Risk (Flat Lowland)", "priority_score": 9.01, "temporal_class": "seasonal_transient", "t4_status": "pending", "t4_mean_power": null, "t4_mean_signed_db": null, "t4_observation": null}}, {"type": "Feature", "geometry": {"type": "Polygon", "coordinates": [[[94.08322630573267, 23.406535994370458], [94.08321307576934, 23.40491034965082], [94.08614873468409, 23.404889972460555], [94.0861620004853, 23.40651561559984], [94.08322630573267, 23.406535994370458]]]}, "properties": {"id": 154, "label": "temporary radar change (return toward T1)", "class_id": 2, "direction": "increase", "area_ha": 5.402682279094309, "pixel_count": 15, "mean_change_db": 4.579644203186035, "max_change_db": 5.3475141525268555, "mean_signed_db": 4.579644203186035, "first_observed": "2024-11-20T11:46:56.693237Z", "observation_interval": ["2024-04-18T11:46:55.497558Z", "2024-11-20T11:46:56.693237Z"], "persists_into_T3": false, "mean_power_by_date": [0.0728016272187233, 0.20947417616844177, 0.08959542959928513], "interpretation": "Unvalidated radar-change candidate; terrain, registration and moisture may explain the signal.", "mean_slope_deg": 0.34, "max_slope_deg": 1.12, "mean_elevation_m": 125.5, "terrain_risk_pct": 0.0, "terrain_tier": "Low Risk (Flat Lowland)", "priority_score": 10.64, "temporal_class": "seasonal_transient", "t4_status": "pending", "t4_mean_power": null, "t4_mean_signed_db": null, "t4_observation": null}}, {"type": "Feature", "geometry": {"type": "Polygon", "coordinates": [[[94.0308847350526, 22.936491317768844], [94.03086422123613, 22.933781702206492], [94.03320458479844, 22.9337664858635], [94.03322103284408, 22.935934176790067], [94.03263593283, 22.935937984509554], [94.03264004282528, 22.936479907247], [94.0308847350526, 22.936491317768844]]]}, "properties": {"id": 402, "label": "temporary radar change (return toward T1)", "class_id": 2, "direction": "increase", "area_ha": 6.843580856022192, "pixel_count": 19, "mean_change_db": 3.612452507019043, "max_change_db": 4.349260330200195, "mean_signed_db": 3.612452507019043, "first_observed": "2024-11-20T11:46:56.693237Z", "observation_interval": ["2024-04-18T11:46:55.497558Z", "2024-11-20T11:46:56.693237Z"], "persists_into_T3": false, "mean_power_by_date": [0.08091779053211212, 0.18701109290122986, 0.10241235792636871], "interpretation": "Unvalidated radar-change candidate; terrain, registration and moisture may explain the signal.", "mean_slope_deg": 0.89, "max_slope_deg": 1.69, "mean_elevation_m": 141.5, "terrain_risk_pct": 0.0, "terrain_tier": "Low Risk (Flat Lowland)", "priority_score": 9.45, "temporal_class": "seasonal_transient", "t4_status": "pending", "t4_mean_power": null, "t4_mean_signed_db": null, "t4_observation": null}}, {"type": "Feature", "geometry": {"type": "Polygon", "coordinates": [[[94.07802353498748, 23.05161139679736], [94.07801059149746, 23.049985675919388], [94.07859617452056, 23.0499816823192], [94.07859185794231, 23.049439775388578], [94.0803485992011, 23.04942778189465], [94.08036589440725, 23.05159540813472], [94.07802353498748, 23.05161139679736]]]}, "properties": {"id": 21, "label": "persistent radar change", "class_id": 1, "direction": "increase", "area_ha": 5.402690162067115, "pixel_count": 15, "mean_change_db": 4.552949905395508, "max_change_db": 5.317047119140625, "mean_signed_db": 4.552949905395508, "first_observed": "2024-11-20T11:46:56.693237Z", "observation_interval": ["2024-04-18T11:46:55.497558Z", "2024-11-20T11:46:56.693237Z"], "persists_into_T3": true, "mean_power_by_date": [0.03061560168862343, 0.08883408457040787, 0.08600020408630371], "interpretation": "Unvalidated radar-change candidate; terrain, registration and moisture may explain the signal.", "mean_slope_deg": 1.64, "max_slope_deg": 2.89, "mean_elevation_m": 113.6, "terrain_risk_pct": 0.0, "terrain_tier": "Low Risk (Flat Lowland)", "priority_score": 10.58, "temporal_class": "persistent", "t4_status": "pending", "t4_mean_power": null, "t4_mean_signed_db": null, "t4_observation": null}}, {"type": "Feature", "geometry": {"type": "Polygon", "coordinates": [[[94.01432462850984, 22.755042213393697], [94.01431262418657, 22.753416398714837], [94.01548127033598, 22.753408972400667], [94.01547726453043, 22.752867034295807], [94.01723022592769, 22.75285587909157], [94.0172462775312, 22.755023630107154], [94.01432462850984, 22.755042213393697]]]}, "properties": {"id": 469, "label": "temporary radar change (return toward T1)", "class_id": 2, "direction": "increase", "area_ha": 6.4834437868172765, "pixel_count": 18, "mean_change_db": 3.7824244499206543, "max_change_db": 4.052709579467773, "mean_signed_db": 3.7824244499206543, "first_observed": "2024-11-20T11:46:56.693237Z", "observation_interval": ["2024-04-18T11:46:55.497558Z", "2024-11-20T11:46:56.693237Z"], "persists_into_T3": false, "mean_power_by_date": [0.06707972288131714, 0.1599424034357071, 0.09079264104366302], "interpretation": "Unvalidated radar-change candidate; terrain, registration and moisture may explain the signal.", "mean_slope_deg": 0.84, "max_slope_deg": 1.33, "mean_elevation_m": 190.3, "terrain_risk_pct": 0.0, "terrain_tier": "Low Risk (Flat Lowland)", "priority_score": 9.63, "temporal_class": "seasonal_transient", "t4_status": "pending", "t4_mean_power": null, "t4_mean_signed_db": null, "t4_observation": null}}, {"type": "Feature", "geometry": {"type": "Polygon", "coordinates": [[[94.06716936046816, 22.937335390232622], [94.06716511288211, 22.936793473567715], [94.06658001555886, 22.93679740654138], [94.06657577042924, 22.936255489735448], [94.06599067530502, 22.93625942044983], [94.06597794767083, 22.934633669496005], [94.06773321170952, 22.934621871814457], [94.06773746110808, 22.935163788526932], [94.0689076411449, 22.935155912419933], [94.0689246586484, 22.93732357806513], [94.06716936046816, 22.937335390232622]]]}, "properties": {"id": 524, "label": "late radar change (persistence unknown)", "class_id": 3, "direction": "increase", "area_ha": 7.203630259490409, "pixel_count": 20, "mean_change_db": 3.4009056091308594, "max_change_db": 3.7750234603881836, "mean_signed_db": 3.4009056091308594, "first_observed": "2025-01-07T11:46:53.116821Z", "observation_interval": ["2024-11-20T11:46:56.693237Z", "2025-01-07T11:46:53.116821Z"], "persists_into_T3": null, "mean_power_by_date": [0.07568646967411041, 0.07598647475242615, 0.16611944139003754], "interpretation": "Unvalidated radar-change candidate; terrain, registration and moisture may explain the signal.", "mean_slope_deg": 0.15, "max_slope_deg": 0.87, "mean_elevation_m": 128.7, "terrain_risk_pct": 0.0, "terrain_tier": "Low Risk (Flat Lowland)", "priority_score": 9.13, "temporal_class": "late_unclassified", "t4_status": "pending", "t4_mean_power": null, "t4_mean_signed_db": null, "t4_observation": null}}, {"type": "Feature", "geometry": {"type": "Polygon", "coordinates": [[[94.02040567063733, 22.94360439268327], [94.02040160792484, 22.943062468348508], [94.01923134179114, 22.943069989331498], [94.0192191683638, 22.941444215508763], [94.02155967219583, 22.941429166101038], [94.02156373919598, 22.941971090351114], [94.02273399502972, 22.94196355250942], [94.02274621074152, 22.943589324439806], [94.02040567063733, 22.94360439268327]]]}, "properties": {"id": 398, "label": "temporary radar change (return toward T1)", "class_id": 2, "direction": "increase", "area_ha": 7.2038121659566645, "pixel_count": 20, "mean_change_db": 3.3948841094970703, "max_change_db": 3.6880860328674316, "mean_signed_db": 3.3948841094970703, "first_observed": "2024-11-20T11:46:56.693237Z", "observation_interval": ["2024-04-18T11:46:55.497558Z", "2024-11-20T11:46:56.693237Z"], "persists_into_T3": false, "mean_power_by_date": [0.06616373360157013, 0.14450684189796448, 0.07662764191627502], "interpretation": "Unvalidated radar-change candidate; terrain, registration and moisture may explain the signal.", "mean_slope_deg": 0.93, "max_slope_deg": 2.03, "mean_elevation_m": 148.1, "terrain_risk_pct": 0.0, "terrain_tier": "Low Risk (Flat Lowland)", "priority_score": 9.11, "temporal_class": "seasonal_transient", "t4_status": "pending", "t4_mean_power": null, "t4_mean_signed_db": null, "t4_observation": null}}, {"type": "Feature", "geometry": {"type": "Polygon", "coordinates": [[[94.07455049110537, 23.422853275264053], [94.07452860133108, 23.420143865098762], [94.07687740433353, 23.420127688360594], [94.07689934193397, 23.422837096435934], [94.07455049110537, 23.422853275264053]]]}, "properties": {"id": 142, "label": "temporary radar change (return toward T1)", "class_id": 2, "direction": "increase", "area_ha": 7.203612922589481, "pixel_count": 20, "mean_change_db": 3.3934779167175293, "max_change_db": 4.194307804107666, "mean_signed_db": 3.3934779167175293, "first_observed": "2024-11-20T11:46:56.693237Z", "observation_interval": ["2024-04-18T11:46:55.497558Z", "2024-11-20T11:46:56.693237Z"], "persists_into_T3": false, "mean_power_by_date": [0.1101488322019577, 0.24013523757457733, 0.12308887392282486], "interpretation": "Unvalidated radar-change candidate; terrain, registration and moisture may explain the signal.", "mean_slope_deg": 0.24, "max_slope_deg": 0.81, "mean_elevation_m": 126.5, "terrain_risk_pct": 0.0, "terrain_tier": "Low Risk (Flat Lowland)", "priority_score": 9.11, "temporal_class": "seasonal_transient", "t4_status": "pending", "t4_mean_power": null, "t4_mean_signed_db": null, "t4_observation": null}}, {"type": "Feature", "geometry": {"type": "Polygon", "coordinates": [[[94.4081125518307, 23.36926652052689], [94.40808394167333, 23.366557435202818], [94.40984461219166, 23.36654157875568], [94.40985607003692, 23.36762521218103], [94.41044296463174, 23.367619922024726], [94.41046015983844, 23.369245371460778], [94.4081125518307, 23.36926652052689]]]}, "properties": {"id": 190, "label": "temporary radar change (return toward T1)", "class_id": 2, "direction": "increase", "area_ha": 6.481862683767733, "pixel_count": 18, "mean_change_db": 3.7701644897460938, "max_change_db": 4.383729934692383, "mean_signed_db": 3.7701644897460938, "first_observed": "2024-11-20T11:46:56.693237Z", "observation_interval": ["2024-04-18T11:46:55.497558Z", "2024-11-20T11:46:56.693237Z"], "persists_into_T3": false, "mean_power_by_date": [0.06508012115955353, 0.15433868765830994, 0.07698772102594376], "interpretation": "Unvalidated radar-change candidate; terrain, registration and moisture may explain the signal.", "mean_slope_deg": 3.23, "max_slope_deg": 6.55, "mean_elevation_m": 137.4, "terrain_risk_pct": 0.0, "terrain_tier": "Low Risk (Flat Lowland)", "priority_score": 9.6, "temporal_class": "seasonal_transient", "t4_status": "pending", "t4_mean_power": null, "t4_mean_signed_db": null, "t4_observation": null}}, {"type": "Feature", "geometry": {"type": "Polygon", "coordinates": [[[94.02899105305991, 22.84057791492657], [94.02897474819044, 22.838410195124272], [94.0307287961816, 22.838398851680452], [94.03073287915846, 22.838940781388445], [94.03131756388927, 22.838936995849014], [94.03132982050975, 22.84056278444839], [94.02899105305991, 22.84057791492657]]]}, "properties": {"id": 41, "label": "persistent radar change", "class_id": 1, "direction": "increase", "area_ha": 5.402830445905193, "pixel_count": 15, "mean_change_db": 4.52048921585083, "max_change_db": 5.245021820068359, "mean_signed_db": 4.52048921585083, "first_observed": "2024-11-20T11:46:56.693237Z", "observation_interval": ["2024-04-18T11:46:55.497558Z", "2024-11-20T11:46:56.693237Z"], "persists_into_T3": true, "mean_power_by_date": [0.0686512440443039, 0.19487223029136658, 0.16696478426456451], "interpretation": "Unvalidated radar-change candidate; terrain, registration and moisture may explain the signal.", "mean_slope_deg": 0.16, "max_slope_deg": 0.26, "mean_elevation_m": 148.2, "terrain_risk_pct": 0.0, "terrain_tier": "Low Risk (Flat Lowland)", "priority_score": 10.51, "temporal_class": "persistent", "t4_status": "pending", "t4_mean_power": null, "t4_mean_signed_db": null, "t4_observation": null}}, {"type": "Feature", "geometry": {"type": "Polygon", "coordinates": [[[94.53416594805674, 22.841389038932682], [94.53414163905563, 22.839221748963826], [94.53647991934828, 22.839199201820186], [94.53650426536475, 22.841366489412952], [94.53416594805674, 22.841389038932682]]]}, "properties": {"id": 429, "label": "temporary radar change (return toward T1)", "class_id": 2, "direction": "increase", "area_ha": 5.76107588832071, "pixel_count": 16, "mean_change_db": 4.231243133544922, "max_change_db": 5.40424919128418, "mean_signed_db": 4.231243133544922, "first_observed": "2024-11-20T11:46:56.693237Z", "observation_interval": ["2024-04-18T11:46:55.497558Z", "2024-11-20T11:46:56.693237Z"], "persists_into_T3": false, "mean_power_by_date": [0.07309500873088837, 0.19887571036815643, 0.09383782744407654], "interpretation": "Unvalidated radar-change candidate; terrain, registration and moisture may explain the signal.", "mean_slope_deg": 1.94, "max_slope_deg": 3.52, "mean_elevation_m": 110.0, "terrain_risk_pct": 0.0, "terrain_tier": "Low Risk (Flat Lowland)", "priority_score": 10.16, "temporal_class": "seasonal_transient", "t4_status": "pending", "t4_mean_power": null, "t4_mean_signed_db": null, "t4_observation": null}}, {"type": "Feature", "geometry": {"type": "Polygon", "coordinates": [[[94.00686740926687, 22.774058137378468], [94.0068594577075, 22.772974261042513], [94.00627504987986, 22.77297794671614], [94.00626313036764, 22.771352131639425], [94.00801633272893, 22.77134106907783], [94.00802429278842, 22.77242494524869], [94.00860869794636, 22.772421253255278], [94.00862064586389, 22.774047066938245], [94.00686740926687, 22.774058137378468]]]}, "properties": {"id": 58, "label": "persistent radar change", "class_id": 1, "direction": "increase", "area_ha": 5.763087036771327, "pixel_count": 16, "mean_change_db": 4.229316711425781, "max_change_db": 4.749227523803711, "mean_signed_db": 4.229316711425781, "first_observed": "2024-11-20T11:46:56.693237Z", "observation_interval": ["2024-04-18T11:46:55.497558Z", "2024-11-20T11:46:56.693237Z"], "persists_into_T3": true, "mean_power_by_date": [0.0564032644033432, 0.14917178452014923, 0.1216665506362915], "interpretation": "Unvalidated radar-change candidate; terrain, registration and moisture may explain the signal.", "mean_slope_deg": 1.91, "max_slope_deg": 2.95, "mean_elevation_m": 184.7, "terrain_risk_pct": 0.0, "terrain_tier": "Low Risk (Flat Lowland)", "priority_score": 10.15, "temporal_class": "persistent", "t4_status": "pending", "t4_mean_power": null, "t4_mean_signed_db": null, "t4_observation": null}}, {"type": "Feature", "geometry": {"type": "Polygon", "coordinates": [[[94.35487448856335, 23.386534836228133], [94.35484693712951, 23.383825695884422], [94.35660787540222, 23.38381042784215], [94.35661339251448, 23.384352255593463], [94.35720037399314, 23.38434716171019], [94.35721693347959, 23.3859726443363], [94.35662994484441, 23.385977738614862], [94.3566354626188, 23.386519566211145], [94.35487448856335, 23.386534836228133]]]}, "properties": {"id": 173, "label": "temporary radar change (return toward T1)", "class_id": 2, "direction": "increase", "area_ha": 6.482109828773467, "pixel_count": 18, "mean_change_db": 3.7584431171417236, "max_change_db": 4.50473165512085, "mean_signed_db": 3.7584431171417236, "first_observed": "2024-11-20T11:46:56.693237Z", "observation_interval": ["2024-04-18T11:46:55.497558Z", "2024-11-20T11:46:56.693237Z"], "persists_into_T3": false, "mean_power_by_date": [0.07149679213762283, 0.16891764104366302, 0.08331263065338135], "interpretation": "Unvalidated radar-change candidate; terrain, registration and moisture may explain the signal.", "mean_slope_deg": 0.51, "max_slope_deg": 2.54, "mean_elevation_m": 108.8, "terrain_risk_pct": 0.0, "terrain_tier": "Low Risk (Flat Lowland)", "priority_score": 9.57, "temporal_class": "seasonal_transient", "t4_status": "pending", "t4_mean_power": null, "t4_mean_signed_db": null, "t4_observation": null}}, {"type": "Feature", "geometry": {"type": "Polygon", "coordinates": [[[94.00378117371746, 23.069442412805806], [94.00376509051877, 23.06727473850033], [94.00435076219833, 23.06727101721773], [94.00434673935753, 23.066729098644128], [94.00610374663184, 23.066717922069433], [94.00612389722713, 23.069427513098123], [94.00378117371746, 23.069442412805806]]]}, "properties": {"id": 357, "label": "temporary radar change (return toward T1)", "class_id": 2, "direction": "increase", "area_ha": 6.843682809731644, "pixel_count": 19, "mean_change_db": 3.557154655456543, "max_change_db": 4.073542594909668, "mean_signed_db": 3.557154655456543, "first_observed": "2024-11-20T11:46:56.693237Z", "observation_interval": ["2024-04-18T11:46:55.497558Z", "2024-11-20T11:46:56.693237Z"], "persists_into_T3": false, "mean_power_by_date": [0.09204637259244919, 0.20891039073467255, 0.11280062049627304], "interpretation": "Unvalidated radar-change candidate; terrain, registration and moisture may explain the signal.", "mean_slope_deg": 0.86, "max_slope_deg": 1.4, "mean_elevation_m": 125.9, "terrain_risk_pct": 0.0, "terrain_tier": "Low Risk (Flat Lowland)", "priority_score": 9.31, "temporal_class": "seasonal_transient", "t4_status": "pending", "t4_mean_power": null, "t4_mean_signed_db": null, "t4_observation": null}}, {"type": "Feature", "geometry": {"type": "Polygon", "coordinates": [[[94.01495887287928, 22.997834253972954], [94.01493861571535, 22.995124645846076], [94.0172800469411, 22.995109626493814], [94.01729222889851, 22.996735390302142], [94.01670686426954, 22.996739148679126], [94.01671498151755, 22.997822991226336], [94.01495887287928, 22.997834253972954]]]}, "properties": {"id": 384, "label": "temporary radar change (return toward T1)", "class_id": 2, "direction": "increase", "area_ha": 6.4834489516421225, "pixel_count": 18, "mean_change_db": 3.7503862380981445, "max_change_db": 5.139991760253906, "mean_signed_db": 3.7503862380981445, "first_observed": "2024-11-20T11:46:56.693237Z", "observation_interval": ["2024-04-18T11:46:55.497558Z", "2024-11-20T11:46:56.693237Z"], "persists_into_T3": false, "mean_power_by_date": [0.0813012570142746, 0.19361044466495514, 0.10566549748182297], "interpretation": "Unvalidated radar-change candidate; terrain, registration and moisture may explain the signal.", "mean_slope_deg": 1.62, "max_slope_deg": 2.5, "mean_elevation_m": 144.8, "terrain_risk_pct": 0.0, "terrain_tier": "Low Risk (Flat Lowland)", "priority_score": 9.55, "temporal_class": "seasonal_transient", "t4_status": "pending", "t4_mean_power": null, "t4_mean_signed_db": null, "t4_observation": null}}, {"type": "Feature", "geometry": {"type": "Polygon", "coordinates": [[[93.63189885932856, 23.454537115417896], [93.63188596686413, 23.45182740300632], [93.63364819320289, 23.45182025685033], [93.63365336433587, 23.452904141559696], [93.63424077775359, 23.45290175496252], [93.63424854222417, 23.45452758155752], [93.63189885932856, 23.454537115417896]]]}, "properties": {"id": 126, "label": "temporary radar change (return toward T1)", "class_id": 2, "direction": "increase", "area_ha": 6.484516991621116, "pixel_count": 18, "mean_change_db": 3.748743772506714, "max_change_db": 4.277440071105957, "mean_signed_db": 3.748743772506714, "first_observed": "2024-11-20T11:46:56.693237Z", "observation_interval": ["2024-04-18T11:46:55.497558Z", "2024-11-20T11:46:56.693237Z"], "persists_into_T3": false, "mean_power_by_date": [0.06873646378517151, 0.16277045011520386, 0.08731786161661148], "interpretation": "Unvalidated radar-change candidate; terrain, registration and moisture may explain the signal.", "mean_slope_deg": 25.72, "max_slope_deg": 33.33, "mean_elevation_m": 600.6, "terrain_risk_pct": 72.2, "terrain_tier": "High Risk (Steep / Layover)", "priority_score": 2.65, "temporal_class": "seasonal_transient", "t4_status": "pending", "t4_mean_power": null, "t4_mean_signed_db": null, "t4_observation": null}}, {"type": "Feature", "geometry": {"type": "Polygon", "coordinates": [[[94.44118733900241, 23.550487481793077], [94.44116961655878, 23.548862091893596], [94.4441080556498, 23.548834834494862], [94.44412581419763, 23.5504602222907], [94.44118733900241, 23.550487481793077]]]}, "properties": {"id": 109, "label": "temporary radar change (return toward T1)", "class_id": 2, "direction": "increase", "area_ha": 5.4014276172643525, "pixel_count": 15, "mean_change_db": 4.486594200134277, "max_change_db": 5.520926475524902, "mean_signed_db": 4.486594200134277, "first_observed": "2024-11-20T11:46:56.693237Z", "observation_interval": ["2024-04-18T11:46:55.497558Z", "2024-11-20T11:46:56.693237Z"], "persists_into_T3": false, "mean_power_by_date": [0.0642409697175026, 0.1795845478773117, 0.0795181542634964], "interpretation": "Unvalidated radar-change candidate; terrain, registration and moisture may explain the signal.", "mean_slope_deg": 0.47, "max_slope_deg": 0.99, "mean_elevation_m": 108.8, "terrain_risk_pct": 0.0, "terrain_tier": "Low Risk (Flat Lowland)", "priority_score": 10.43, "temporal_class": "seasonal_transient", "t4_status": "pending", "t4_mean_power": null, "t4_mean_signed_db": null, "t4_observation": null}}, {"type": "Feature", "geometry": {"type": "Polygon", "coordinates": [[[94.04134877515936, 23.231779567048754], [94.04133195891572, 23.229611962857184], [94.04367744071855, 23.229596405376828], [94.04369008110595, 23.23122210736397], [94.04310370374672, 23.231226000317882], [94.04310791509657, 23.231767901005345], [94.04134877515936, 23.231779567048754]]]}, "properties": {"id": 285, "label": "temporary radar change (return toward T1)", "class_id": 2, "direction": "increase", "area_ha": 5.40280332375376, "pixel_count": 15, "mean_change_db": 4.4798479080200195, "max_change_db": 5.169490814208984, "mean_signed_db": 4.4798479080200195, "first_observed": "2024-11-20T11:46:56.693237Z", "observation_interval": ["2024-04-18T11:46:55.497558Z", "2024-11-20T11:46:56.693237Z"], "persists_into_T3": false, "mean_power_by_date": [0.0812382623553276, 0.228443905711174, 0.10785515606403351], "interpretation": "Unvalidated radar-change candidate; terrain, registration and moisture may explain the signal.", "mean_slope_deg": 0.61, "max_slope_deg": 1.0, "mean_elevation_m": 128.1, "terrain_risk_pct": 0.0, "terrain_tier": "Low Risk (Flat Lowland)", "priority_score": 10.41, "temporal_class": "seasonal_transient", "t4_status": "pending", "t4_mean_power": null, "t4_mean_signed_db": null, "t4_observation": null}}, {"type": "Feature", "geometry": {"type": "Polygon", "coordinates": [[[94.05490965101343, 22.789464569547917], [94.05488880897681, 22.7867549247377], [94.05722663837477, 22.786739448431252], [94.05724334868503, 22.788907162720253], [94.05665888229234, 22.78891103541638], [94.05666305787899, 22.789452963997046], [94.05490965101343, 22.789464569547917]]]}, "properties": {"id": 449, "label": "temporary radar change (return toward T1)", "class_id": 2, "direction": "increase", "area_ha": 6.8434873256527355, "pixel_count": 19, "mean_change_db": 3.5347771644592285, "max_change_db": 4.09459114074707, "mean_signed_db": 3.5347771644592285, "first_observed": "2024-11-20T11:46:56.693237Z", "observation_interval": ["2024-04-18T11:46:55.497558Z", "2024-11-20T11:46:56.693237Z"], "persists_into_T3": false, "mean_power_by_date": [0.05887620151042938, 0.13305865228176117, 0.07859642058610916], "interpretation": "Unvalidated radar-change candidate; terrain, registration and moisture may explain the signal.", "mean_slope_deg": 0.32, "max_slope_deg": 0.39, "mean_elevation_m": 153.4, "terrain_risk_pct": 0.0, "terrain_tier": "Low Risk (Flat Lowland)", "priority_score": 9.25, "temporal_class": "seasonal_transient", "t4_status": "pending", "t4_mean_power": null, "t4_mean_signed_db": null, "t4_observation": null}}, {"type": "Feature", "geometry": {"type": "Polygon", "coordinates": [[[94.50655984991015, 22.776626114467547], [94.50653605355723, 22.774458779057124], [94.50712035521396, 22.774453261623197], [94.50711440427312, 22.773911427820682], [94.50886730124182, 22.773894863129843], [94.50889113375274, 22.776062196360872], [94.50830682572386, 22.776067720645592], [94.50831278199944, 22.776609554003592], [94.50655984991015, 22.776626114467547]]]}, "properties": {"id": 454, "label": "temporary radar change (return toward T1)", "class_id": 2, "direction": "increase", "area_ha": 6.4813483972028365, "pixel_count": 18, "mean_change_db": 3.703887939453125, "max_change_db": 4.284692287445068, "mean_signed_db": 3.703887939453125, "first_observed": "2024-11-20T11:46:56.693237Z", "observation_interval": ["2024-04-18T11:46:55.497558Z", "2024-11-20T11:46:56.693237Z"], "persists_into_T3": false, "mean_power_by_date": [0.0805366262793541, 0.18893390893936157, 0.10002461075782776], "interpretation": "Unvalidated radar-change candidate; terrain, registration and moisture may explain the signal.", "mean_slope_deg": 3.12, "max_slope_deg": 7.7, "mean_elevation_m": 133.0, "terrain_risk_pct": 0.0, "terrain_tier": "Low Risk (Flat Lowland)", "priority_score": 9.43, "temporal_class": "seasonal_transient", "t4_status": "pending", "t4_mean_power": null, "t4_mean_signed_db": null, "t4_observation": null}}, {"type": "Feature", "geometry": {"type": "Polygon", "coordinates": [[[94.17135068216979, 22.804368289330224], [94.17134605006261, 22.803826382958405], [94.17017703542128, 22.803834967552277], [94.17015852688067, 22.801667340782082], [94.17191202091169, 22.801654462037614], [94.17191665476544, 22.802196368446925], [94.17308565470151, 22.802187771682174], [94.17310421000583, 22.804355396035128], [94.17135068216979, 22.804368289330224]]]}, "properties": {"id": 47, "label": "persistent radar change", "class_id": 1, "direction": "increase", "area_ha": 7.563348051223019, "pixel_count": 21, "mean_change_db": 3.1701841354370117, "max_change_db": 3.423630714416504, "mean_signed_db": 3.1701841354370117, "first_observed": "2024-11-20T11:46:56.693237Z", "observation_interval": ["2024-04-18T11:46:55.497558Z", "2024-11-20T11:46:56.693237Z"], "persists_into_T3": true, "mean_power_by_date": [0.09161150455474854, 0.19024953246116638, 0.2063055783510208], "interpretation": "Unvalidated radar-change candidate; terrain, registration and moisture may explain the signal.", "mean_slope_deg": 14.0, "max_slope_deg": 17.81, "mean_elevation_m": 295.0, "terrain_risk_pct": 0.0, "terrain_tier": "Low Risk (Flat Lowland)", "priority_score": 8.72, "temporal_class": "persistent", "t4_status": "pending", "t4_mean_power": null, "t4_mean_signed_db": null, "t4_observation": null}}, {"type": "Feature", "geometry": {"type": "Polygon", "coordinates": [[[94.03238017441963, 23.056251560013862], [94.03236777611141, 23.05462581612017], [94.03295338783842, 23.05462199081836], [94.0329492529757, 23.054080076211527], [94.03353486223455, 23.054076248841373], [94.03353072515372, 23.053534334296824], [94.03528754515038, 23.053522839476656], [94.03529997785641, 23.055148582094752], [94.03471436428657, 23.055152416170674], [94.03471850642919, 23.055694330401327], [94.03413289039085, 23.055698162408973], [94.03413703031529, 23.05624007670201], [94.03238017441963, 23.056251560013862]]]}, "properties": {"id": 364, "label": "temporary radar change (return toward T1)", "class_id": 2, "direction": "increase", "area_ha": 6.843577783279074, "pixel_count": 19, "mean_change_db": 3.5035037994384766, "max_change_db": 3.902827262878418, "mean_signed_db": 3.5035037994384766, "first_observed": "2024-11-20T11:46:56.693237Z", "observation_interval": ["2024-04-18T11:46:55.497558Z", "2024-11-20T11:46:56.693237Z"], "persists_into_T3": false, "mean_power_by_date": [0.11021751910448074, 0.24710999429225922, 0.12969596683979034], "interpretation": "Unvalidated radar-change candidate; terrain, registration and moisture may explain the signal.", "mean_slope_deg": 0.09, "max_slope_deg": 0.14, "mean_elevation_m": 116.3, "terrain_risk_pct": 0.0, "terrain_tier": "Low Risk (Flat Lowland)", "priority_score": 9.17, "temporal_class": "seasonal_transient", "t4_status": "pending", "t4_mean_power": null, "t4_mean_signed_db": null, "t4_observation": null}}, {"type": "Feature", "geometry": {"type": "Polygon", "coordinates": [[[93.9669687618867, 23.16342847775363], [93.9669609796969, 23.162344641545015], [93.96637488879361, 23.162348238176055], [93.96636322346106, 23.16072248329781], [93.96870755808136, 23.160708084820097], [93.96872704803764, 23.163417674217975], [93.9669687618867, 23.16342847775363]]]}, "properties": {"id": 307, "label": "temporary radar change (return toward T1)", "class_id": 2, "direction": "increase", "area_ha": 6.483615199134872, "pixel_count": 18, "mean_change_db": 3.6937763690948486, "max_change_db": 4.335980415344238, "mean_signed_db": 3.6937763690948486, "first_observed": "2024-11-20T11:46:56.693237Z", "observation_interval": ["2024-04-18T11:46:55.497558Z", "2024-11-20T11:46:56.693237Z"], "persists_into_T3": false, "mean_power_by_date": [0.08633292466402054, 0.20175212621688843, 0.10867860913276672], "interpretation": "Unvalidated radar-change candidate; terrain, registration and moisture may explain the signal.", "mean_slope_deg": 9.96, "max_slope_deg": 19.92, "mean_elevation_m": 203.0, "terrain_risk_pct": 0.0, "terrain_tier": "Low Risk (Flat Lowland)", "priority_score": 9.41, "temporal_class": "seasonal_transient", "t4_status": "pending", "t4_mean_power": null, "t4_mean_signed_db": null, "t4_observation": null}}, {"type": "Feature", "geometry": {"type": "Polygon", "coordinates": [[[94.35480071674128, 23.26352877134679], [94.35477332886363, 23.26081958842133], [94.35653264725548, 23.26080439681457], [94.35653813160891, 23.26134623308228], [94.35712457311213, 23.261341164703467], [94.3571465216532, 23.263508508861747], [94.35480071674128, 23.26352877134679]]]}, "properties": {"id": 275, "label": "temporary radar change (return toward T1)", "class_id": 2, "direction": "increase", "area_ha": 6.842221355913533, "pixel_count": 19, "mean_change_db": 3.480945348739624, "max_change_db": 3.859651565551758, "mean_signed_db": 3.480945348739624, "first_observed": "2024-11-20T11:46:56.693237Z", "observation_interval": ["2024-04-18T11:46:55.497558Z", "2024-11-20T11:46:56.693237Z"], "persists_into_T3": false, "mean_power_by_date": [0.07650687545537949, 0.17048172652721405, 0.08896529674530029], "interpretation": "Unvalidated radar-change candidate; terrain, registration and moisture may explain the signal.", "mean_slope_deg": 2.33, "max_slope_deg": 5.61, "mean_elevation_m": 110.4, "terrain_risk_pct": 0.0, "terrain_tier": "Low Risk (Flat Lowland)", "priority_score": 9.11, "temporal_class": "seasonal_transient", "t4_status": "pending", "t4_mean_power": null, "t4_mean_signed_db": null, "t4_observation": null}}, {"type": "Feature", "geometry": {"type": "Polygon", "coordinates": [[[94.45725225557496, 23.727520407734723], [94.45724020793475, 23.726436846946317], [94.45547477523506, 23.72645347383412], [94.45545672699299, 23.724828131080386], [94.4578106077367, 23.724805959122396], [94.45782265916121, 23.725889519863358], [94.4589996081778, 23.725878419890748], [94.4590177012432, 23.72750375985509], [94.45725225557496, 23.727520407734723]]]}, "properties": {"id": 89, "label": "temporary radar change (return toward T1)", "class_id": 2, "direction": "increase", "area_ha": 7.201835546886827, "pixel_count": 20, "mean_change_db": 3.305363416671753, "max_change_db": 3.6722164154052734, "mean_signed_db": 3.305363416671753, "first_observed": "2024-11-20T11:46:56.693237Z", "observation_interval": ["2024-04-18T11:46:55.497558Z", "2024-11-20T11:46:56.693237Z"], "persists_into_T3": false, "mean_power_by_date": [0.06542568653821945, 0.14006665349006653, 0.07642854750156403], "interpretation": "Unvalidated radar-change candidate; terrain, registration and moisture may explain the signal.", "mean_slope_deg": 0.85, "max_slope_deg": 1.26, "mean_elevation_m": 120.0, "terrain_risk_pct": 0.0, "terrain_tier": "Low Risk (Flat Lowland)", "priority_score": 8.87, "temporal_class": "seasonal_transient", "t4_status": "pending", "t4_mean_power": null, "t4_mean_signed_db": null, "t4_observation": null}}, {"type": "Feature", "geometry": {"type": "Polygon", "coordinates": [[[94.4111231480123, 23.65208967053274], [94.41110571119447, 23.650464280551066], [94.41169385999638, 23.650458925469767], [94.41168223147714, 23.649375332227276], [94.41344666231954, 23.64935925442824], [94.4134699490975, 23.651526439107386], [94.41288179597501, 23.651531801153478], [94.41288761568298, 23.652073597362737], [94.4111231480123, 23.65208967053274]]]}, "properties": {"id": 98, "label": "temporary radar change (return toward T1)", "class_id": 2, "direction": "increase", "area_ha": 6.1217594235359, "pixel_count": 17, "mean_change_db": 3.8871490955352783, "max_change_db": 4.74207067489624, "mean_signed_db": 3.8871490955352783, "first_observed": "2024-11-20T11:46:56.693237Z", "observation_interval": ["2024-04-18T11:46:55.497558Z", "2024-11-20T11:46:56.693237Z"], "persists_into_T3": false, "mean_power_by_date": [0.06816530227661133, 0.1663718968629837, 0.08295722305774689], "interpretation": "Unvalidated radar-change candidate; terrain, registration and moisture may explain the signal.", "mean_slope_deg": 2.97, "max_slope_deg": 9.62, "mean_elevation_m": 112.8, "terrain_risk_pct": 0.0, "terrain_tier": "Low Risk (Flat Lowland)", "priority_score": 9.62, "temporal_class": "seasonal_transient", "t4_status": "pending", "t4_mean_power": null, "t4_mean_signed_db": null, "t4_observation": null}}, {"type": "Feature", "geometry": {"type": "Polygon", "coordinates": [[[94.41195418867315, 23.28849319148471], [94.4119370417862, 23.286867726356217], [94.41311012054493, 23.286857162710394], [94.41310440051505, 23.28631534119755], [94.41486401024628, 23.28629947970294], [94.41488691986633, 23.288466763875434], [94.41195418867315, 23.28849319148471]]]}, "properties": {"id": 265, "label": "temporary radar change (return toward T1)", "class_id": 2, "direction": "increase", "area_ha": 6.481838946669153, "pixel_count": 18, "mean_change_db": 3.6701557636260986, "max_change_db": 4.185661315917969, "mean_signed_db": 3.6701557636260986, "first_observed": "2024-11-20T11:46:56.693237Z", "observation_interval": ["2024-04-18T11:46:55.497558Z", "2024-11-20T11:46:56.693237Z"], "persists_into_T3": false, "mean_power_by_date": [0.0725458636879921, 0.16888666152954102, 0.08721628785133362], "interpretation": "Unvalidated radar-change candidate; terrain, registration and moisture may explain the signal.", "mean_slope_deg": 2.87, "max_slope_deg": 5.74, "mean_elevation_m": 129.3, "terrain_risk_pct": 0.0, "terrain_tier": "Low Risk (Flat Lowland)", "priority_score": 9.34, "temporal_class": "seasonal_transient", "t4_status": "pending", "t4_mean_power": null, "t4_mean_signed_db": null, "t4_observation": null}}, {"type": "Feature", "geometry": {"type": "Polygon", "coordinates": [[[94.20059842661492, 23.723223645966698], [94.20057857898887, 23.721056296756238], [94.20116709350684, 23.721051727549483], [94.20116212953911, 23.720509890266463], [94.20292766491355, 23.72049616956872], [94.20294755084102, 23.722663517063115], [94.20235902947438, 23.72266809333534], [94.20236399889549, 23.723209930228695], [94.20059842661492, 23.723223645966698]]]}, "properties": {"id": 14, "label": "persistent radar change", "class_id": 1, "direction": "increase", "area_ha": 6.482782624004479, "pixel_count": 18, "mean_change_db": 3.6650848388671875, "max_change_db": 4.091682434082031, "mean_signed_db": 3.6650848388671875, "first_observed": "2024-11-20T11:46:56.693237Z", "observation_interval": ["2024-04-18T11:46:55.497558Z", "2024-11-20T11:46:56.693237Z"], "persists_into_T3": true, "mean_power_by_date": [0.08714250475168228, 0.2026422917842865, 0.20150047540664673], "interpretation": "Unvalidated radar-change candidate; terrain, registration and moisture may explain the signal.", "mean_slope_deg": 0.85, "max_slope_deg": 2.14, "mean_elevation_m": 175.2, "terrain_risk_pct": 0.0, "terrain_tier": "Low Risk (Flat Lowland)", "priority_score": 9.33, "temporal_class": "persistent", "t4_status": "pending", "t4_mean_power": null, "t4_mean_signed_db": null, "t4_observation": null}}, {"type": "Feature", "geometry": {"type": "Polygon", "coordinates": [[[94.34685387929825, 23.406111682212256], [94.34683743038579, 23.404486196798768], [94.34742450297938, 23.404481135511578], [94.3474080483827, 23.402855650141685], [94.34916924368437, 23.402840454233104], [94.34919670465551, 23.405549594358277], [94.34860962777927, 23.40555466252021], [94.34861511807935, 23.40609649055994], [94.34685387929825, 23.406111682212256]]]}, "properties": {"id": 153, "label": "temporary radar change (return toward T1)", "class_id": 2, "direction": "increase", "area_ha": 7.202385740428627, "pixel_count": 20, "mean_change_db": 3.2970688343048096, "max_change_db": 3.92979097366333, "mean_signed_db": 3.2970688343048096, "first_observed": "2024-11-20T11:46:56.693237Z", "observation_interval": ["2024-04-18T11:46:55.497558Z", "2024-11-20T11:46:56.693237Z"], "persists_into_T3": false, "mean_power_by_date": [0.08161117136478424, 0.17452380061149597, 0.09346918761730194], "interpretation": "Unvalidated radar-change candidate; terrain, registration and moisture may explain the signal.", "mean_slope_deg": 0.98, "max_slope_deg": 1.82, "mean_elevation_m": 116.4, "terrain_risk_pct": 0.0, "terrain_tier": "Low Risk (Flat Lowland)", "priority_score": 8.85, "temporal_class": "seasonal_transient", "t4_status": "pending", "t4_mean_power": null, "t4_mean_signed_db": null, "t4_observation": null}}, {"type": "Feature", "geometry": {"type": "Polygon", "coordinates": [[[94.04235999601131, 22.753235807910002], [94.04235588422249, 22.752693874381688], [94.04177156919464, 22.752697686808574], [94.0417592414905, 22.75107188569659], [94.04468078082054, 22.751052803706273], [94.04469726408608, 22.75322053642988], [94.04235999601131, 22.753235807910002]]]}, "properties": {"id": 470, "label": "temporary radar change (return toward T1)", "class_id": 2, "direction": "increase", "area_ha": 6.843534393579629, "pixel_count": 19, "mean_change_db": 3.456885814666748, "max_change_db": 3.951791763305664, "mean_signed_db": 3.456885814666748, "first_observed": "2024-11-20T11:46:56.693237Z", "observation_interval": ["2024-04-18T11:46:55.497558Z", "2024-11-20T11:46:56.693237Z"], "persists_into_T3": false, "mean_power_by_date": [0.05971372127532959, 0.1325189471244812, 0.0745386853814125], "interpretation": "Unvalidated radar-change candidate; terrain, registration and moisture may explain the signal.", "mean_slope_deg": 1.02, "max_slope_deg": 1.78, "mean_elevation_m": 166.7, "terrain_risk_pct": 0.0, "terrain_tier": "Low Risk (Flat Lowland)", "priority_score": 9.04, "temporal_class": "seasonal_transient", "t4_status": "pending", "t4_mean_power": null, "t4_mean_signed_db": null, "t4_observation": null}}, {"type": "Feature", "geometry": {"type": "Polygon", "coordinates": [[[94.37630305802618, 22.78268001151992], [94.37629218481325, 22.781596282417098], [94.37570781900465, 22.78160132239434], [94.37569151734466, 22.779975728055888], [94.37802895190991, 22.779955556910917], [94.37805616829901, 22.782664877955536], [94.37630305802618, 22.78268001151992]]]}, "properties": {"id": 452, "label": "temporary radar change (return toward T1)", "class_id": 2, "direction": "increase", "area_ha": 6.481986013808101, "pixel_count": 18, "mean_change_db": 3.633915424346924, "max_change_db": 4.087912559509277, "mean_signed_db": 3.633915424346924, "first_observed": "2024-11-20T11:46:56.693237Z", "observation_interval": ["2024-04-18T11:46:55.497558Z", "2024-11-20T11:46:56.693237Z"], "persists_into_T3": false, "mean_power_by_date": [0.07050256431102753, 0.1624571979045868, 0.08515617251396179], "interpretation": "Unvalidated radar-change candidate; terrain, registration and moisture may explain the signal.", "mean_slope_deg": 0.67, "max_slope_deg": 2.93, "mean_elevation_m": 122.3, "terrain_risk_pct": 0.0, "terrain_tier": "Low Risk (Flat Lowland)", "priority_score": 9.25, "temporal_class": "seasonal_transient", "t4_status": "pending", "t4_mean_power": null, "t4_mean_signed_db": null, "t4_observation": null}}, {"type": "Feature", "geometry": {"type": "Polygon", "coordinates": [[[94.00553456590391, 23.38212684699989], [94.00553047683452, 23.381584950314874], [94.00494343288986, 23.38158872375237], [94.00492708738368, 23.37942113623975], [94.00668819021627, 23.379409810490934], [94.00669228356686, 23.379951707133362], [94.0072793199848, 23.379947927380744], [94.00729570416023, 23.382115513177165], [94.00553456590391, 23.38212684699989]]]}, "properties": {"id": 182, "label": "temporary radar change (return toward T1)", "class_id": 2, "direction": "increase", "area_ha": 6.483492919427319, "pixel_count": 18, "mean_change_db": 3.6312153339385986, "max_change_db": 4.048488140106201, "mean_signed_db": 3.6312153339385986, "first_observed": "2024-11-20T11:46:56.693237Z", "observation_interval": ["2024-04-18T11:46:55.497558Z", "2024-11-20T11:46:56.693237Z"], "persists_into_T3": false, "mean_power_by_date": [0.08458615094423294, 0.19527773559093475, 0.11211910843849182], "interpretation": "Unvalidated radar-change candidate; terrain, registration and moisture may explain the signal.", "mean_slope_deg": 0.89, "max_slope_deg": 1.28, "mean_elevation_m": 177.2, "terrain_risk_pct": 0.0, "terrain_tier": "Low Risk (Flat Lowland)", "priority_score": 9.25, "temporal_class": "seasonal_transient", "t4_status": "pending", "t4_mean_power": null, "t4_mean_signed_db": null, "t4_observation": null}}, {"type": "Feature", "geometry": {"type": "Polygon", "coordinates": [[[94.03345533930982, 22.65682398137535], [94.03343911020085, 22.654656214798944], [94.03519081218406, 22.65464490875451], [94.03519487614948, 22.655186850154752], [94.03577877885392, 22.655183077119805], [94.0357909783685, 22.656808900796428], [94.03345533930982, 22.65682398137535]]]}, "properties": {"id": 78, "label": "persistent radar change", "class_id": 1, "direction": "increase", "area_ha": 5.402813414546475, "pixel_count": 15, "mean_change_db": 4.351335525512695, "max_change_db": 4.8709001541137695, "mean_signed_db": 4.351335525512695, "first_observed": "2024-11-20T11:46:56.693237Z", "observation_interval": ["2024-04-18T11:46:55.497558Z", "2024-11-20T11:46:56.693237Z"], "persists_into_T3": true, "mean_power_by_date": [0.05196462944149971, 0.14150825142860413, 0.1204376071691513], "interpretation": "Unvalidated radar-change candidate; terrain, registration and moisture may explain the signal.", "mean_slope_deg": 1.63, "max_slope_deg": 2.89, "mean_elevation_m": 176.6, "terrain_risk_pct": 0.0, "terrain_tier": "Low Risk (Flat Lowland)", "priority_score": 10.11, "temporal_class": "persistent", "t4_status": "pending", "t4_mean_power": null, "t4_mean_signed_db": null, "t4_observation": null}}, {"type": "Feature", "geometry": {"type": "Polygon", "coordinates": [[[94.09665904898377, 23.397771725339577], [94.09665458605338, 23.39722984562597], [94.09606749037286, 23.397233963674463], [94.0960496495415, 23.395066444010578], [94.0978109075267, 23.395054084530827], [94.0978198420017, 23.39613784380025], [94.09840693250447, 23.396133719352335], [94.098420342386, 23.39775935764884], [94.09665904898377, 23.397771725339577]]]}, "properties": {"id": 158, "label": "temporary radar change (return toward T1)", "class_id": 2, "direction": "increase", "area_ha": 6.122996424911986, "pixel_count": 17, "mean_change_db": 3.8093414306640625, "max_change_db": 4.301713943481445, "mean_signed_db": 3.8093414306640625, "first_observed": "2024-11-20T11:46:56.693237Z", "observation_interval": ["2024-04-18T11:46:55.497558Z", "2024-11-20T11:46:56.693237Z"], "persists_into_T3": false, "mean_power_by_date": [0.06415446847677231, 0.153554767370224, 0.08290205150842667], "interpretation": "Unvalidated radar-change candidate; terrain, registration and moisture may explain the signal.", "mean_slope_deg": 0.9, "max_slope_deg": 1.17, "mean_elevation_m": 138.1, "terrain_risk_pct": 0.0, "terrain_tier": "Low Risk (Flat Lowland)", "priority_score": 9.43, "temporal_class": "seasonal_transient", "t4_status": "pending", "t4_mean_power": null, "t4_mean_signed_db": null, "t4_observation": null}}, {"type": "Feature", "geometry": {"type": "Polygon", "coordinates": [[[94.39119608505271, 23.435525894694653], [94.3911904134614, 23.43498407837037], [94.39001602038493, 23.434994540351646], [94.38999902098186, 23.433369090335056], [94.39293496652037, 23.43334292085448], [94.39295768056849, 23.435510184762254], [94.39119608505271, 23.435525894694653]]]}, "properties": {"id": 132, "label": "temporary radar change (return toward T1)", "class_id": 2, "direction": "increase", "area_ha": 6.481949245119072, "pixel_count": 18, "mean_change_db": 3.5650634765625, "max_change_db": 4.037074089050293, "mean_signed_db": 3.5650634765625, "first_observed": "2024-11-20T11:46:56.693237Z", "observation_interval": ["2024-04-18T11:46:55.497558Z", "2024-11-20T11:46:56.693237Z"], "persists_into_T3": false, "mean_power_by_date": [0.06713689863681793, 0.1524103879928589, 0.07975771278142929], "interpretation": "Unvalidated radar-change candidate; terrain, registration and moisture may explain the signal.", "mean_slope_deg": 0.75, "max_slope_deg": 1.85, "mean_elevation_m": 132.3, "terrain_risk_pct": 0.0, "terrain_tier": "Low Risk (Flat Lowland)", "priority_score": 9.08, "temporal_class": "seasonal_transient", "t4_status": "pending", "t4_mean_power": null, "t4_mean_signed_db": null, "t4_observation": null}}, {"type": "Feature", "geometry": {"type": "Polygon", "coordinates": [[[94.04341456742034, 22.66109517160408], [94.04341047000221, 22.66055323202046], [94.04282654599974, 22.660557033711118], [94.04281016674464, 22.658389274600093], [94.04456191087478, 22.658377864356464], [94.0445660123764, 22.658919803887667], [94.045149929128, 22.658915996118008], [94.04516634555351, 22.661083753465565], [94.04341456742034, 22.66109517160408]]]}, "properties": {"id": 77, "label": "persistent radar change", "class_id": 1, "direction": "increase", "area_ha": 6.483343246630789, "pixel_count": 18, "mean_change_db": 3.544140100479126, "max_change_db": 3.7746925354003906, "mean_signed_db": 3.544140100479126, "first_observed": "2024-11-20T11:46:56.693237Z", "observation_interval": ["2024-04-18T11:46:55.497558Z", "2024-11-20T11:46:56.693237Z"], "persists_into_T3": true, "mean_power_by_date": [0.06282064318656921, 0.1422317624092102, 0.13522784411907196], "interpretation": "Unvalidated radar-change candidate; terrain, registration and moisture may explain the signal.", "mean_slope_deg": 0.33, "max_slope_deg": 0.47, "mean_elevation_m": 170.3, "terrain_risk_pct": 0.0, "terrain_tier": "Low Risk (Flat Lowland)", "priority_score": 9.02, "temporal_class": "persistent", "t4_status": "pending", "t4_mean_power": null, "t4_mean_signed_db": null, "t4_observation": null}}, {"type": "Feature", "geometry": {"type": "Polygon", "coordinates": [[[94.0243168711461, 23.07418809712629], [94.02431276696817, 23.073646182386472], [94.02372707131836, 23.073649978633913], [94.02371476656539, 23.072024233889685], [94.02664320838959, 23.072005232437967], [94.02665554832654, 23.07363097569197], [94.0260698531732, 23.0736347806213], [94.02607396438836, 23.074176695063073], [94.0243168711461, 23.07418809712629]]]}, "properties": {"id": 354, "label": "temporary radar change (return toward T1)", "class_id": 2, "direction": "increase", "area_ha": 6.48341990075328, "pixel_count": 18, "mean_change_db": 3.528867483139038, "max_change_db": 4.204552173614502, "mean_signed_db": 3.528867483139038, "first_observed": "2024-11-20T11:46:56.693237Z", "observation_interval": ["2024-04-18T11:46:55.497558Z", "2024-11-20T11:46:56.693237Z"], "persists_into_T3": false, "mean_power_by_date": [0.07512657344341278, 0.1691257655620575, 0.09678192436695099], "interpretation": "Unvalidated radar-change candidate; terrain, registration and moisture may explain the signal.", "mean_slope_deg": 0.56, "max_slope_deg": 1.5, "mean_elevation_m": 119.9, "terrain_risk_pct": 0.0, "terrain_tier": "Low Risk (Flat Lowland)", "priority_score": 8.99, "temporal_class": "seasonal_transient", "t4_status": "pending", "t4_mean_power": null, "t4_mean_signed_db": null, "t4_observation": null}}, {"type": "Feature", "geometry": {"type": "Polygon", "coordinates": [[[94.10738948162222, 23.27576547999132], [94.10738500131224, 23.275223593803293], [94.10679844380918, 23.275227731742465], [94.10678501080312, 23.273602072626794], [94.10971776139316, 23.2735813626302], [94.10973122997615, 23.275207020132687], [94.10914467301254, 23.275211166837423], [94.10914916043835, 23.275753052702804], [94.10738948162222, 23.27576547999132]]]}, "properties": {"id": 272, "label": "temporary radar change (return toward T1)", "class_id": 2, "direction": "increase", "area_ha": 6.483128178907163, "pixel_count": 18, "mean_change_db": 3.515737771987915, "max_change_db": 3.800414562225342, "mean_signed_db": 3.515737771987915, "first_observed": "2024-11-20T11:46:56.693237Z", "observation_interval": ["2024-04-18T11:46:55.497558Z", "2024-11-20T11:46:56.693237Z"], "persists_into_T3": false, "mean_power_by_date": [0.09958340227603912, 0.22332459688186646, 0.11077085137367249], "interpretation": "Unvalidated radar-change candidate; terrain, registration and moisture may explain the signal.", "mean_slope_deg": 0.55, "max_slope_deg": 0.77, "mean_elevation_m": 121.5, "terrain_risk_pct": 0.0, "terrain_tier": "Low Risk (Flat Lowland)", "priority_score": 8.95, "temporal_class": "seasonal_transient", "t4_status": "pending", "t4_mean_power": null, "t4_mean_signed_db": null, "t4_observation": null}}, {"type": "Feature", "geometry": {"type": "Polygon", "coordinates": [[[94.06019500748377, 22.79268126210727], [94.06016986817916, 22.789429695096555], [94.06192327160998, 22.789418031747022], [94.06194845247317, 22.79266959691053], [94.06019500748377, 22.79268126210727]]]}, "properties": {"id": 448, "label": "temporary radar change (return toward T1)", "class_id": 2, "direction": "increase", "area_ha": 6.483286135348212, "pixel_count": 18, "mean_change_db": 3.515410900115967, "max_change_db": 3.9446516036987305, "mean_signed_db": 3.515410900115967, "first_observed": "2024-11-20T11:46:56.693237Z", "observation_interval": ["2024-04-18T11:46:55.497558Z", "2024-11-20T11:46:56.693237Z"], "persists_into_T3": false, "mean_power_by_date": [0.053605251014232635, 0.12042076140642166, 0.07005509734153748], "interpretation": "Unvalidated radar-change candidate; terrain, registration and moisture may explain the signal.", "mean_slope_deg": 0.25, "max_slope_deg": 0.36, "mean_elevation_m": 151.4, "terrain_risk_pct": 0.0, "terrain_tier": "Low Risk (Flat Lowland)", "priority_score": 8.95, "temporal_class": "seasonal_transient", "t4_status": "pending", "t4_mean_power": null, "t4_mean_signed_db": null, "t4_observation": null}}, {"type": "Feature", "geometry": {"type": "Polygon", "coordinates": [[[94.02600285385256, 23.141919517303858], [94.02599048100942, 23.140293787774993], [94.02657646534476, 23.140289972783375], [94.02657233895816, 23.13974806296406], [94.0283302841538, 23.13973660522336], [94.02834681870107, 23.141904243077644], [94.02600285385256, 23.141919517303858]]]}, "properties": {"id": 316, "label": "temporary radar change (return toward T1)", "class_id": 2, "direction": "increase", "area_ha": 5.40284572523518, "pixel_count": 15, "mean_change_db": 4.2169623374938965, "max_change_db": 4.86531925201416, "mean_signed_db": 4.2169623374938965, "first_observed": "2024-11-20T11:46:56.693237Z", "observation_interval": ["2024-04-18T11:46:55.497558Z", "2024-11-20T11:46:56.693237Z"], "persists_into_T3": false, "mean_power_by_date": [0.07490456104278564, 0.1978948712348938, 0.09015092998743057], "interpretation": "Unvalidated radar-change candidate; terrain, registration and moisture may explain the signal.", "mean_slope_deg": 0.4, "max_slope_deg": 0.61, "mean_elevation_m": 128.5, "terrain_risk_pct": 0.0, "terrain_tier": "Low Risk (Flat Lowland)", "priority_score": 9.8, "temporal_class": "seasonal_transient", "t4_status": "pending", "t4_mean_power": null, "t4_mean_signed_db": null, "t4_observation": null}}, {"type": "Feature", "geometry": {"type": "Polygon", "coordinates": [[[94.07127113484594, 22.86360294812094], [94.07124989291967, 22.86089334293533], [94.07358897604259, 22.86087757863007], [94.07360600641324, 22.86304526119347], [94.07302122655435, 22.863049205907373], [94.07302548215206, 22.86359112655798], [94.07127113484594, 22.86360294812094]]]}, "properties": {"id": 424, "label": "temporary radar change (return toward T1)", "class_id": 2, "direction": "increase", "area_ha": 6.843427502143639, "pixel_count": 19, "mean_change_db": 3.3110013008117676, "max_change_db": 3.6172542572021484, "mean_signed_db": 3.3110013008117676, "first_observed": "2024-11-20T11:46:56.693237Z", "observation_interval": ["2024-04-18T11:46:55.497558Z", "2024-11-20T11:46:56.693237Z"], "persists_into_T3": false, "mean_power_by_date": [0.09210716933012009, 0.19794781506061554, 0.10966601222753525], "interpretation": "Unvalidated radar-change candidate; terrain, registration and moisture may explain the signal.", "mean_slope_deg": 0.25, "max_slope_deg": 0.68, "mean_elevation_m": 136.9, "terrain_risk_pct": 0.0, "terrain_tier": "Low Risk (Flat Lowland)", "priority_score": 8.66, "temporal_class": "seasonal_transient", "t4_status": "pending", "t4_mean_power": null, "t4_mean_signed_db": null, "t4_observation": null}}, {"type": "Feature", "geometry": {"type": "Polygon", "coordinates": [[[94.07589286467092, 23.225043780299455], [94.07588852237826, 23.224501884910783], [94.07471583847378, 23.224509906686148], [94.07470282657168, 23.22288421966561], [94.07704816547492, 23.22286816862268], [94.07705251210564, 23.223410063916823], [94.07763884886955, 23.22340604558663], [94.0776518966429, 23.225031730926894], [94.07589286467092, 23.225043780299455]]]}, "properties": {"id": 291, "label": "temporary radar change (return toward T1)", "class_id": 2, "direction": "increase", "area_ha": 6.123063812790229, "pixel_count": 17, "mean_change_db": 3.6945383548736572, "max_change_db": 4.621647357940674, "mean_signed_db": 3.6945383548736572, "first_observed": "2024-11-20T11:46:56.693237Z", "observation_interval": ["2024-04-18T11:46:55.497558Z", "2024-11-20T11:46:56.693237Z"], "persists_into_T3": false, "mean_power_by_date": [0.10442977398633957, 0.24407002329826355, 0.11609556525945663], "interpretation": "Unvalidated radar-change candidate; terrain, registration and moisture may explain the signal.", "mean_slope_deg": 0.18, "max_slope_deg": 0.36, "mean_elevation_m": 111.9, "terrain_risk_pct": 0.0, "terrain_tier": "Low Risk (Flat Lowland)", "priority_score": 9.14, "temporal_class": "seasonal_transient", "t4_status": "pending", "t4_mean_power": null, "t4_mean_signed_db": null, "t4_observation": null}}, {"type": "Feature", "geometry": {"type": "Polygon", "coordinates": [[[94.05335697729224, 23.042564686875377], [94.05334854928336, 23.04148086303402], [94.05276299818762, 23.04148476178199], [94.05275036415384, 23.039859025430072], [94.05450699598693, 23.039847323603794], [94.05451121422789, 23.040389235452697], [94.05509676025848, 23.04038533040803], [94.05511364386355, 23.042552977016438], [94.05335697729224, 23.042564686875377]]]}, "properties": {"id": 372, "label": "temporary radar change (return toward T1)", "class_id": 2, "direction": "increase", "area_ha": 6.1231341413558695, "pixel_count": 17, "mean_change_db": 3.686788558959961, "max_change_db": 4.298277854919434, "mean_signed_db": 3.686788558959961, "first_observed": "2024-11-20T11:46:56.693237Z", "observation_interval": ["2024-04-18T11:46:55.497558Z", "2024-11-20T11:46:56.693237Z"], "persists_into_T3": false, "mean_power_by_date": [0.08775872737169266, 0.20539389550685883, 0.11600019037723541], "interpretation": "Unvalidated radar-change candidate; terrain, registration and moisture may explain the signal.", "mean_slope_deg": 0.11, "max_slope_deg": 0.22, "mean_elevation_m": 118.5, "terrain_risk_pct": 0.0, "terrain_tier": "Low Risk (Flat Lowland)", "priority_score": 9.12, "temporal_class": "seasonal_transient", "t4_status": "pending", "t4_mean_power": null, "t4_mean_signed_db": null, "t4_observation": null}}, {"type": "Feature", "geometry": {"type": "Polygon", "coordinates": [[[94.37113922184736, 22.9669726284134], [94.37112282699708, 22.965347068805084], [94.37170798057487, 22.965342007403063], [94.37170251362544, 22.964800154256583], [94.37345796637402, 22.964784957500402], [94.37347438869278, 22.966410515629075], [94.37288923095105, 22.966415583771386], [94.37289470305834, 22.966957436537406], [94.37113922184736, 22.9669726284134]]]}, "properties": {"id": 9, "label": "persistent radar change", "class_id": 1, "direction": "decrease", "area_ha": 5.041567856579134, "pixel_count": 14, "mean_change_db": 4.465979099273682, "max_change_db": 5.962376594543457, "mean_signed_db": -4.465979099273682, "first_observed": "2024-11-20T11:46:56.693237Z", "observation_interval": ["2024-04-18T11:46:55.497558Z", "2024-11-20T11:46:56.693237Z"], "persists_into_T3": true, "mean_power_by_date": [0.06419558823108673, 0.022421645000576973, 0.022775668650865555], "interpretation": "Unvalidated radar-change candidate; terrain, registration and moisture may explain the signal.", "mean_slope_deg": 0.0, "max_slope_deg": 0.0, "mean_elevation_m": 93.5, "terrain_risk_pct": 0.0, "terrain_tier": "Low Risk (Flat Lowland)", "priority_score": 10.03, "temporal_class": "persistent", "t4_status": "pending", "t4_mean_power": null, "t4_mean_signed_db": null, "t4_observation": null}}, {"type": "Feature", "geometry": {"type": "Polygon", "coordinates": [[[94.49057599829982, 22.865104288989514], [94.4905700865859, 22.86456245723157], [94.48998539590961, 22.86456793445009], [94.4899676687947, 22.862942438513777], [94.49230640262263, 22.862920518487662], [94.4923300762022, 22.865087844017925], [94.49057599829982, 22.865104288989514]]]}, "properties": {"id": 421, "label": "temporary radar change (return toward T1)", "class_id": 2, "direction": "increase", "area_ha": 5.401197652983549, "pixel_count": 15, "mean_change_db": 4.162087440490723, "max_change_db": 4.683141708374023, "mean_signed_db": 4.162087440490723, "first_observed": "2024-11-20T11:46:56.693237Z", "observation_interval": ["2024-04-18T11:46:55.497558Z", "2024-11-20T11:46:56.693237Z"], "persists_into_T3": false, "mean_power_by_date": [0.07326323539018631, 0.19238539040088654, 0.09534839540719986], "interpretation": "Unvalidated radar-change candidate; terrain, registration and moisture may explain the signal.", "mean_slope_deg": 2.65, "max_slope_deg": 5.0, "mean_elevation_m": 112.7, "terrain_risk_pct": 0.0, "terrain_tier": "Low Risk (Flat Lowland)", "priority_score": 9.67, "temporal_class": "seasonal_transient", "t4_status": "pending", "t4_mean_power": null, "t4_mean_signed_db": null, "t4_observation": null}}, {"type": "Feature", "geometry": {"type": "Polygon", "coordinates": [[[94.12216265981166, 22.793883153789864], [94.12214935417427, 22.792257404351762], [94.12273382205849, 22.792253291156253], [94.12272938480704, 22.791711374710207], [94.12506724575884, 22.791694900954827], [94.12508503251584, 22.793862564774106], [94.12216265981166, 22.793883153789864]]]}, "properties": {"id": 444, "label": "temporary radar change (return toward T1)", "class_id": 2, "direction": "increase", "area_ha": 6.8432251486088385, "pixel_count": 19, "mean_change_db": 3.2826271057128906, "max_change_db": 3.6741652488708496, "mean_signed_db": 3.2826271057128906, "first_observed": "2024-11-20T11:46:56.693237Z", "observation_interval": ["2024-04-18T11:46:55.497558Z", "2024-11-20T11:46:56.693237Z"], "persists_into_T3": false, "mean_power_by_date": [0.10121814161539078, 0.21576471626758575, 0.11552966386079788], "interpretation": "Unvalidated radar-change candidate; terrain, registration and moisture may explain the signal.", "mean_slope_deg": 0.9, "max_slope_deg": 1.51, "mean_elevation_m": 154.4, "terrain_risk_pct": 0.0, "terrain_tier": "Low Risk (Flat Lowland)", "priority_score": 8.59, "temporal_class": "seasonal_transient", "t4_status": "pending", "t4_mean_power": null, "t4_mean_signed_db": null, "t4_observation": null}}, {"type": "Feature", "geometry": {"type": "Polygon", "coordinates": [[[94.4318368571788, 23.062350164290024], [94.43181965739112, 23.060724666583898], [94.43240520724694, 23.06071936052479], [94.43239947198833, 23.06017752801787], [94.43474166030751, 23.060156282657996], [94.43475889471468, 23.061781778396703], [94.43417334086728, 23.061787093405336], [94.43417908367412, 23.06232892538025], [94.4318368571788, 23.062350164290024]]]}, "properties": {"id": 360, "label": "temporary radar change (return toward T1)", "class_id": 2, "direction": "increase", "area_ha": 6.4817326362394025, "pixel_count": 18, "mean_change_db": 3.4606704711914062, "max_change_db": 3.976998805999756, "mean_signed_db": 3.4606704711914062, "first_observed": "2024-11-20T11:46:56.693237Z", "observation_interval": ["2024-04-18T11:46:55.497558Z", "2024-11-20T11:46:56.693237Z"], "persists_into_T3": false, "mean_power_by_date": [0.08277496695518494, 0.18353424966335297, 0.09527531266212463], "interpretation": "Unvalidated radar-change candidate; terrain, registration and moisture may explain the signal.", "mean_slope_deg": 0.94, "max_slope_deg": 3.12, "mean_elevation_m": 100.3, "terrain_risk_pct": 0.0, "terrain_tier": "Low Risk (Flat Lowland)", "priority_score": 8.81, "temporal_class": "seasonal_transient", "t4_status": "pending", "t4_mean_power": null, "t4_mean_signed_db": null, "t4_observation": null}}, {"type": "Feature", "geometry": {"type": "Polygon", "coordinates": [[[94.04156586532923, 22.955931702788796], [94.04155756658376, 22.954847863002847], [94.0409723868091, 22.954851704435146], [94.04095994662387, 22.953225944170903], [94.04271546460026, 22.953214414307894], [94.04271961819295, 22.953756334131054], [94.04330479293012, 22.953752486426733], [94.04332141787997, 22.955920164938252], [94.04156586532923, 22.955931702788796]]]}, "properties": {"id": 522, "label": "late radar change (persistence unknown)", "class_id": 3, "direction": "increase", "area_ha": 6.1231711761044805, "pixel_count": 17, "mean_change_db": 3.649186134338379, "max_change_db": 4.488468170166016, "mean_signed_db": 3.649186134338379, "first_observed": "2025-01-07T11:46:53.116821Z", "observation_interval": ["2024-11-20T11:46:56.693237Z", "2025-01-07T11:46:53.116821Z"], "persists_into_T3": null, "mean_power_by_date": [0.06644657999277115, 0.07895150780677795, 0.1827232837677002], "interpretation": "Unvalidated radar-change candidate; terrain, registration and moisture may explain the signal.", "mean_slope_deg": 0.73, "max_slope_deg": 2.52, "mean_elevation_m": 125.7, "terrain_risk_pct": 0.0, "terrain_tier": "Low Risk (Flat Lowland)", "priority_score": 9.03, "temporal_class": "late_unclassified", "t4_status": "pending", "t4_mean_power": null, "t4_mean_signed_db": null, "t4_observation": null}}, {"type": "Feature", "geometry": {"type": "Polygon", "coordinates": [[[94.41100967805535, 23.31017659320498], [94.41099252479164, 23.308551131904135], [94.41392569686829, 23.3085247008577], [94.41394288576129, 23.310150160102374], [94.41100967805535, 23.31017659320498]]]}, "properties": {"id": 249, "label": "temporary radar change (return toward T1)", "class_id": 2, "direction": "increase", "area_ha": 5.401537287399825, "pixel_count": 15, "mean_change_db": 4.13424825668335, "max_change_db": 5.25593376159668, "mean_signed_db": 4.13424825668335, "first_observed": "2024-11-20T11:46:56.693237Z", "observation_interval": ["2024-04-18T11:46:55.497558Z", "2024-11-20T11:46:56.693237Z"], "persists_into_T3": false, "mean_power_by_date": [0.06147909536957741, 0.15686187148094177, 0.07297447323799133], "interpretation": "Unvalidated radar-change candidate; terrain, registration and moisture may explain the signal.", "mean_slope_deg": 1.07, "max_slope_deg": 5.78, "mean_elevation_m": 126.6, "terrain_risk_pct": 0.0, "terrain_tier": "Low Risk (Flat Lowland)", "priority_score": 9.61, "temporal_class": "seasonal_transient", "t4_status": "pending", "t4_mean_power": null, "t4_mean_signed_db": null, "t4_observation": null}}, {"type": "Feature", "geometry": {"type": "Polygon", "coordinates": [[[94.05693617253831, 22.67292975329344], [94.05691956161778, 22.67076200735868], [94.05867145486512, 22.670750436914453], [94.05867561428518, 22.67129237314753], [94.05925958074062, 22.6712885119738], [94.05927206664227, 22.67291432014177], [94.05693617253831, 22.67292975329344]]]}, "properties": {"id": 74, "label": "persistent radar change", "class_id": 1, "direction": "increase", "area_ha": 5.402744515524945, "pixel_count": 15, "mean_change_db": 4.12066650390625, "max_change_db": 4.644954681396484, "mean_signed_db": 4.12066650390625, "first_observed": "2024-11-20T11:46:56.693237Z", "observation_interval": ["2024-04-18T11:46:55.497558Z", "2024-11-20T11:46:56.693237Z"], "persists_into_T3": true, "mean_power_by_date": [0.05615779012441635, 0.14431999623775482, 0.12431348860263824], "interpretation": "Unvalidated radar-change candidate; terrain, registration and moisture may explain the signal.", "mean_slope_deg": 0.46, "max_slope_deg": 0.91, "mean_elevation_m": 161.2, "terrain_risk_pct": 0.0, "terrain_tier": "Low Risk (Flat Lowland)", "priority_score": 9.58, "temporal_class": "persistent", "t4_status": "pending", "t4_mean_power": null, "t4_mean_signed_db": null, "t4_observation": null}}, {"type": "Feature", "geometry": {"type": "Polygon", "coordinates": [[[94.12643815299002, 22.745077633612084], [94.12642038724765, 22.74290995756595], [94.12817315782999, 22.742897589942352], [94.12817760596997, 22.743439508683252], [94.12876186486237, 22.743435381761632], [94.12877521700256, 22.745061137431644], [94.12643815299002, 22.745077633612084]]]}, "properties": {"id": 67, "label": "persistent radar change", "class_id": 1, "direction": "increase", "area_ha": 5.402532318134047, "pixel_count": 15, "mean_change_db": 4.103516578674316, "max_change_db": 4.435947895050049, "mean_signed_db": 4.103516578674316, "first_observed": "2024-11-20T11:46:56.693237Z", "observation_interval": ["2024-04-18T11:46:55.497558Z", "2024-11-20T11:46:56.693237Z"], "persists_into_T3": true, "mean_power_by_date": [0.06189601495862007, 0.1590472161769867, 0.1342323273420334], "interpretation": "Unvalidated radar-change candidate; terrain, registration and moisture may explain the signal.", "mean_slope_deg": 0.99, "max_slope_deg": 3.47, "mean_elevation_m": 153.7, "terrain_risk_pct": 0.0, "terrain_tier": "Low Risk (Flat Lowland)", "priority_score": 9.54, "temporal_class": "persistent", "t4_status": "pending", "t4_mean_power": null, "t4_mean_signed_db": null, "t4_observation": null}}, {"type": "Feature", "geometry": {"type": "Polygon", "coordinates": [[[94.33429712155575, 23.383460525906013], [94.33429169541522, 23.382918693112607], [94.33370471469033, 23.3829237007234], [94.33368844440112, 23.38129820172227], [94.33603633770133, 23.381278159622404], [94.33604177050883, 23.381819992143015], [94.33662874581167, 23.38181497598366], [94.33664505236796, 23.38344047292389], [94.33429712155575, 23.383460525906013]]]}, "properties": {"id": 177, "label": "temporary radar change (return toward T1)", "class_id": 2, "direction": "increase", "area_ha": 6.482203811153117, "pixel_count": 18, "mean_change_db": 3.4118573665618896, "max_change_db": 3.9493913650512695, "mean_signed_db": 3.4118573665618896, "first_observed": "2024-11-20T11:46:56.693237Z", "observation_interval": ["2024-04-18T11:46:55.497558Z", "2024-11-20T11:46:56.693237Z"], "persists_into_T3": false, "mean_power_by_date": [0.07603657245635986, 0.16669321060180664, 0.089909128844738], "interpretation": "Unvalidated radar-change candidate; terrain, registration and moisture may explain the signal.", "mean_slope_deg": 3.35, "max_slope_deg": 10.47, "mean_elevation_m": 114.0, "terrain_risk_pct": 0.0, "terrain_tier": "Low Risk (Flat Lowland)", "priority_score": 8.69, "temporal_class": "seasonal_transient", "t4_status": "pending", "t4_mean_power": null, "t4_mean_signed_db": null, "t4_observation": null}}, {"type": "Feature", "geometry": {"type": "Polygon", "coordinates": [[[94.42738958347603, 23.524605726331185], [94.4273720522944, 23.52298032118218], [94.43030993437375, 23.522953352322375], [94.43032750160887, 23.524578755388227], [94.42738958347603, 23.524605726331185]]]}, "properties": {"id": 112, "label": "temporary radar change (return toward T1)", "class_id": 2, "direction": "increase", "area_ha": 5.401481593891606, "pixel_count": 15, "mean_change_db": 4.089550971984863, "max_change_db": 5.045330047607422, "mean_signed_db": 4.089550971984863, "first_observed": "2024-11-20T11:46:56.693237Z", "observation_interval": ["2024-04-18T11:46:55.497558Z", "2024-11-20T11:46:56.693237Z"], "persists_into_T3": false, "mean_power_by_date": [0.08129988610744476, 0.20721310377120972, 0.09515488892793655], "interpretation": "Unvalidated radar-change candidate; terrain, registration and moisture may explain the signal.", "mean_slope_deg": 0.64, "max_slope_deg": 1.49, "mean_elevation_m": 107.7, "terrain_risk_pct": 0.0, "terrain_tier": "Low Risk (Flat Lowland)", "priority_score": 9.5, "temporal_class": "seasonal_transient", "t4_status": "pending", "t4_mean_power": null, "t4_mean_signed_db": null, "t4_observation": null}}, {"type": "Feature", "geometry": {"type": "Polygon", "coordinates": [[[94.03244471157402, 23.21774812465857], [94.03244054608136, 23.217206221169583], [94.03185422782649, 23.21721006996776], [94.0318375765678, 23.215042455230986], [94.03359650258368, 23.215030903482088], [94.033604842148, 23.21611471032548], [94.03419115529745, 23.216110855171387], [94.03420367267925, 23.21773656485032], [94.03244471157402, 23.21774812465857]]]}, "properties": {"id": 296, "label": "temporary radar change (return toward T1)", "class_id": 2, "direction": "increase", "area_ha": 6.123207974269754, "pixel_count": 17, "mean_change_db": 3.5964603424072266, "max_change_db": 4.15833854675293, "mean_signed_db": 3.5964603424072266, "first_observed": "2024-11-20T11:46:56.693237Z", "observation_interval": ["2024-04-18T11:46:55.497558Z", "2024-11-20T11:46:56.693237Z"], "persists_into_T3": false, "mean_power_by_date": [0.0838722363114357, 0.19198830425739288, 0.10397958010435104], "interpretation": "Unvalidated radar-change candidate; terrain, registration and moisture may explain the signal.", "mean_slope_deg": 0.84, "max_slope_deg": 1.19, "mean_elevation_m": 136.6, "terrain_risk_pct": 0.0, "terrain_tier": "Low Risk (Flat Lowland)", "priority_score": 8.9, "temporal_class": "seasonal_transient", "t4_status": "pending", "t4_mean_power": null, "t4_mean_signed_db": null, "t4_observation": null}}, {"type": "Feature", "geometry": {"type": "Polygon", "coordinates": [[[94.04950846629914, 22.771073636261058], [94.04950432270374, 22.77053170518305], [94.04891993311648, 22.770535546600488], [94.04890751000498, 22.768909752837132], [94.05066065763367, 22.768898223082243], [94.05066480546286, 22.76944015406963], [94.05124919005944, 22.76943630643923], [94.05126164122277, 22.771062098871546], [94.04950846629914, 22.771073636261058]]]}, "properties": {"id": 60, "label": "persistent radar change", "class_id": 1, "direction": "increase", "area_ha": 5.042585855581309, "pixel_count": 14, "mean_change_db": 4.350983142852783, "max_change_db": 4.824047088623047, "mean_signed_db": 4.350983142852783, "first_observed": "2024-11-20T11:46:56.693237Z", "observation_interval": ["2024-04-18T11:46:55.497558Z", "2024-11-20T11:46:56.693237Z"], "persists_into_T3": true, "mean_power_by_date": [0.05402741581201553, 0.14711406826972961, 0.12633182108402252], "interpretation": "Unvalidated radar-change candidate; terrain, registration and moisture may explain the signal.", "mean_slope_deg": 0.36, "max_slope_deg": 0.71, "mean_elevation_m": 156.1, "terrain_risk_pct": 0.0, "terrain_tier": "Low Risk (Flat Lowland)", "priority_score": 9.77, "temporal_class": "persistent", "t4_status": "pending", "t4_mean_power": null, "t4_mean_signed_db": null, "t4_observation": null}}, {"type": "Feature", "geometry": {"type": "Polygon", "coordinates": [[[94.04846516011402, 22.710922888147095], [94.04844865160682, 22.708755146577047], [94.05136928603467, 22.70873597597582], [94.05138170170092, 22.710361780687137], [94.05079756817238, 22.710365619376795], [94.0508017046816, 22.710907554307337], [94.04846516011402, 22.710922888147095]]]}, "properties": {"id": 497, "label": "temporary radar change (return toward T1)", "class_id": 2, "direction": "increase", "area_ha": 6.843508318843809, "pixel_count": 19, "mean_change_db": 3.1978707313537598, "max_change_db": 3.4278650283813477, "mean_signed_db": 3.1978707313537598, "first_observed": "2024-11-20T11:46:56.693237Z", "observation_interval": ["2024-04-18T11:46:55.497558Z", "2024-11-20T11:46:56.693237Z"], "persists_into_T3": false, "mean_power_by_date": [0.05939323082566261, 0.12410613149404526, 0.0790238156914711], "interpretation": "Unvalidated radar-change candidate; terrain, registration and moisture may explain the signal.", "mean_slope_deg": 0.54, "max_slope_deg": 0.97, "mean_elevation_m": 159.7, "terrain_risk_pct": 0.0, "terrain_tier": "Low Risk (Flat Lowland)", "priority_score": 8.37, "temporal_class": "seasonal_transient", "t4_status": "pending", "t4_mean_power": null, "t4_mean_signed_db": null, "t4_observation": null}}, {"type": "Feature", "geometry": {"type": "Polygon", "coordinates": [[[93.99308948674113, 23.366490550150306], [93.99307334569511, 23.364322950599213], [93.99542122520369, 23.364308032220137], [93.99543335941574, 23.36593373078213], [93.99484638256824, 23.365937463968375], [93.99485042516419, 23.36647936350932], [93.99308948674113, 23.366490550150306]]]}, "properties": {"id": 194, "label": "temporary radar change (return toward T1)", "class_id": 2, "direction": "increase", "area_ha": 5.402943519107905, "pixel_count": 15, "mean_change_db": 4.041723251342773, "max_change_db": 4.621570110321045, "mean_signed_db": 4.041723251342773, "first_observed": "2024-11-20T11:46:56.693237Z", "observation_interval": ["2024-04-18T11:46:55.497558Z", "2024-11-20T11:46:56.693237Z"], "persists_into_T3": false, "mean_power_by_date": [0.07844951003789902, 0.19856080412864685, 0.09789004176855087], "interpretation": "Unvalidated radar-change candidate; terrain, registration and moisture may explain the signal.", "mean_slope_deg": 0.69, "max_slope_deg": 0.87, "mean_elevation_m": 177.5, "terrain_risk_pct": 0.0, "terrain_tier": "Low Risk (Flat Lowland)", "priority_score": 9.39, "temporal_class": "seasonal_transient", "t4_status": "pending", "t4_mean_power": null, "t4_mean_signed_db": null, "t4_observation": null}}, {"type": "Feature", "geometry": {"type": "Polygon", "coordinates": [[[94.09893323315782, 23.030332000118204], [94.09890687249614, 23.027080571933343], [94.10066331198804, 23.02706836393075], [94.10068971476261, 23.030319790197844], [94.09893323315782, 23.030332000118204]]]}, "properties": {"id": 374, "label": "temporary radar change (return toward T1)", "class_id": 2, "direction": "increase", "area_ha": 6.483151998057589, "pixel_count": 18, "mean_change_db": 3.367783546447754, "max_change_db": 3.9310426712036133, "mean_signed_db": 3.367783546447754, "first_observed": "2024-11-20T11:46:56.693237Z", "observation_interval": ["2024-04-18T11:46:55.497558Z", "2024-11-20T11:46:56.693237Z"], "persists_into_T3": false, "mean_power_by_date": [0.10346268117427826, 0.22476281225681305, 0.10538654029369354], "interpretation": "Unvalidated radar-change candidate; terrain, registration and moisture may explain the signal.", "mean_slope_deg": 0.27, "max_slope_deg": 0.71, "mean_elevation_m": 118.9, "terrain_risk_pct": 0.0, "terrain_tier": "Low Risk (Flat Lowland)", "priority_score": 8.58, "temporal_class": "seasonal_transient", "t4_status": "pending", "t4_mean_power": null, "t4_mean_signed_db": null, "t4_observation": null}}, {"type": "Feature", "geometry": {"type": "Polygon", "coordinates": [[[94.42441867207118, 23.576109078422085], [94.42441282601312, 23.575567279627286], [94.42382501454878, 23.575572666877463], [94.42380748465362, 23.573947269842904], [94.42615870053852, 23.573925709172816], [94.42618211264745, 23.5760929029238], [94.42441867207118, 23.576109078422085]]]}, "properties": {"id": 4, "label": "persistent radar change", "class_id": 1, "direction": "decrease", "area_ha": 5.401499114669231, "pixel_count": 15, "mean_change_db": 4.021254539489746, "max_change_db": 4.961775779724121, "mean_signed_db": -4.021254539489746, "first_observed": "2024-11-20T11:46:56.693237Z", "observation_interval": ["2024-04-18T11:46:55.497558Z", "2024-11-20T11:46:56.693237Z"], "persists_into_T3": true, "mean_power_by_date": [0.11375680565834045, 0.04483460634946823, 0.041442520916461945], "interpretation": "Unvalidated radar-change candidate; terrain, registration and moisture may explain the signal.", "mean_slope_deg": 0.0, "max_slope_deg": 0.0, "mean_elevation_m": 103.0, "terrain_risk_pct": 0.0, "terrain_tier": "Low Risk (Flat Lowland)", "priority_score": 9.35, "temporal_class": "persistent", "t4_status": "pending", "t4_mean_power": null, "t4_mean_signed_db": null, "t4_observation": null}}, {"type": "Feature", "geometry": {"type": "Polygon", "coordinates": [[[94.04453730449283, 22.655126226385157], [94.04451270261525, 22.651874587069845], [94.04626436313299, 22.651863161319167], [94.04628900624989, 22.65511479881622], [94.04453730449283, 22.655126226385157]]]}, "properties": {"id": 515, "label": "temporary radar change (return toward T1)", "class_id": 2, "direction": "increase", "area_ha": 6.483338086196967, "pixel_count": 18, "mean_change_db": 3.341423273086548, "max_change_db": 3.7151622772216797, "mean_signed_db": 3.341423273086548, "first_observed": "2024-11-20T11:46:56.693237Z", "observation_interval": ["2024-04-18T11:46:55.497558Z", "2024-11-20T11:46:56.693237Z"], "persists_into_T3": false, "mean_power_by_date": [0.06448627263307571, 0.1393476128578186, 0.08454060554504395], "interpretation": "Unvalidated radar-change candidate; terrain, registration and moisture may explain the signal.", "mean_slope_deg": 0.87, "max_slope_deg": 1.39, "mean_elevation_m": 175.2, "terrain_risk_pct": 0.0, "terrain_tier": "Low Risk (Flat Lowland)", "priority_score": 8.51, "temporal_class": "seasonal_transient", "t4_status": "pending", "t4_mean_power": null, "t4_mean_signed_db": null, "t4_observation": null}}, {"type": "Feature", "geometry": {"type": "Polygon", "coordinates": [[[93.9831667564822, 23.374140183353482], [93.9831507708431, 23.371972579414912], [93.98491178695886, 23.371961502173125], [93.98491579034393, 23.372503402928338], [93.9855027978607, 23.37249970601498], [93.98551481589251, 23.374125407764563], [93.9831667564822, 23.374140183353482]]]}, "properties": {"id": 189, "label": "temporary radar change (return toward T1)", "class_id": 2, "direction": "increase", "area_ha": 5.402971062007383, "pixel_count": 15, "mean_change_db": 3.9989964962005615, "max_change_db": 4.881481647491455, "mean_signed_db": 3.9989964962005615, "first_observed": "2024-11-20T11:46:56.693237Z", "observation_interval": ["2024-04-18T11:46:55.497558Z", "2024-11-20T11:46:56.693237Z"], "persists_into_T3": false, "mean_power_by_date": [0.0989062562584877, 0.24902643263339996, 0.1234312355518341], "interpretation": "Unvalidated radar-change candidate; terrain, registration and moisture may explain the signal.", "mean_slope_deg": 1.95, "max_slope_deg": 4.33, "mean_elevation_m": 193.4, "terrain_risk_pct": 0.0, "terrain_tier": "Low Risk (Flat Lowland)", "priority_score": 9.3, "temporal_class": "seasonal_transient", "t4_status": "pending", "t4_mean_power": null, "t4_mean_signed_db": null, "t4_observation": null}}, {"type": "Feature", "geometry": {"type": "Polygon", "coordinates": [[[94.38141438778814, 23.284971988409406], [94.38140320545723, 23.283888330392667], [94.38023013680755, 23.283898655722755], [94.38021337880376, 23.2822731676037], [94.38197296017859, 23.282257677527483], [94.38198414624465, 23.283341335508112], [94.38315720914143, 23.283330997297547], [94.38317400373441, 23.28495648317352], [94.38141438778814, 23.284971988409406]]]}, "properties": {"id": 267, "label": "temporary radar change (return toward T1)", "class_id": 2, "direction": "increase", "area_ha": 6.121877110847086, "pixel_count": 17, "mean_change_db": 3.522406578063965, "max_change_db": 4.050789833068848, "mean_signed_db": 3.522406578063965, "first_observed": "2024-11-20T11:46:56.693237Z", "observation_interval": ["2024-04-18T11:46:55.497558Z", "2024-11-20T11:46:56.693237Z"], "persists_into_T3": false, "mean_power_by_date": [0.0745440125465393, 0.1679607331752777, 0.08142726123332977], "interpretation": "Unvalidated radar-change candidate; terrain, registration and moisture may explain the signal.", "mean_slope_deg": 4.17, "max_slope_deg": 9.37, "mean_elevation_m": 119.9, "terrain_risk_pct": 0.0, "terrain_tier": "Low Risk (Flat Lowland)", "priority_score": 8.72, "temporal_class": "seasonal_transient", "t4_status": "pending", "t4_mean_power": null, "t4_mean_signed_db": null, "t4_observation": null}}, {"type": "Feature", "geometry": {"type": "Polygon", "coordinates": [[[94.06306626648252, 23.45544661149592], [94.0630619283011, 23.454904729764817], [94.06188721442864, 23.454912729834994], [94.06187421503812, 23.453287083792], [94.06422361351521, 23.45327107604953], [94.06422795609794, 23.45381295768907], [94.06481530778773, 23.453808950124444], [94.0648283435037, 23.45543459450249], [94.06306626648252, 23.45544661149592]]]}, "properties": {"id": 123, "label": "temporary radar change (return toward T1)", "class_id": 2, "direction": "increase", "area_ha": 6.123113529830868, "pixel_count": 17, "mean_change_db": 3.5118448734283447, "max_change_db": 4.1901702880859375, "mean_signed_db": 3.5118448734283447, "first_observed": "2024-11-20T11:46:56.693237Z", "observation_interval": ["2024-04-18T11:46:55.497558Z", "2024-11-20T11:46:56.693237Z"], "persists_into_T3": false, "mean_power_by_date": [0.0969637781381607, 0.21757669746875763, 0.11141718924045563], "interpretation": "Unvalidated radar-change candidate; terrain, registration and moisture may explain the signal.", "mean_slope_deg": 0.15, "max_slope_deg": 0.23, "mean_elevation_m": 133.0, "terrain_risk_pct": 0.0, "terrain_tier": "Low Risk (Flat Lowland)", "priority_score": 8.69, "temporal_class": "seasonal_transient", "t4_status": "pending", "t4_mean_power": null, "t4_mean_signed_db": null, "t4_observation": null}}, {"type": "Feature", "geometry": {"type": "Polygon", "coordinates": [[[94.36614796868184, 23.340919197334085], [94.36613688018134, 23.339835540088718], [94.36555009671946, 23.339840658329774], [94.36553347235557, 23.338215171773598], [94.3672938008272, 23.338199811652], [94.36729934925334, 23.33874164014486], [94.3678861274567, 23.33873651557714], [94.36790833234556, 23.340903828630346], [94.36614796868184, 23.340919197334085]]]}, "properties": {"id": 216, "label": "temporary radar change (return toward T1)", "class_id": 2, "direction": "increase", "area_ha": 6.1219447000357325, "pixel_count": 17, "mean_change_db": 3.501483201980591, "max_change_db": 3.9002904891967773, "mean_signed_db": 3.501483201980591, "first_observed": "2024-11-20T11:46:56.693237Z", "observation_interval": ["2024-04-18T11:46:55.497558Z", "2024-11-20T11:46:56.693237Z"], "persists_into_T3": false, "mean_power_by_date": [0.08114519715309143, 0.18173544108867645, 0.09606319665908813], "interpretation": "Unvalidated radar-change candidate; terrain, registration and moisture may explain the signal.", "mean_slope_deg": 1.38, "max_slope_deg": 2.0, "mean_elevation_m": 115.7, "terrain_risk_pct": 0.0, "terrain_tier": "Low Risk (Flat Lowland)", "priority_score": 8.66, "temporal_class": "seasonal_transient", "t4_status": "pending", "t4_mean_power": null, "t4_mean_signed_db": null, "t4_observation": null}}, {"type": "Feature", "geometry": {"type": "Polygon", "coordinates": [[[94.03264361983014, 23.013978290373107], [94.03263124372059, 23.012352537933207], [94.03321667276883, 23.012348718269635], [94.033208417978, 23.011264883320916], [94.0349646903475, 23.011253411946992], [94.03498536332678, 23.01396299753289], [94.03264361983014, 23.013978290373107]]]}, "properties": {"id": 381, "label": "temporary radar change (return toward T1)", "class_id": 2, "direction": "increase", "area_ha": 6.483388533464726, "pixel_count": 18, "mean_change_db": 3.301149845123291, "max_change_db": 3.500936508178711, "mean_signed_db": 3.301149845123291, "first_observed": "2024-11-20T11:46:56.693237Z", "observation_interval": ["2024-04-18T11:46:55.497558Z", "2024-11-20T11:46:56.693237Z"], "persists_into_T3": false, "mean_power_by_date": [0.10104876756668091, 0.21606622636318207, 0.11568311601877213], "interpretation": "Unvalidated radar-change candidate; terrain, registration and moisture may explain the signal.", "mean_slope_deg": 0.15, "max_slope_deg": 0.21, "mean_elevation_m": 120.7, "terrain_risk_pct": 0.0, "terrain_tier": "Low Risk (Flat Lowland)", "priority_score": 8.41, "temporal_class": "seasonal_transient", "t4_status": "pending", "t4_mean_power": null, "t4_mean_signed_db": null, "t4_observation": null}}, {"type": "Feature", "geometry": {"type": "Polygon", "coordinates": [[[94.31414756641212, 23.304516001976424], [94.31412627125363, 23.30234863103229], [94.31647279535711, 23.30232894536454], [94.31649412851384, 23.304496314266256], [94.31414756641212, 23.304516001976424]]]}, "properties": {"id": 255, "label": "temporary radar change (return toward T1)", "class_id": 2, "direction": "increase", "area_ha": 5.76203413935816, "pixel_count": 16, "mean_change_db": 3.6906752586364746, "max_change_db": 4.146484375, "mean_signed_db": 3.6906752586364746, "first_observed": "2024-11-20T11:46:56.693237Z", "observation_interval": ["2024-04-18T11:46:55.497558Z", "2024-11-20T11:46:56.693237Z"], "persists_into_T3": false, "mean_power_by_date": [0.07201262563467026, 0.16850680112838745, 0.08595388382673264], "interpretation": "Unvalidated radar-change candidate; terrain, registration and moisture may explain the signal.", "mean_slope_deg": 0.71, "max_slope_deg": 1.39, "mean_elevation_m": 115.2, "terrain_risk_pct": 0.0, "terrain_tier": "Low Risk (Flat Lowland)", "priority_score": 8.86, "temporal_class": "seasonal_transient", "t4_status": "pending", "t4_mean_power": null, "t4_mean_signed_db": null, "t4_observation": null}}, {"type": "Feature", "geometry": {"type": "Polygon", "coordinates": [[[94.40210777400159, 23.300502753500552], [94.40209073684629, 23.298877283965005], [94.40502370807013, 23.29885102972526], [94.40504078083615, 23.300476497217716], [94.40210777400159, 23.300502753500552]]]}, "properties": {"id": 258, "label": "temporary radar change (return toward T1)", "class_id": 2, "direction": "increase", "area_ha": 5.401571875932533, "pixel_count": 15, "mean_change_db": 3.933161497116089, "max_change_db": 4.576390266418457, "mean_signed_db": 3.933161497116089, "first_observed": "2024-11-20T11:46:56.693237Z", "observation_interval": ["2024-04-18T11:46:55.497558Z", "2024-11-20T11:46:56.693237Z"], "persists_into_T3": false, "mean_power_by_date": [0.07362009584903717, 0.18164850771427155, 0.08831540495157242], "interpretation": "Unvalidated radar-change candidate; terrain, registration and moisture may explain the signal.", "mean_slope_deg": 0.53, "max_slope_deg": 0.72, "mean_elevation_m": 116.9, "terrain_risk_pct": 0.0, "terrain_tier": "Low Risk (Flat Lowland)", "priority_score": 9.14, "temporal_class": "seasonal_transient", "t4_status": "pending", "t4_mean_power": null, "t4_mean_signed_db": null, "t4_observation": null}}, {"type": "Feature", "geometry": {"type": "Polygon", "coordinates": [[[94.3967514373095, 23.349319147717715], [94.3967230850505, 23.346610042280297], [94.39848350096909, 23.346594326299453], [94.39851188893465, 23.349303429701745], [94.3967514373095, 23.349319147717715]]]}, "properties": {"id": 205, "label": "temporary radar change (return toward T1)", "class_id": 2, "direction": "increase", "area_ha": 5.401597130197193, "pixel_count": 15, "mean_change_db": 3.9292399883270264, "max_change_db": 4.4948601722717285, "mean_signed_db": 3.9292399883270264, "first_observed": "2024-11-20T11:46:56.693237Z", "observation_interval": ["2024-04-18T11:46:55.497558Z", "2024-11-20T11:46:56.693237Z"], "persists_into_T3": false, "mean_power_by_date": [0.07991579174995422, 0.19667357206344604, 0.09923339635133743], "interpretation": "Unvalidated radar-change candidate; terrain, registration and moisture may explain the signal.", "mean_slope_deg": 1.08, "max_slope_deg": 2.83, "mean_elevation_m": 130.1, "terrain_risk_pct": 0.0, "terrain_tier": "Low Risk (Flat Lowland)", "priority_score": 9.13, "temporal_class": "seasonal_transient", "t4_status": "pending", "t4_mean_power": null, "t4_mean_signed_db": null, "t4_observation": null}}, {"type": "Feature", "geometry": {"type": "Polygon", "coordinates": [[[94.4593630402082, 23.599626033785093], [94.45933306126423, 23.59691708939848], [94.46109675270532, 23.596900503999315], [94.46112676784924, 23.599609446255933], [94.4593630402082, 23.599626033785093]]]}, "properties": {"id": 99, "label": "temporary radar change (return toward T1)", "class_id": 2, "direction": "increase", "area_ha": 5.401358846485801, "pixel_count": 15, "mean_change_db": 3.913347005844116, "max_change_db": 4.834946155548096, "mean_signed_db": 3.913347005844116, "first_observed": "2024-11-20T11:46:56.693237Z", "observation_interval": ["2024-04-18T11:46:55.497558Z", "2024-11-20T11:46:56.693237Z"], "persists_into_T3": false, "mean_power_by_date": [0.06999751925468445, 0.1720612645149231, 0.08746755868196487], "interpretation": "Unvalidated radar-change candidate; terrain, registration and moisture may explain the signal.", "mean_slope_deg": 5.06, "max_slope_deg": 10.48, "mean_elevation_m": 126.6, "terrain_risk_pct": 0.0, "terrain_tier": "Low Risk (Flat Lowland)", "priority_score": 9.09, "temporal_class": "seasonal_transient", "t4_status": "pending", "t4_mean_power": null, "t4_mean_signed_db": null, "t4_observation": null}}, {"type": "Feature", "geometry": {"type": "Polygon", "coordinates": [[[94.392302376956, 23.429013628400707], [94.3922740069855, 23.426304545409533], [94.39403547951846, 23.426288829134606], [94.39406388535366, 23.428997910095976], [94.392302376956, 23.429013628400707]]]}, "properties": {"id": 134, "label": "temporary radar change (return toward T1)", "class_id": 2, "direction": "increase", "area_ha": 5.401617723797914, "pixel_count": 15, "mean_change_db": 3.8956780433654785, "max_change_db": 5.400452136993408, "mean_signed_db": 3.8956780433654785, "first_observed": "2024-11-20T11:46:56.693237Z", "observation_interval": ["2024-04-18T11:46:55.497558Z", "2024-11-20T11:46:56.693237Z"], "persists_into_T3": false, "mean_power_by_date": [0.07694219052791595, 0.1884617656469345, 0.10168062895536423], "interpretation": "Unvalidated radar-change candidate; terrain, registration and moisture may explain the signal.", "mean_slope_deg": 1.39, "max_slope_deg": 2.15, "mean_elevation_m": 135.3, "terrain_risk_pct": 0.0, "terrain_tier": "Low Risk (Flat Lowland)", "priority_score": 9.05, "temporal_class": "seasonal_transient", "t4_status": "pending", "t4_mean_power": null, "t4_mean_signed_db": null, "t4_observation": null}}, {"type": "Feature", "geometry": {"type": "Polygon", "coordinates": [[[94.48442711468068, 22.89117237716428], [94.48439764242434, 22.888463219276794], [94.48615202531462, 22.88844682662853], [94.48618153237247, 22.89115598236022], [94.48442711468068, 22.89117237716428]]]}, "properties": {"id": 415, "label": "temporary radar change (return toward T1)", "class_id": 2, "direction": "increase", "area_ha": 5.401223342298903, "pixel_count": 15, "mean_change_db": 3.869481086730957, "max_change_db": 4.14605712890625, "mean_signed_db": 3.869481086730957, "first_observed": "2024-11-20T11:46:56.693237Z", "observation_interval": ["2024-04-18T11:46:55.497558Z", "2024-11-20T11:46:56.693237Z"], "persists_into_T3": false, "mean_power_by_date": [0.07501021772623062, 0.1831558793783188, 0.09600985795259476], "interpretation": "Unvalidated radar-change candidate; terrain, registration and moisture may explain the signal.", "mean_slope_deg": 1.63, "max_slope_deg": 5.4, "mean_elevation_m": 97.7, "terrain_risk_pct": 0.0, "terrain_tier": "Low Risk (Flat Lowland)", "priority_score": 8.99, "temporal_class": "seasonal_transient", "t4_status": "pending", "t4_mean_power": null, "t4_mean_signed_db": null, "t4_observation": null}}, {"type": "Feature", "geometry": {"type": "Polygon", "coordinates": [[[94.10217180554339, 23.140321478100002], [94.10215851529115, 23.138695788577152], [94.10274447813885, 23.13869169074691], [94.10274004596813, 23.138149794270095], [94.10449792664681, 23.13813748803786], [94.10451568438067, 23.140305072432923], [94.10217180554339, 23.140321478100002]]]}, "properties": {"id": 317, "label": "temporary radar change (return toward T1)", "class_id": 2, "direction": "increase", "area_ha": 5.402618560821214, "pixel_count": 15, "mean_change_db": 3.8645544052124023, "max_change_db": 5.205721855163574, "mean_signed_db": 3.8645544052124023, "first_observed": "2024-11-20T11:46:56.693237Z", "observation_interval": ["2024-04-18T11:46:55.497558Z", "2024-11-20T11:46:56.693237Z"], "persists_into_T3": false, "mean_power_by_date": [0.0863681212067604, 0.2106519490480423, 0.10115262866020203], "interpretation": "Unvalidated radar-change candidate; terrain, registration and moisture may explain the signal.", "mean_slope_deg": 1.36, "max_slope_deg": 3.35, "mean_elevation_m": 111.0, "terrain_risk_pct": 0.0, "terrain_tier": "Low Risk (Flat Lowland)", "priority_score": 8.98, "temporal_class": "seasonal_transient", "t4_status": "pending", "t4_mean_power": null, "t4_mean_signed_db": null, "t4_observation": null}}, {"type": "Feature", "geometry": {"type": "Polygon", "coordinates": [[[94.47040644380486, 23.588143125150243], [94.47037625453635, 23.585434190177217], [94.47213978375055, 23.585417487017917], [94.4721700091954, 23.588126419845022], [94.47040644380486, 23.588143125150243]]]}, "properties": {"id": 102, "label": "temporary radar change (return toward T1)", "class_id": 2, "direction": "increase", "area_ha": 5.401313329348154, "pixel_count": 15, "mean_change_db": 3.860715627670288, "max_change_db": 4.543957710266113, "mean_signed_db": 3.860715627670288, "first_observed": "2024-11-20T11:46:56.693237Z", "observation_interval": ["2024-04-18T11:46:55.497558Z", "2024-11-20T11:46:56.693237Z"], "persists_into_T3": false, "mean_power_by_date": [0.09589412808418274, 0.23343315720558167, 0.09748473763465881], "interpretation": "Unvalidated radar-change candidate; terrain, registration and moisture may explain the signal.", "mean_slope_deg": 1.06, "max_slope_deg": 2.69, "mean_elevation_m": 117.3, "terrain_risk_pct": 0.0, "terrain_tier": "Low Risk (Flat Lowland)", "priority_score": 8.97, "temporal_class": "seasonal_transient", "t4_status": "pending", "t4_mean_power": null, "t4_mean_signed_db": null, "t4_observation": null}}, {"type": "Feature", "geometry": {"type": "Polygon", "coordinates": [[[94.08989071783668, 23.35988514951589], [94.08987743618053, 23.35825949870814], [94.09281206115301, 23.358239034795048], [94.09282537855428, 23.35986468401326], [94.08989071783668, 23.35988514951589]]]}, "properties": {"id": 200, "label": "temporary radar change (return toward T1)", "class_id": 2, "direction": "increase", "area_ha": 5.402660888665542, "pixel_count": 15, "mean_change_db": 3.855696678161621, "max_change_db": 4.543819427490234, "mean_signed_db": 3.855696678161621, "first_observed": "2024-11-20T11:46:56.693237Z", "observation_interval": ["2024-04-18T11:46:55.497558Z", "2024-11-20T11:46:56.693237Z"], "persists_into_T3": false, "mean_power_by_date": [0.10375681519508362, 0.25269588828086853, 0.11166274547576904], "interpretation": "Unvalidated radar-change candidate; terrain, registration and moisture may explain the signal.", "mean_slope_deg": 0.59, "max_slope_deg": 0.87, "mean_elevation_m": 121.7, "terrain_risk_pct": 0.0, "terrain_tier": "Low Risk (Flat Lowland)", "priority_score": 8.96, "temporal_class": "seasonal_transient", "t4_status": "pending", "t4_mean_power": null, "t4_mean_signed_db": null, "t4_observation": null}}, {"type": "Feature", "geometry": {"type": "Polygon", "coordinates": [[[94.06900021648333, 23.02132411204597], [94.06898740013216, 23.01969838012709], [94.06957285403594, 23.019694424846787], [94.06956857983887, 23.019152514235067], [94.07132493375863, 23.019140635716976], [94.07133777778478, 23.020766366505374], [94.07075231959195, 23.020770328487306], [94.07075659885435, 23.02131223877818], [94.06900021648333, 23.02132411204597]]]}, "properties": {"id": 23, "label": "persistent radar change", "class_id": 1, "direction": "increase", "area_ha": 5.0425355095970215, "pixel_count": 14, "mean_change_db": 4.124329090118408, "max_change_db": 4.7909088134765625, "mean_signed_db": 4.124329090118408, "first_observed": "2024-11-20T11:46:56.693237Z", "observation_interval": ["2024-04-18T11:46:55.497558Z", "2024-11-20T11:46:56.693237Z"], "persists_into_T3": true, "mean_power_by_date": [0.03320397064089775, 0.08687574416399002, 0.07646279782056808], "interpretation": "Unvalidated radar-change candidate; terrain, registration and moisture may explain the signal.", "mean_slope_deg": 0.57, "max_slope_deg": 1.15, "mean_elevation_m": 119.2, "terrain_risk_pct": 0.0, "terrain_tier": "Low Risk (Flat Lowland)", "priority_score": 9.26, "temporal_class": "persistent", "t4_status": "pending", "t4_mean_power": null, "t4_mean_signed_db": null, "t4_observation": null}}, {"type": "Feature", "geometry": {"type": "Polygon", "coordinates": [[[94.07074951889635, 22.79694638762989], [94.07073682090112, 22.795320610759166], [94.07132131193171, 22.79531668544522], [94.07131707721476, 22.79477475985013], [94.07307054260569, 22.79476297137179], [94.07308326792717, 22.79638874711106], [94.07249877266435, 22.796392679056332], [94.07250301238666, 22.79693460433141], [94.07074951889635, 22.79694638762989]]]}, "properties": {"id": 50, "label": "persistent radar change", "class_id": 1, "direction": "increase", "area_ha": 5.042525597226061, "pixel_count": 14, "mean_change_db": 4.123128890991211, "max_change_db": 4.510561943054199, "mean_signed_db": 4.123128890991211, "first_observed": "2024-11-20T11:46:56.693237Z", "observation_interval": ["2024-04-18T11:46:55.497558Z", "2024-11-20T11:46:56.693237Z"], "persists_into_T3": true, "mean_power_by_date": [0.05510513111948967, 0.14249193668365479, 0.1250910609960556], "interpretation": "Unvalidated radar-change candidate; terrain, registration and moisture may explain the signal.", "mean_slope_deg": 0.61, "max_slope_deg": 1.02, "mean_elevation_m": 145.4, "terrain_risk_pct": 0.0, "terrain_tier": "Low Risk (Flat Lowland)", "priority_score": 9.26, "temporal_class": "persistent", "t4_status": "pending", "t4_mean_power": null, "t4_mean_signed_db": null, "t4_observation": null}}, {"type": "Feature", "geometry": {"type": "Polygon", "coordinates": [[[94.03791997416282, 23.319052387571368], [94.0379073504986, 23.31742670077783], [94.03849410627132, 23.3174228136793], [94.03848989625847, 23.316880918105895], [94.04025015568433, 23.31686924393694], [94.0402670250277, 23.31903682479079], [94.03791997416282, 23.319052387571368]]]}, "properties": {"id": 242, "label": "temporary radar change (return toward T1)", "class_id": 2, "direction": "increase", "area_ha": 5.402815285420371, "pixel_count": 15, "mean_change_db": 3.84769868850708, "max_change_db": 4.788771152496338, "mean_signed_db": 3.84769868850708, "first_observed": "2024-11-20T11:46:56.693237Z", "observation_interval": ["2024-04-18T11:46:55.497558Z", "2024-11-20T11:46:56.693237Z"], "persists_into_T3": false, "mean_power_by_date": [0.09259820729494095, 0.22356918454170227, 0.1113424301147461], "interpretation": "Unvalidated radar-change candidate; terrain, registration and moisture may explain the signal.", "mean_slope_deg": 0.38, "max_slope_deg": 0.54, "mean_elevation_m": 122.1, "terrain_risk_pct": 0.0, "terrain_tier": "Low Risk (Flat Lowland)", "priority_score": 8.94, "temporal_class": "seasonal_transient", "t4_status": "pending", "t4_mean_power": null, "t4_mean_signed_db": null, "t4_observation": null}}, {"type": "Feature", "geometry": {"type": "Polygon", "coordinates": [[[94.02315853714633, 23.23027325120191], [94.02315440662683, 23.229731346992534], [94.02256803197115, 23.22973516310456], [94.022555648257, 23.2281094499505], [94.02431475055626, 23.228097995947497], [94.02431888543467, 23.22863990007236], [94.02490525498484, 23.22863607759863], [94.02491766746554, 23.23026178944678], [94.02315853714633, 23.23027325120191]]]}, "properties": {"id": 286, "label": "temporary radar change (return toward T1)", "class_id": 2, "direction": "increase", "area_ha": 5.0426670170531604, "pixel_count": 14, "mean_change_db": 4.100817680358887, "max_change_db": 4.993277549743652, "mean_signed_db": 4.100817680358887, "first_observed": "2024-11-20T11:46:56.693237Z", "observation_interval": ["2024-04-18T11:46:55.497558Z", "2024-11-20T11:46:56.693237Z"], "persists_into_T3": false, "mean_power_by_date": [0.0815814733505249, 0.20958133041858673, 0.1056380644440651], "interpretation": "Unvalidated radar-change candidate; terrain, registration and moisture may explain the signal.", "mean_slope_deg": 0.53, "max_slope_deg": 0.72, "mean_elevation_m": 143.7, "terrain_risk_pct": 0.0, "terrain_tier": "Low Risk (Flat Lowland)", "priority_score": 9.21, "temporal_class": "seasonal_transient", "t4_status": "pending", "t4_mean_power": null, "t4_mean_signed_db": null, "t4_observation": null}}, {"type": "Feature", "geometry": {"type": "Polygon", "coordinates": [[[94.44776470963788, 23.721107462022463], [94.44774676152558, 23.71948211257746], [94.44833521000476, 23.71947660344345], [94.44832922522751, 23.71893482035734], [94.45009456230679, 23.718918279955826], [94.45011853164054, 23.72108541037148], [94.44776470963788, 23.721107462022463]]]}, "properties": {"id": 90, "label": "temporary radar change (return toward T1)", "class_id": 2, "direction": "increase", "area_ha": 5.401409988168324, "pixel_count": 15, "mean_change_db": 3.826706647872925, "max_change_db": 4.5012030601501465, "mean_signed_db": 3.826706647872925, "first_observed": "2024-11-20T11:46:56.693237Z", "observation_interval": ["2024-04-18T11:46:55.497558Z", "2024-11-20T11:46:56.693237Z"], "persists_into_T3": false, "mean_power_by_date": [0.06941523402929306, 0.16750699281692505, 0.08264238387346268], "interpretation": "Unvalidated radar-change candidate; terrain, registration and moisture may explain the signal.", "mean_slope_deg": 0.42, "max_slope_deg": 1.09, "mean_elevation_m": 109.9, "terrain_risk_pct": 0.0, "terrain_tier": "Low Risk (Flat Lowland)", "priority_score": 8.89, "temporal_class": "seasonal_transient", "t4_status": "pending", "t4_mean_power": null, "t4_mean_signed_db": null, "t4_observation": null}}, {"type": "Feature", "geometry": {"type": "Polygon", "coordinates": [[[94.4550607762819, 23.742170644107315], [94.45505475725747, 23.741628864229384], [94.45446621107263, 23.741634403776615], [94.45444214649604, 23.739467283304467], [94.45620775532512, 23.739450659644536], [94.4562198018487, 23.740534219109396], [94.45680834263102, 23.740528673127475], [94.45682642105857, 23.742154011603926], [94.4550607762819, 23.742170644107315]]]}, "properties": {"id": 84, "label": "temporary radar change (return toward T1)", "class_id": 2, "direction": "increase", "area_ha": 6.12156848236816, "pixel_count": 17, "mean_change_db": 3.3646240234375, "max_change_db": 3.662813186645508, "mean_signed_db": 3.3646240234375, "first_observed": "2024-11-20T11:46:56.693237Z", "observation_interval": ["2024-04-18T11:46:55.497558Z", "2024-11-20T11:46:56.693237Z"], "persists_into_T3": false, "mean_power_by_date": [0.06302261352539062, 0.13643895089626312, 0.07839000970125198], "interpretation": "Unvalidated radar-change candidate; terrain, registration and moisture may explain the signal.", "mean_slope_deg": 0.37, "max_slope_deg": 0.79, "mean_elevation_m": 112.1, "terrain_risk_pct": 0.0, "terrain_tier": "Low Risk (Flat Lowland)", "priority_score": 8.32, "temporal_class": "seasonal_transient", "t4_status": "pending", "t4_mean_power": null, "t4_mean_signed_db": null, "t4_observation": null}}, {"type": "Feature", "geometry": {"type": "Polygon", "coordinates": [[[94.0141528656424, 23.046614554231304], [94.01414880760254, 23.046072635883704], [94.01356322939638, 23.04607639022197], [94.013551063039, 23.044450634657696], [94.01530777621109, 23.044439366024648], [94.01531183856679, 23.044981284289], [94.01589741172054, 23.044977523644707], [94.0159096065509, 23.046603277915803], [94.0141528656424, 23.046614554231304]]]}, "properties": {"id": 370, "label": "temporary radar change (return toward T1)", "class_id": 2, "direction": "increase", "area_ha": 5.042687261942797, "pixel_count": 14, "mean_change_db": 4.0739922523498535, "max_change_db": 4.720095634460449, "mean_signed_db": 4.0739922523498535, "first_observed": "2024-11-20T11:46:56.693237Z", "observation_interval": ["2024-04-18T11:46:55.497558Z", "2024-11-20T11:46:56.693237Z"], "persists_into_T3": false, "mean_power_by_date": [0.07285567373037338, 0.18730925023555756, 0.0851927176117897], "interpretation": "Unvalidated radar-change candidate; terrain, registration and moisture may explain the signal.", "mean_slope_deg": 0.97, "max_slope_deg": 1.46, "mean_elevation_m": 121.7, "terrain_risk_pct": 0.0, "terrain_tier": "Low Risk (Flat Lowland)", "priority_score": 9.15, "temporal_class": "seasonal_transient", "t4_status": "pending", "t4_mean_power": null, "t4_mean_signed_db": null, "t4_observation": null}}, {"type": "Feature", "geometry": {"type": "Polygon", "coordinates": [[[94.01901191567747, 23.14738423879067], [94.01899962389058, 23.145758506830806], [94.01958563326238, 23.145754716980488], [94.01958153389215, 23.14521280635017], [94.02133955419995, 23.145201424027828], [94.02135598068568, 23.147369065134235], [94.01901191567747, 23.14738423879067]]]}, "properties": {"id": 314, "label": "temporary radar change (return toward T1)", "class_id": 2, "direction": "increase", "area_ha": 5.402865877116286, "pixel_count": 15, "mean_change_db": 3.7188172340393066, "max_change_db": 4.320701599121094, "mean_signed_db": 3.7188172340393066, "first_observed": "2024-11-20T11:46:56.693237Z", "observation_interval": ["2024-04-18T11:46:55.497558Z", "2024-11-20T11:46:56.693237Z"], "persists_into_T3": false, "mean_power_by_date": [0.07065536826848984, 0.16564951837062836, 0.08379104733467102], "interpretation": "Unvalidated radar-change candidate; terrain, registration and moisture may explain the signal.", "mean_slope_deg": 0.45, "max_slope_deg": 0.52, "mean_elevation_m": 134.6, "terrain_risk_pct": 0.0, "terrain_tier": "Low Risk (Flat Lowland)", "priority_score": 8.64, "temporal_class": "seasonal_transient", "t4_status": "pending", "t4_mean_power": null, "t4_mean_signed_db": null, "t4_observation": null}}, {"type": "Feature", "geometry": {"type": "Polygon", "coordinates": [[[94.4331703049701, 23.406969386492175], [94.43314113319614, 23.404260343743335], [94.43490228276994, 23.404244180859532], [94.43493149036236, 23.406953221519405], [94.4331703049701, 23.406969386492175]]]}, "properties": {"id": 149, "label": "temporary radar change (return toward T1)", "class_id": 2, "direction": "increase", "area_ha": 5.4014557795738805, "pixel_count": 15, "mean_change_db": 3.7183423042297363, "max_change_db": 4.639909267425537, "mean_signed_db": 3.7183423042297363, "first_observed": "2024-11-20T11:46:56.693237Z", "observation_interval": ["2024-04-18T11:46:55.497558Z", "2024-11-20T11:46:56.693237Z"], "persists_into_T3": false, "mean_power_by_date": [0.07159797847270966, 0.1685951203107834, 0.08727983385324478], "interpretation": "Unvalidated radar-change candidate; terrain, registration and moisture may explain the signal.", "mean_slope_deg": 3.14, "max_slope_deg": 5.47, "mean_elevation_m": 149.5, "terrain_risk_pct": 0.0, "terrain_tier": "Low Risk (Flat Lowland)", "priority_score": 8.64, "temporal_class": "seasonal_transient", "t4_status": "pending", "t4_mean_power": null, "t4_mean_signed_db": null, "t4_observation": null}}, {"type": "Feature", "geometry": {"type": "Polygon", "coordinates": [[[94.53098010340426, 22.870139380113606], [94.5309740299932, 22.86959755882445], [94.53038932869487, 22.86960318567405], [94.5303711165192, 22.86797772113186], [94.53212519900659, 22.86796083547363], [94.53213127649884, 22.868502656581676], [94.53271597260955, 22.868497023585874], [94.5327342131449, 22.870122486234774], [94.53098010340426, 22.870139380113606]]]}, "properties": {"id": 419, "label": "temporary radar change (return toward T1)", "class_id": 2, "direction": "increase", "area_ha": 5.040957880060468, "pixel_count": 14, "mean_change_db": 3.9768106937408447, "max_change_db": 4.642210006713867, "mean_signed_db": 3.9768106937408447, "first_observed": "2024-11-20T11:46:56.693237Z", "observation_interval": ["2024-04-18T11:46:55.497558Z", "2024-11-20T11:46:56.693237Z"], "persists_into_T3": false, "mean_power_by_date": [0.06979286670684814, 0.17446210980415344, 0.0745246559381485], "interpretation": "Unvalidated radar-change candidate; terrain, registration and moisture may explain the signal.", "mean_slope_deg": 0.24, "max_slope_deg": 0.41, "mean_elevation_m": 93.7, "terrain_risk_pct": 0.0, "terrain_tier": "Low Risk (Flat Lowland)", "priority_score": 8.93, "temporal_class": "seasonal_transient", "t4_status": "pending", "t4_mean_power": null, "t4_mean_signed_db": null, "t4_observation": null}}, {"type": "Feature", "geometry": {"type": "Polygon", "coordinates": [[[94.07223323523016, 22.687461026236797], [94.07221637191955, 22.685293295040296], [94.0745524638161, 22.685277630978568], [94.07456936385043, 22.68744536051521], [94.07223323523016, 22.687461026236797]]]}, "properties": {"id": 505, "label": "temporary radar change (return toward T1)", "class_id": 2, "direction": "increase", "area_ha": 5.762878835682944, "pixel_count": 16, "mean_change_db": 3.4693760871887207, "max_change_db": 3.8968257904052734, "mean_signed_db": 3.4693760871887207, "first_observed": "2024-11-20T11:46:56.693237Z", "observation_interval": ["2024-04-18T11:46:55.497558Z", "2024-11-20T11:46:56.693237Z"], "persists_into_T3": false, "mean_power_by_date": [0.06781298667192459, 0.15061452984809875, 0.08061854541301727], "interpretation": "Unvalidated radar-change candidate; terrain, registration and moisture may explain the signal.", "mean_slope_deg": 0.2, "max_slope_deg": 0.34, "mean_elevation_m": 154.9, "terrain_risk_pct": 0.0, "terrain_tier": "Low Risk (Flat Lowland)", "priority_score": 8.33, "temporal_class": "seasonal_transient", "t4_status": "pending", "t4_mean_power": null, "t4_mean_signed_db": null, "t4_observation": null}}, {"type": "Feature", "geometry": {"type": "Polygon", "coordinates": [[[93.61447972217847, 23.243783753151142], [93.61447227530016, 23.24215787667019], [93.61505876422436, 23.242155581858416], [93.6150562797123, 23.241613623015848], [93.61681573892969, 23.24160672562605], [93.61682321400956, 23.243232601502985], [93.61623672057225, 23.243234903001298], [93.61623921004661, 23.243776861611522], [93.61447972217847, 23.243783753151142]]]}, "properties": {"id": 281, "label": "temporary radar change (return toward T1)", "class_id": 2, "direction": "increase", "area_ha": 5.04353996621425, "pixel_count": 14, "mean_change_db": 3.960864782333374, "max_change_db": 5.143991947174072, "mean_signed_db": 3.960864782333374, "first_observed": "2024-11-20T11:46:56.693237Z", "observation_interval": ["2024-04-18T11:46:55.497558Z", "2024-11-20T11:46:56.693237Z"], "persists_into_T3": false, "mean_power_by_date": [0.0930284783244133, 0.232725128531456, 0.1026856079697609], "interpretation": "Unvalidated radar-change candidate; terrain, registration and moisture may explain the signal.", "mean_slope_deg": 6.07, "max_slope_deg": 7.73, "mean_elevation_m": 641.5, "terrain_risk_pct": 0.0, "terrain_tier": "Low Risk (Flat Lowland)", "priority_score": 8.9, "temporal_class": "seasonal_transient", "t4_status": "pending", "t4_mean_power": null, "t4_mean_signed_db": null, "t4_observation": null}}, {"type": "Feature", "geometry": {"type": "Polygon", "coordinates": [[[94.30561061584396, 22.968609626970885], [94.30558979923178, 22.966442156335894], [94.307345320779, 22.96642769045387], [94.30735053168807, 22.966969557790325], [94.30793570755242, 22.96696473138613], [94.30795134821939, 22.968590332786853], [94.30561061584396, 22.968609626970885]]]}, "properties": {"id": 392, "label": "temporary radar change (return toward T1)", "class_id": 2, "direction": "increase", "area_ha": 5.401926221286389, "pixel_count": 15, "mean_change_db": 3.695594310760498, "max_change_db": 4.279000282287598, "mean_signed_db": 3.695594310760498, "first_observed": "2024-11-20T11:46:56.693237Z", "observation_interval": ["2024-04-18T11:46:55.497558Z", "2024-11-20T11:46:56.693237Z"], "persists_into_T3": false, "mean_power_by_date": [0.085609070956707, 0.20050938427448273, 0.10808661580085754], "interpretation": "Unvalidated radar-change candidate; terrain, registration and moisture may explain the signal.", "mean_slope_deg": 1.91, "max_slope_deg": 3.94, "mean_elevation_m": 114.6, "terrain_risk_pct": 0.0, "terrain_tier": "Low Risk (Flat Lowland)", "priority_score": 8.59, "temporal_class": "seasonal_transient", "t4_status": "pending", "t4_mean_power": null, "t4_mean_signed_db": null, "t4_observation": null}}, {"type": "Feature", "geometry": {"type": "Polygon", "coordinates": [[[94.40547675978796, 23.729083369742174], [94.40545932923892, 23.72745799195515], [94.40840180324315, 23.727431219719296], [94.40841927025546, 23.729056595452082], [94.40547675978796, 23.729083369742174]]]}, "properties": {"id": 87, "label": "temporary radar change (return toward T1)", "class_id": 2, "direction": "increase", "area_ha": 5.401576673212648, "pixel_count": 15, "mean_change_db": 3.6875030994415283, "max_change_db": 4.290708541870117, "mean_signed_db": 3.6875030994415283, "first_observed": "2024-11-20T11:46:56.693237Z", "observation_interval": ["2024-04-18T11:46:55.497558Z", "2024-11-20T11:46:56.693237Z"], "persists_into_T3": false, "mean_power_by_date": [0.06617234647274017, 0.1544875204563141, 0.07101467251777649], "interpretation": "Unvalidated radar-change candidate; terrain, registration and moisture may explain the signal.", "mean_slope_deg": 1.31, "max_slope_deg": 2.52, "mean_elevation_m": 114.6, "terrain_risk_pct": 0.0, "terrain_tier": "Low Risk (Flat Lowland)", "priority_score": 8.57, "temporal_class": "seasonal_transient", "t4_status": "pending", "t4_mean_power": null, "t4_mean_signed_db": null, "t4_observation": null}}, {"type": "Feature", "geometry": {"type": "Polygon", "coordinates": [[[94.09850977243909, 23.408596937469056], [94.09849635451117, 23.406971301474353], [94.09908349265183, 23.406967172687942], [94.09907901788817, 23.406425294053037], [94.10084042433685, 23.40641289478275], [94.10085387053454, 23.408038529610803], [94.10026672801793, 23.408042665226798], [94.10027120796316, 23.40858454353297], [94.09850977243909, 23.408596937469056]]]}, "properties": {"id": 151, "label": "temporary radar change (return toward T1)", "class_id": 2, "direction": "increase", "area_ha": 5.0424609088456025, "pixel_count": 14, "mean_change_db": 3.942229747772217, "max_change_db": 4.772431373596191, "mean_signed_db": 3.942229747772217, "first_observed": "2024-11-20T11:46:56.693237Z", "observation_interval": ["2024-04-18T11:46:55.497558Z", "2024-11-20T11:46:56.693237Z"], "persists_into_T3": false, "mean_power_by_date": [0.08060715347528458, 0.19912894070148468, 0.09968125075101852], "interpretation": "Unvalidated radar-change candidate; terrain, registration and moisture may explain the signal.", "mean_slope_deg": 0.94, "max_slope_deg": 1.16, "mean_elevation_m": 136.7, "terrain_risk_pct": 0.0, "terrain_tier": "Low Risk (Flat Lowland)", "priority_score": 8.85, "temporal_class": "seasonal_transient", "t4_status": "pending", "t4_mean_power": null, "t4_mean_signed_db": null, "t4_observation": null}}, {"type": "Feature", "geometry": {"type": "Polygon", "coordinates": [[[94.44784250332418, 23.728150638857425], [94.44781856359747, 23.72598350823212], [94.45017247308287, 23.725961451503963], [94.45019645169835, 23.72812857987265], [94.44784250332418, 23.728150638857425]]]}, "properties": {"id": 88, "label": "temporary radar change (return toward T1)", "class_id": 2, "direction": "increase", "area_ha": 5.761503991287947, "pixel_count": 16, "mean_change_db": 3.432532787322998, "max_change_db": 3.818166732788086, "mean_signed_db": 3.432532787322998, "first_observed": "2024-11-20T11:46:56.693237Z", "observation_interval": ["2024-04-18T11:46:55.497558Z", "2024-11-20T11:46:56.693237Z"], "persists_into_T3": false, "mean_power_by_date": [0.08343952894210815, 0.1839725226163864, 0.10344086587429047], "interpretation": "Unvalidated radar-change candidate; terrain, registration and moisture may explain the signal.", "mean_slope_deg": 0.06, "max_slope_deg": 0.18, "mean_elevation_m": 109.6, "terrain_risk_pct": 0.0, "terrain_tier": "Low Risk (Flat Lowland)", "priority_score": 8.24, "temporal_class": "seasonal_transient", "t4_status": "pending", "t4_mean_power": null, "t4_mean_signed_db": null, "t4_observation": null}}, {"type": "Feature", "geometry": {"type": "Polygon", "coordinates": [[[94.07047839297076, 23.354599970232858], [94.07046535115305, 23.352974307893366], [94.07339987875905, 23.35295421221639], [94.07341295631232, 23.354579872994666], [94.07047839297076, 23.354599970232858]]]}, "properties": {"id": 203, "label": "temporary radar change (return toward T1)", "class_id": 2, "direction": "increase", "area_ha": 5.402719342226395, "pixel_count": 15, "mean_change_db": 3.64617657661438, "max_change_db": 4.00068998336792, "mean_signed_db": 3.64617657661438, "first_observed": "2024-11-20T11:46:56.693237Z", "observation_interval": ["2024-04-18T11:46:55.497558Z", "2024-11-20T11:46:56.693237Z"], "persists_into_T3": false, "mean_power_by_date": [0.11819270253181458, 0.27407583594322205, 0.12224896997213364], "interpretation": "Unvalidated radar-change candidate; terrain, registration and moisture may explain the signal.", "mean_slope_deg": 0.21, "max_slope_deg": 0.31, "mean_elevation_m": 120.1, "terrain_risk_pct": 0.0, "terrain_tier": "Low Risk (Flat Lowland)", "priority_score": 8.48, "temporal_class": "seasonal_transient", "t4_status": "pending", "t4_mean_power": null, "t4_mean_signed_db": null, "t4_observation": null}}, {"type": "Feature", "geometry": {"type": "Polygon", "coordinates": [[[94.2906274255943, 22.993118346934533], [94.29061197367756, 22.99149273935902], [94.29178254427252, 22.99148319833598], [94.29177738927729, 22.99094132931795], [94.29353323699709, 22.990927001950507], [94.29354872345804, 22.992552607763542], [94.2923781444629, 22.99256216225416], [94.29238330226053, 22.99310403103265], [94.2906274255943, 22.993118346934533]]]}, "properties": {"id": 385, "label": "temporary radar change (return toward T1)", "class_id": 2, "direction": "increase", "area_ha": 5.762112684432999, "pixel_count": 16, "mean_change_db": 3.412123203277588, "max_change_db": 4.1012139320373535, "mean_signed_db": 3.412123203277588, "first_observed": "2024-11-20T11:46:56.693237Z", "observation_interval": ["2024-04-18T11:46:55.497558Z", "2024-11-20T11:46:56.693237Z"], "persists_into_T3": false, "mean_power_by_date": [0.08202692866325378, 0.17967398464679718, 0.10658261924982071], "interpretation": "Unvalidated radar-change candidate; terrain, registration and moisture may explain the signal.", "mean_slope_deg": 1.4, "max_slope_deg": 2.43, "mean_elevation_m": 117.8, "terrain_risk_pct": 0.0, "terrain_tier": "Low Risk (Flat Lowland)", "priority_score": 8.19, "temporal_class": "seasonal_transient", "t4_status": "pending", "t4_mean_power": null, "t4_mean_signed_db": null, "t4_observation": null}}, {"type": "Feature", "geometry": {"type": "Polygon", "coordinates": [[[94.00269771034927, 23.317114006306213], [94.00268145168077, 23.31494639945768], [94.00502845632519, 23.314931366891592], [94.00504475303521, 23.31709897218097], [94.00269771034927, 23.317114006306213]]]}, "properties": {"id": 244, "label": "temporary radar change (return toward T1)", "class_id": 2, "direction": "increase", "area_ha": 5.763110067990422, "pixel_count": 16, "mean_change_db": 3.4023780822753906, "max_change_db": 4.015458106994629, "mean_signed_db": 3.4023780822753906, "first_observed": "2024-11-20T11:46:56.693237Z", "observation_interval": ["2024-04-18T11:46:55.497558Z", "2024-11-20T11:46:56.693237Z"], "persists_into_T3": false, "mean_power_by_date": [0.054179511964321136, 0.11832845211029053, 0.06901010870933533], "interpretation": "Unvalidated radar-change candidate; terrain, registration and moisture may explain the signal.", "mean_slope_deg": 1.01, "max_slope_deg": 1.34, "mean_elevation_m": 144.9, "terrain_risk_pct": 0.0, "terrain_tier": "Low Risk (Flat Lowland)", "priority_score": 8.17, "temporal_class": "seasonal_transient", "t4_status": "pending", "t4_mean_power": null, "t4_mean_signed_db": null, "t4_observation": null}}, {"type": "Feature", "geometry": {"type": "Polygon", "coordinates": [[[94.05890359338498, 23.375271580951708], [94.05888637551563, 23.37310402863503], [94.06064736484998, 23.373092098386767], [94.06065167627852, 23.3736339862146], [94.0612386748496, 23.373630004958546], [94.06125161706707, 23.375255667903318], [94.05890359338498, 23.375271580951708]]]}, "properties": {"id": 188, "label": "temporary radar change (return toward T1)", "class_id": 2, "direction": "increase", "area_ha": 5.402755134415673, "pixel_count": 15, "mean_change_db": 3.6232545375823975, "max_change_db": 4.156765460968018, "mean_signed_db": 3.6232545375823975, "first_observed": "2024-11-20T11:46:56.693237Z", "observation_interval": ["2024-04-18T11:46:55.497558Z", "2024-11-20T11:46:56.693237Z"], "persists_into_T3": false, "mean_power_by_date": [0.09609145671129227, 0.22124773263931274, 0.11944905668497086], "interpretation": "Unvalidated radar-change candidate; terrain, registration and moisture may explain the signal.", "mean_slope_deg": 0.36, "max_slope_deg": 0.52, "mean_elevation_m": 128.4, "terrain_risk_pct": 0.0, "terrain_tier": "Low Risk (Flat Lowland)", "priority_score": 8.42, "temporal_class": "seasonal_transient", "t4_status": "pending", "t4_mean_power": null, "t4_mean_signed_db": null, "t4_observation": null}}, {"type": "Feature", "geometry": {"type": "Polygon", "coordinates": [[[94.08096730537689, 22.75839872183236], [94.08095024558892, 22.75623101609473], [94.08328753526777, 22.75621517796413], [94.08330463192577, 22.758382882027586], [94.08096730537689, 22.75839872183236]]]}, "properties": {"id": 64, "label": "persistent radar change", "class_id": 1, "direction": "increase", "area_ha": 5.762852372308541, "pixel_count": 16, "mean_change_db": 3.3965113162994385, "max_change_db": 3.6322574615478516, "mean_signed_db": 3.3965113162994385, "first_observed": "2024-11-20T11:46:56.693237Z", "observation_interval": ["2024-04-18T11:46:55.497558Z", "2024-11-20T11:46:56.693237Z"], "persists_into_T3": true, "mean_power_by_date": [0.07494102418422699, 0.16382873058319092, 0.16650155186653137], "interpretation": "Unvalidated radar-change candidate; terrain, registration and moisture may explain the signal.", "mean_slope_deg": 0.34, "max_slope_deg": 0.62, "mean_elevation_m": 143.4, "terrain_risk_pct": 0.0, "terrain_tier": "Low Risk (Flat Lowland)", "priority_score": 8.15, "temporal_class": "persistent", "t4_status": "pending", "t4_mean_power": null, "t4_mean_signed_db": null, "t4_observation": null}}, {"type": "Feature", "geometry": {"type": "Polygon", "coordinates": [[[93.9973819925142, 23.233690546000233], [93.99737796538281, 23.233148637706506], [93.99679157112676, 23.233152358176188], [93.99677949755983, 23.23152663277675], [93.99912504545722, 23.231511738936288], [93.99914118165485, 23.233679371177093], [93.9973819925142, 23.233690546000233]]]}, "properties": {"id": 284, "label": "temporary radar change (return toward T1)", "class_id": 2, "direction": "increase", "area_ha": 5.402930431161006, "pixel_count": 15, "mean_change_db": 3.6178441047668457, "max_change_db": 4.041017532348633, "mean_signed_db": 3.6178441047668457, "first_observed": "2024-11-20T11:46:56.693237Z", "observation_interval": ["2024-04-18T11:46:55.497558Z", "2024-11-20T11:46:56.693237Z"], "persists_into_T3": false, "mean_power_by_date": [0.09585224837064743, 0.22005608677864075, 0.11329340934753418], "interpretation": "Unvalidated radar-change candidate; terrain, registration and moisture may explain the signal.", "mean_slope_deg": 0.79, "max_slope_deg": 0.92, "mean_elevation_m": 164.0, "terrain_risk_pct": 0.0, "terrain_tier": "Low Risk (Flat Lowland)", "priority_score": 8.41, "temporal_class": "seasonal_transient", "t4_status": "pending", "t4_mean_power": null, "t4_mean_signed_db": null, "t4_observation": null}}, {"type": "Feature", "geometry": {"type": "Polygon", "coordinates": [[[94.08606916493834, 23.395136106377546], [94.08604706985456, 23.39242669692774], [94.08780829882323, 23.392414451437215], [94.08783042972112, 23.395123859303517], [94.08606916493834, 23.395136106377546]]]}, "properties": {"id": 164, "label": "temporary radar change (return toward T1)", "class_id": 2, "direction": "increase", "area_ha": 5.402675166605879, "pixel_count": 15, "mean_change_db": 3.60943341255188, "max_change_db": 4.771592140197754, "mean_signed_db": 3.60943341255188, "first_observed": "2024-11-20T11:46:56.693237Z", "observation_interval": ["2024-04-18T11:46:55.497558Z", "2024-11-20T11:46:56.693237Z"], "persists_into_T3": false, "mean_power_by_date": [0.06734444946050644, 0.15568359196186066, 0.07262106984853745], "interpretation": "Unvalidated radar-change candidate; terrain, registration and moisture may explain the signal.", "mean_slope_deg": 0.88, "max_slope_deg": 1.16, "mean_elevation_m": 128.4, "terrain_risk_pct": 0.0, "terrain_tier": "Low Risk (Flat Lowland)", "priority_score": 8.39, "temporal_class": "seasonal_transient", "t4_status": "pending", "t4_mean_power": null, "t4_mean_signed_db": null, "t4_observation": null}}, {"type": "Feature", "geometry": {"type": "Polygon", "coordinates": [[[94.48699673716007, 22.912281889307497], [94.48697900446436, 22.910656400904127], [94.48756389339968, 22.910650924338647], [94.4875579805368, 22.910109094938022], [94.48931263929843, 22.91009265276162], [94.4893363197001, 22.912259968405266], [94.48699673716007, 22.912281889307497]]]}, "properties": {"id": 407, "label": "temporary radar change (return toward T1)", "class_id": 2, "direction": "increase", "area_ha": 5.401212361953827, "pixel_count": 15, "mean_change_db": 3.606834888458252, "max_change_db": 3.9487175941467285, "mean_signed_db": 3.606834888458252, "first_observed": "2024-11-20T11:46:56.693237Z", "observation_interval": ["2024-04-18T11:46:55.497558Z", "2024-11-20T11:46:56.693237Z"], "persists_into_T3": false, "mean_power_by_date": [0.08154203742742538, 0.1869196742773056, 0.07621626555919647], "interpretation": "Unvalidated radar-change candidate; terrain, registration and moisture may explain the signal.", "mean_slope_deg": 0.24, "max_slope_deg": 0.3, "mean_elevation_m": 96.2, "terrain_risk_pct": 0.0, "terrain_tier": "Low Risk (Flat Lowland)", "priority_score": 8.38, "temporal_class": "seasonal_transient", "t4_status": "pending", "t4_mean_power": null, "t4_mean_signed_db": null, "t4_observation": null}}, {"type": "Feature", "geometry": {"type": "Polygon", "coordinates": [[[94.08365605710303, 23.16971400529593], [94.08364297155354, 23.168088311762776], [94.08422906586569, 23.168084277925622], [94.084224701921, 23.167542380110252], [94.0859829769941, 23.167530265833175], [94.08600046185785, 23.169697855603687], [94.08365605710303, 23.16971400529593]]]}, "properties": {"id": 302, "label": "temporary radar change (return toward T1)", "class_id": 2, "direction": "increase", "area_ha": 5.402675992437382, "pixel_count": 15, "mean_change_db": 3.5920372009277344, "max_change_db": 4.096503257751465, "mean_signed_db": 3.5920372009277344, "first_observed": "2024-11-20T11:46:56.693237Z", "observation_interval": ["2024-04-18T11:46:55.497558Z", "2024-11-20T11:46:56.693237Z"], "persists_into_T3": false, "mean_power_by_date": [0.10853368788957596, 0.24835585057735443, 0.12844471633434296], "interpretation": "Unvalidated radar-change candidate; terrain, registration and moisture may explain the signal.", "mean_slope_deg": 0.15, "max_slope_deg": 0.33, "mean_elevation_m": 113.0, "terrain_risk_pct": 0.0, "terrain_tier": "Low Risk (Flat Lowland)", "priority_score": 8.35, "temporal_class": "seasonal_transient", "t4_status": "pending", "t4_mean_power": null, "t4_mean_signed_db": null, "t4_observation": null}}, {"type": "Feature", "geometry": {"type": "Polygon", "coordinates": [[[94.01191087590965, 22.981595304334224], [94.01189473131684, 22.9794276114186], [94.01423589419704, 22.97941264669404], [94.01425207612706, 22.981580338039862], [94.01191087590965, 22.981595304334224]]]}, "properties": {"id": 389, "label": "temporary radar change (return toward T1)", "class_id": 2, "direction": "increase", "area_ha": 5.763074691582099, "pixel_count": 16, "mean_change_db": 3.3647563457489014, "max_change_db": 3.853966236114502, "mean_signed_db": 3.3647563457489014, "first_observed": "2024-11-20T11:46:56.693237Z", "observation_interval": ["2024-04-18T11:46:55.497558Z", "2024-11-20T11:46:56.693237Z"], "persists_into_T3": false, "mean_power_by_date": [0.08021457493305206, 0.17388904094696045, 0.0937790647149086], "interpretation": "Unvalidated radar-change candidate; terrain, registration and moisture may explain the signal.", "mean_slope_deg": 2.0, "max_slope_deg": 2.98, "mean_elevation_m": 173.2, "terrain_risk_pct": 0.0, "terrain_tier": "Low Risk (Flat Lowland)", "priority_score": 8.08, "temporal_class": "seasonal_transient", "t4_status": "pending", "t4_mean_power": null, "t4_mean_signed_db": null, "t4_observation": null}}, {"type": "Feature", "geometry": {"type": "Polygon", "coordinates": [[[94.02733182203272, 23.08554927318949], [94.027327703514, 23.085007359741667], [94.02674195920969, 23.08501116893153], [94.02672961144118, 23.08338542806228], [94.02907255974684, 23.083370179468304], [94.02908906124061, 23.085537832291003], [94.02733182203272, 23.08554927318949]]]}, "properties": {"id": 350, "label": "temporary radar change (return toward T1)", "class_id": 2, "direction": "increase", "area_ha": 5.402842339350446, "pixel_count": 15, "mean_change_db": 3.5869510173797607, "max_change_db": 4.013168811798096, "mean_signed_db": 3.5869510173797607, "first_observed": "2024-11-20T11:46:56.693237Z", "observation_interval": ["2024-04-18T11:46:55.497558Z", "2024-11-20T11:46:56.693237Z"], "persists_into_T3": false, "mean_power_by_date": [0.12104801833629608, 0.2769474983215332, 0.12667423486709595], "interpretation": "Unvalidated radar-change candidate; terrain, registration and moisture may explain the signal.", "mean_slope_deg": 0.38, "max_slope_deg": 0.74, "mean_elevation_m": 118.8, "terrain_risk_pct": 0.0, "terrain_tier": "Low Risk (Flat Lowland)", "priority_score": 8.34, "temporal_class": "seasonal_transient", "t4_status": "pending", "t4_mean_power": null, "t4_mean_signed_db": null, "t4_observation": null}}, {"type": "Feature", "geometry": {"type": "Polygon", "coordinates": [[[94.53856292355528, 22.86844057551836], [94.53853851274613, 22.866273297391217], [94.54087725087028, 22.866250660419457], [94.54089558650227, 22.86787611728496], [94.54031089529859, 22.867881780195816], [94.54031700522991, 22.86842359922317], [94.53856292355528, 22.86844057551836]]]}, "properties": {"id": 420, "label": "temporary radar change (return toward T1)", "class_id": 2, "direction": "increase", "area_ha": 5.400990974063496, "pixel_count": 15, "mean_change_db": 3.5794169902801514, "max_change_db": 4.232067108154297, "mean_signed_db": 3.5794169902801514, "first_observed": "2024-11-20T11:46:56.693237Z", "observation_interval": ["2024-04-18T11:46:55.497558Z", "2024-11-20T11:46:56.693237Z"], "persists_into_T3": false, "mean_power_by_date": [0.06925299018621445, 0.15804502367973328, 0.08387839049100876], "interpretation": "Unvalidated radar-change candidate; terrain, registration and moisture may explain the signal.", "mean_slope_deg": 0.63, "max_slope_deg": 1.65, "mean_elevation_m": 96.0, "terrain_risk_pct": 0.0, "terrain_tier": "Low Risk (Flat Lowland)", "priority_score": 8.32, "temporal_class": "seasonal_transient", "t4_status": "pending", "t4_mean_power": null, "t4_mean_signed_db": null, "t4_observation": null}}, {"type": "Feature", "geometry": {"type": "Polygon", "coordinates": [[[94.41504163187892, 23.303095915825207], [94.41501297203223, 23.30038681574357], [94.41677276532043, 23.300370923808266], [94.41680146078114, 23.303080021828833], [94.41504163187892, 23.303095915825207]]]}, "properties": {"id": 257, "label": "temporary radar change (return toward T1)", "class_id": 2, "direction": "increase", "area_ha": 5.40152338752253, "pixel_count": 15, "mean_change_db": 3.5728769302368164, "max_change_db": 4.026609897613525, "mean_signed_db": 3.5728769302368164, "first_observed": "2024-11-20T11:46:56.693237Z", "observation_interval": ["2024-04-18T11:46:55.497558Z", "2024-11-20T11:46:56.693237Z"], "persists_into_T3": false, "mean_power_by_date": [0.0702923983335495, 0.1605537384748459, 0.08724813163280487], "interpretation": "Unvalidated radar-change candidate; terrain, registration and moisture may explain the signal.", "mean_slope_deg": 1.76, "max_slope_deg": 3.28, "mean_elevation_m": 125.7, "terrain_risk_pct": 0.0, "terrain_tier": "Low Risk (Flat Lowland)", "priority_score": 8.3, "temporal_class": "seasonal_transient", "t4_status": "pending", "t4_mean_power": null, "t4_mean_signed_db": null, "t4_observation": null}}, {"type": "Feature", "geometry": {"type": "Polygon", "coordinates": [[[94.02335023266838, 23.0237936516379], [94.02333796209281, 23.022167896458082], [94.02392343521987, 23.02216410963454], [94.02391934293654, 23.021622191264875], [94.02567575455782, 23.021610818101568], [94.02568805283038, 23.023236572203746], [94.02510257539682, 23.02324036572121], [94.02510667272988, 23.023782283779035], [94.02335023266838, 23.0237936516379]]]}, "properties": {"id": 378, "label": "temporary radar change (return toward T1)", "class_id": 2, "direction": "increase", "area_ha": 5.042660696599353, "pixel_count": 14, "mean_change_db": 3.823880910873413, "max_change_db": 4.587798118591309, "mean_signed_db": 3.823880910873413, "first_observed": "2024-11-20T11:46:56.693237Z", "observation_interval": ["2024-04-18T11:46:55.497558Z", "2024-11-20T11:46:56.693237Z"], "persists_into_T3": false, "mean_power_by_date": [0.12197154760360718, 0.29385632276535034, 0.13333557546138763], "interpretation": "Unvalidated radar-change candidate; terrain, registration and moisture may explain the signal.", "mean_slope_deg": 0.05, "max_slope_deg": 0.12, "mean_elevation_m": 118.8, "terrain_risk_pct": 0.0, "terrain_tier": "Low Risk (Flat Lowland)", "priority_score": 8.59, "temporal_class": "seasonal_transient", "t4_status": "pending", "t4_mean_power": null, "t4_mean_signed_db": null, "t4_observation": null}}, {"type": "Feature", "geometry": {"type": "Polygon", "coordinates": [[[94.07984304396149, 23.495974480978035], [94.07982096944365, 23.49326510092158], [94.08158353909413, 23.49325287620068], [94.08160564962662, 23.49596225468157], [94.07984304396149, 23.495974480978035]]]}, "properties": {"id": 118, "label": "temporary radar change (return toward T1)", "class_id": 2, "direction": "increase", "area_ha": 5.402696479676571, "pixel_count": 15, "mean_change_db": 3.55334210395813, "max_change_db": 4.277831077575684, "mean_signed_db": 3.55334210395813, "first_observed": "2024-11-20T11:46:56.693237Z", "observation_interval": ["2024-04-18T11:46:55.497558Z", "2024-11-20T11:46:56.693237Z"], "persists_into_T3": false, "mean_power_by_date": [0.07375259697437286, 0.16681018471717834, 0.09352418035268784], "interpretation": "Unvalidated radar-change candidate; terrain, registration and moisture may explain the signal.", "mean_slope_deg": 0.4, "max_slope_deg": 0.73, "mean_elevation_m": 159.4, "terrain_risk_pct": 0.0, "terrain_tier": "Low Risk (Flat Lowland)", "priority_score": 8.26, "temporal_class": "seasonal_transient", "t4_status": "pending", "t4_mean_power": null, "t4_mean_signed_db": null, "t4_observation": null}}, {"type": "Feature", "geometry": {"type": "Polygon", "coordinates": [[[94.44468982136864, 23.548287580487973], [94.44467205772418, 23.54666219264382], [94.4452597352081, 23.54665673284948], [94.4452538119408, 23.546114936963633], [94.44701683611034, 23.54609854468908], [94.44703462810259, 23.547723930964008], [94.4464469463369, 23.54772939769625], [94.44645287494887, 23.5482711931836], [94.44468982136864, 23.548287580487973]]]}, "properties": {"id": 110, "label": "temporary radar change (return toward T1)", "class_id": 2, "direction": "increase", "area_ha": 5.041320322122239, "pixel_count": 14, "mean_change_db": 3.7902255058288574, "max_change_db": 4.644105911254883, "mean_signed_db": 3.7902255058288574, "first_observed": "2024-11-20T11:46:56.693237Z", "observation_interval": ["2024-04-18T11:46:55.497558Z", "2024-11-20T11:46:56.693237Z"], "persists_into_T3": false, "mean_power_by_date": [0.06399217247962952, 0.1527894288301468, 0.08389264345169067], "interpretation": "Unvalidated radar-change candidate; terrain, registration and moisture may explain the signal.", "mean_slope_deg": 1.4, "max_slope_deg": 2.0, "mean_elevation_m": 112.1, "terrain_risk_pct": 0.0, "terrain_tier": "Low Risk (Flat Lowland)", "priority_score": 8.51, "temporal_class": "seasonal_transient", "t4_status": "pending", "t4_mean_power": null, "t4_mean_signed_db": null, "t4_observation": null}}, {"type": "Feature", "geometry": {"type": "Polygon", "coordinates": [[[94.38892658932916, 22.989577465552973], [94.38890996360928, 22.987951922792966], [94.39183619450289, 22.987926242219345], [94.3918528552232, 22.98955178295982], [94.38892658932916, 22.989577465552973]]]}, "properties": {"id": 8, "label": "persistent radar change", "class_id": 1, "direction": "decrease", "area_ha": 5.401610677223839, "pixel_count": 15, "mean_change_db": 3.5319974422454834, "max_change_db": 3.9889087677001953, "mean_signed_db": -3.5319974422454834, "first_observed": "2024-11-20T11:46:56.693237Z", "observation_interval": ["2024-04-18T11:46:55.497558Z", "2024-11-20T11:46:56.693237Z"], "persists_into_T3": true, "mean_power_by_date": [0.045647356659173965, 0.02019434981048107, 0.01726195402443409], "interpretation": "Unvalidated radar-change candidate; terrain, registration and moisture may explain the signal.", "mean_slope_deg": 0.0, "max_slope_deg": 0.0, "mean_elevation_m": 94.5, "terrain_risk_pct": 0.0, "terrain_tier": "Low Risk (Flat Lowland)", "priority_score": 8.21, "temporal_class": "persistent", "t4_status": "pending", "t4_mean_power": null, "t4_mean_signed_db": null, "t4_observation": null}}, {"type": "Feature", "geometry": {"type": "Polygon", "coordinates": [[[94.03669601720127, 23.31255740413262], [94.0366792109856, 23.310389819027343], [94.03902611071398, 23.3103742802641], [94.0390387437086, 23.311999967941386], [94.0384520118356, 23.31200385622758], [94.03845622070995, 23.31254575214451], [94.03669601720127, 23.31255740413262]]]}, "properties": {"id": 250, "label": "temporary radar change (return toward T1)", "class_id": 2, "direction": "increase", "area_ha": 5.402818686230853, "pixel_count": 15, "mean_change_db": 3.528355360031128, "max_change_db": 3.808359146118164, "mean_signed_db": 3.528355360031128, "first_observed": "2024-11-20T11:46:56.693237Z", "observation_interval": ["2024-04-18T11:46:55.497558Z", "2024-11-20T11:46:56.693237Z"], "persists_into_T3": false, "mean_power_by_date": [0.09737773984670639, 0.21951846778392792, 0.12700225412845612], "interpretation": "Unvalidated radar-change candidate; terrain, registration and moisture may explain the signal.", "mean_slope_deg": 0.4, "max_slope_deg": 1.33, "mean_elevation_m": 120.4, "terrain_risk_pct": 0.0, "terrain_tier": "Low Risk (Flat Lowland)", "priority_score": 8.2, "temporal_class": "seasonal_transient", "t4_status": "pending", "t4_mean_power": null, "t4_mean_signed_db": null, "t4_observation": null}}, {"type": "Feature", "geometry": {"type": "Polygon", "coordinates": [[[94.15052280427024, 23.784836734242532], [94.15050849749014, 23.783211206056293], [94.15109730205181, 23.78320681656278], [94.15109253096965, 23.78266497386827], [94.15285893648532, 23.782651792255436], [94.15287327211075, 23.784277319212475], [94.15228446309654, 23.78428171566492], [94.15228923948325, 23.78482355801833], [94.15052280427024, 23.784836734242532]]]}, "properties": {"id": 82, "label": "temporary radar change (return toward T1)", "class_id": 2, "direction": "increase", "area_ha": 5.042318479426042, "pixel_count": 14, "mean_change_db": 3.767988443374634, "max_change_db": 4.308619022369385, "mean_signed_db": 3.767988443374634, "first_observed": "2024-11-20T11:46:56.693237Z", "observation_interval": ["2024-04-18T11:46:55.497558Z", "2024-11-20T11:46:56.693237Z"], "persists_into_T3": false, "mean_power_by_date": [0.09626574069261551, 0.2296457141637802, 0.12675361335277557], "interpretation": "Unvalidated radar-change candidate; terrain, registration and moisture may explain the signal.", "mean_slope_deg": 0.99, "max_slope_deg": 3.41, "mean_elevation_m": 193.0, "terrain_risk_pct": 0.0, "terrain_tier": "Low Risk (Flat Lowland)", "priority_score": 8.46, "temporal_class": "seasonal_transient", "t4_status": "pending", "t4_mean_power": null, "t4_mean_signed_db": null, "t4_observation": null}}, {"type": "Feature", "geometry": {"type": "Polygon", "coordinates": [[[94.45360721279032, 23.71725979307134], [94.45358919554587, 23.715634447035583], [94.45653134219879, 23.715606772096862], [94.45654939587976, 23.717232116008336], [94.45360721279032, 23.71725979307134]]]}, "properties": {"id": 92, "label": "temporary radar change (return toward T1)", "class_id": 2, "direction": "increase", "area_ha": 5.401385095077567, "pixel_count": 15, "mean_change_db": 3.5109686851501465, "max_change_db": 4.289031982421875, "mean_signed_db": 3.5109686851501465, "first_observed": "2024-11-20T11:46:56.693237Z", "observation_interval": ["2024-04-18T11:46:55.497558Z", "2024-11-20T11:46:56.693237Z"], "persists_into_T3": false, "mean_power_by_date": [0.059333913028240204, 0.13316865265369415, 0.06533194333314896], "interpretation": "Unvalidated radar-change candidate; terrain, registration and moisture may explain the signal.", "mean_slope_deg": 1.27, "max_slope_deg": 2.4, "mean_elevation_m": 119.7, "terrain_risk_pct": 0.0, "terrain_tier": "Low Risk (Flat Lowland)", "priority_score": 8.16, "temporal_class": "seasonal_transient", "t4_status": "pending", "t4_mean_power": null, "t4_mean_signed_db": null, "t4_observation": null}}, {"type": "Feature", "geometry": {"type": "Polygon", "coordinates": [[[94.02422590027079, 22.750643319070022], [94.0242057027462, 22.74793363463174], [94.0259585964292, 22.74792238594011], [94.02597882850642, 22.750632068891626], [94.02422590027079, 22.750643319070022]]]}, "properties": {"id": 475, "label": "temporary radar change (return toward T1)", "class_id": 2, "direction": "increase", "area_ha": 5.402843100098707, "pixel_count": 15, "mean_change_db": 3.5092060565948486, "max_change_db": 3.9719409942626953, "mean_signed_db": 3.5092060565948486, "first_observed": "2024-11-20T11:46:56.693237Z", "observation_interval": ["2024-04-18T11:46:55.497558Z", "2024-11-20T11:46:56.693237Z"], "persists_into_T3": false, "mean_power_by_date": [0.06580621749162674, 0.14748439192771912, 0.08786480873823166], "interpretation": "Unvalidated radar-change candidate; terrain, registration and moisture may explain the signal.", "mean_slope_deg": 1.47, "max_slope_deg": 2.31, "mean_elevation_m": 183.4, "terrain_risk_pct": 0.0, "terrain_tier": "Low Risk (Flat Lowland)", "priority_score": 8.16, "temporal_class": "seasonal_transient", "t4_status": "pending", "t4_mean_power": null, "t4_mean_signed_db": null, "t4_observation": null}}, {"type": "Feature", "geometry": {"type": "Polygon", "coordinates": [[[94.36434958474392, 23.394580550626458], [94.3643218299842, 23.391871423752427], [94.36608286765168, 23.391856044047316], [94.36611065820951, 23.394565168932726], [94.36434958474392, 23.394580550626458]]]}, "properties": {"id": 162, "label": "temporary radar change (return toward T1)", "class_id": 2, "direction": "increase", "area_ha": 5.401723796488345, "pixel_count": 15, "mean_change_db": 3.5077695846557617, "max_change_db": 3.893004894256592, "mean_signed_db": 3.5077695846557617, "first_observed": "2024-11-20T11:46:56.693237Z", "observation_interval": ["2024-04-18T11:46:55.497558Z", "2024-11-20T11:46:56.693237Z"], "persists_into_T3": false, "mean_power_by_date": [0.08974354714155197, 0.20067398250102997, 0.1099974662065506], "interpretation": "Unvalidated radar-change candidate; terrain, registration and moisture may explain the signal.", "mean_slope_deg": 2.16, "max_slope_deg": 3.68, "mean_elevation_m": 118.1, "terrain_risk_pct": 0.0, "terrain_tier": "Low Risk (Flat Lowland)", "priority_score": 8.15, "temporal_class": "seasonal_transient", "t4_status": "pending", "t4_mean_power": null, "t4_mean_signed_db": null, "t4_observation": null}}, {"type": "Feature", "geometry": {"type": "Polygon", "coordinates": [[[94.1443635611249, 22.792641510298328], [94.14434999310508, 22.791015773129196], [94.1449344511947, 22.791011578805534], [94.14492992648799, 22.790469666451234], [94.14668329300532, 22.79045707096895], [94.14670142036113, 22.79262471883047], [94.1443635611249, 22.792641510298328]]]}, "properties": {"id": 446, "label": "temporary radar change (return toward T1)", "class_id": 2, "direction": "increase", "area_ha": 5.402476246973221, "pixel_count": 15, "mean_change_db": 3.500065803527832, "max_change_db": 3.832749366760254, "mean_signed_db": 3.500065803527832, "first_observed": "2024-11-20T11:46:56.693237Z", "observation_interval": ["2024-04-18T11:46:55.497558Z", "2024-11-20T11:46:56.693237Z"], "persists_into_T3": false, "mean_power_by_date": [0.07335706800222397, 0.1643614023923874, 0.09812594205141068], "interpretation": "Unvalidated radar-change candidate; terrain, registration and moisture may explain the signal.", "mean_slope_deg": 0.7, "max_slope_deg": 1.16, "mean_elevation_m": 165.3, "terrain_risk_pct": 0.0, "terrain_tier": "Low Risk (Flat Lowland)", "priority_score": 8.14, "temporal_class": "seasonal_transient", "t4_status": "pending", "t4_mean_power": null, "t4_mean_signed_db": null, "t4_observation": null}}, {"type": "Feature", "geometry": {"type": "Polygon", "coordinates": [[[94.02797527375459, 23.093132244627608], [94.02797115114572, 23.09259033180954], [94.02738537409827, 23.092594144565428], [94.0273730140629, 23.090968405585166], [94.029130323699, 23.090956961697074], [94.02913445063034, 23.091498874429387], [94.02972022260784, 23.091495055355704], [94.02973261119418, 23.093120793026106], [94.02797527375459, 23.093132244627608]]]}, "properties": {"id": 345, "label": "temporary radar change (return toward T1)", "class_id": 2, "direction": "increase", "area_ha": 5.0426512766528875, "pixel_count": 14, "mean_change_db": 3.748173236846924, "max_change_db": 4.2795209884643555, "mean_signed_db": 3.748173236846924, "first_observed": "2024-11-20T11:46:56.693237Z", "observation_interval": ["2024-04-18T11:46:55.497558Z", "2024-11-20T11:46:56.693237Z"], "persists_into_T3": false, "mean_power_by_date": [0.08267228305339813, 0.19582225382328033, 0.10363613814115524], "interpretation": "Unvalidated radar-change candidate; terrain, registration and moisture may explain the signal.", "mean_slope_deg": 0.77, "max_slope_deg": 1.3, "mean_elevation_m": 121.6, "terrain_risk_pct": 0.0, "terrain_tier": "Low Risk (Flat Lowland)", "priority_score": 8.42, "temporal_class": "seasonal_transient", "t4_status": "pending", "t4_mean_power": null, "t4_mean_signed_db": null, "t4_observation": null}}, {"type": "Feature", "geometry": {"type": "Polygon", "coordinates": [[[94.10647828521479, 23.165219907316374], [94.10646047453896, 23.163052331209713], [94.108218677868, 23.163039970976357], [94.10822313740715, 23.16358186473801], [94.10880920727186, 23.163577740193492], [94.1088225937682, 23.165203420927536], [94.10647828521479, 23.165219907316374]]]}, "properties": {"id": 304, "label": "temporary radar change (return toward T1)", "class_id": 2, "direction": "increase", "area_ha": 5.402605875576194, "pixel_count": 15, "mean_change_db": 3.4938459396362305, "max_change_db": 3.9359307289123535, "mean_signed_db": 3.4938459396362305, "first_observed": "2024-11-20T11:46:56.693237Z", "observation_interval": ["2024-04-18T11:46:55.497558Z", "2024-11-20T11:46:56.693237Z"], "persists_into_T3": false, "mean_power_by_date": [0.09946081787347794, 0.22248007357120514, 0.09985735267400742], "interpretation": "Unvalidated radar-change candidate; terrain, registration and moisture may explain the signal.", "mean_slope_deg": 0.52, "max_slope_deg": 0.9, "mean_elevation_m": 110.2, "terrain_risk_pct": 0.0, "terrain_tier": "Low Risk (Flat Lowland)", "priority_score": 8.12, "temporal_class": "seasonal_transient", "t4_status": "pending", "t4_mean_power": null, "t4_mean_signed_db": null, "t4_observation": null}}, {"type": "Feature", "geometry": {"type": "Polygon", "coordinates": [[[94.10944864485577, 23.241068140376036], [94.10943072102445, 23.238900587337717], [94.11177631250156, 23.238884007488522], [94.11178978357935, 23.24050967103156], [94.111203378811, 23.24051381959871], [94.11120786707323, 23.241055707477862], [94.10944864485577, 23.241068140376036]]]}, "properties": {"id": 282, "label": "temporary radar change (return toward T1)", "class_id": 2, "direction": "increase", "area_ha": 5.402598623788194, "pixel_count": 15, "mean_change_db": 3.4883968830108643, "max_change_db": 4.065777778625488, "mean_signed_db": 3.4883968830108643, "first_observed": "2024-11-20T11:46:56.693237Z", "observation_interval": ["2024-04-18T11:46:55.497558Z", "2024-11-20T11:46:56.693237Z"], "persists_into_T3": false, "mean_power_by_date": [0.11662434786558151, 0.2606581151485443, 0.1194550171494484], "interpretation": "Unvalidated radar-change candidate; terrain, registration and moisture may explain the signal.", "mean_slope_deg": 0.32, "max_slope_deg": 0.58, "mean_elevation_m": 111.2, "terrain_risk_pct": 0.0, "terrain_tier": "Low Risk (Flat Lowland)", "priority_score": 8.11, "temporal_class": "seasonal_transient", "t4_status": "pending", "t4_mean_power": null, "t4_mean_signed_db": null, "t4_observation": null}}, {"type": "Feature", "geometry": {"type": "Polygon", "coordinates": [[[94.03699606053807, 22.81667991872572], [94.03698375093116, 22.815054128172154], [94.03756833249717, 22.815050323443398], [94.03756422723235, 22.814508393284154], [94.03931796424551, 22.814496966538776], [94.03933441379824, 22.81666468574512], [94.03699606053807, 22.81667991872572]]]}, "properties": {"id": 440, "label": "temporary radar change (return toward T1)", "class_id": 2, "direction": "increase", "area_ha": 5.402806633810583, "pixel_count": 15, "mean_change_db": 3.478271484375, "max_change_db": 4.0676093101501465, "mean_signed_db": 3.478271484375, "first_observed": "2024-11-20T11:46:56.693237Z", "observation_interval": ["2024-04-18T11:46:55.497558Z", "2024-11-20T11:46:56.693237Z"], "persists_into_T3": false, "mean_power_by_date": [0.08852119743824005, 0.19735898077487946, 0.11363888531923294], "interpretation": "Unvalidated radar-change candidate; terrain, registration and moisture may explain the signal.", "mean_slope_deg": 0.22, "max_slope_deg": 0.35, "mean_elevation_m": 148.4, "terrain_risk_pct": 0.0, "terrain_tier": "Low Risk (Flat Lowland)", "priority_score": 8.08, "temporal_class": "seasonal_transient", "t4_status": "pending", "t4_mean_power": null, "t4_mean_signed_db": null, "t4_observation": null}}, {"type": "Feature", "geometry": {"type": "Polygon", "coordinates": [[[94.12677166145296, 22.78572144814718], [94.12674940386957, 22.783011867091016], [94.12850268615483, 22.78299947526471], [94.12852497835432, 22.785709054685057], [94.12677166145296, 22.78572144814718]]]}, "properties": {"id": 54, "label": "persistent radar change", "class_id": 1, "direction": "increase", "area_ha": 5.402533258374967, "pixel_count": 15, "mean_change_db": 3.4369802474975586, "max_change_db": 3.7635717391967773, "mean_signed_db": 3.4369802474975586, "first_observed": "2024-11-20T11:46:56.693237Z", "observation_interval": ["2024-04-18T11:46:55.497558Z", "2024-11-20T11:46:56.693237Z"], "persists_into_T3": true, "mean_power_by_date": [0.06562067568302155, 0.14491961896419525, 0.15344363451004028], "interpretation": "Unvalidated radar-change candidate; terrain, registration and moisture may explain the signal.", "mean_slope_deg": 0.65, "max_slope_deg": 0.93, "mean_elevation_m": 148.7, "terrain_risk_pct": 0.0, "terrain_tier": "Low Risk (Flat Lowland)", "priority_score": 7.99, "temporal_class": "persistent", "t4_status": "pending", "t4_mean_power": null, "t4_mean_signed_db": null, "t4_observation": null}}, {"type": "Feature", "geometry": {"type": "Polygon", "coordinates": [[[94.04038173447564, 23.40899480178814], [94.04037749827049, 23.4084529128776], [94.03979034229252, 23.408456821329665], [94.03977764160804, 23.406831154065227], [94.04212623608245, 23.406815508236892], [94.04214320881623, 23.408983062895082], [94.04038173447564, 23.40899480178814]]]}, "properties": {"id": 150, "label": "temporary radar change (return toward T1)", "class_id": 2, "direction": "increase", "area_ha": 5.402811902070605, "pixel_count": 15, "mean_change_db": 3.434506893157959, "max_change_db": 4.2345476150512695, "mean_signed_db": 3.434506893157959, "first_observed": "2024-11-20T11:46:56.693237Z", "observation_interval": ["2024-04-18T11:46:55.497558Z", "2024-11-20T11:46:56.693237Z"], "persists_into_T3": false, "mean_power_by_date": [0.08852151781320572, 0.19507282972335815, 0.11264782398939133], "interpretation": "Unvalidated radar-change candidate; terrain, registration and moisture may explain the signal.", "mean_slope_deg": 0.25, "max_slope_deg": 0.53, "mean_elevation_m": 128.0, "terrain_risk_pct": 0.0, "terrain_tier": "Low Risk (Flat Lowland)", "priority_score": 7.98, "temporal_class": "seasonal_transient", "t4_status": "pending", "t4_mean_power": null, "t4_mean_signed_db": null, "t4_observation": null}}, {"type": "Feature", "geometry": {"type": "Polygon", "coordinates": [[[94.08191094208392, 22.655420220125336], [94.08188970642559, 22.652710553851293], [94.0836413562178, 22.652698719217064], [94.08366262624165, 22.655408383921745], [94.08191094208392, 22.655420220125336]]]}, "properties": {"id": 514, "label": "temporary radar change (return toward T1)", "class_id": 2, "direction": "increase", "area_ha": 5.402669617822859, "pixel_count": 15, "mean_change_db": 3.4343295097351074, "max_change_db": 3.961724281311035, "mean_signed_db": 3.4343295097351074, "first_observed": "2024-11-20T11:46:56.693237Z", "observation_interval": ["2024-04-18T11:46:55.497558Z", "2024-11-20T11:46:56.693237Z"], "persists_into_T3": false, "mean_power_by_date": [0.07305729389190674, 0.16090120375156403, 0.0982275977730751], "interpretation": "Unvalidated radar-change candidate; terrain, registration and moisture may explain the signal.", "mean_slope_deg": 0.49, "max_slope_deg": 0.88, "mean_elevation_m": 158.4, "terrain_risk_pct": 0.0, "terrain_tier": "Low Risk (Flat Lowland)", "priority_score": 7.98, "temporal_class": "seasonal_transient", "t4_status": "pending", "t4_mean_power": null, "t4_mean_signed_db": null, "t4_observation": null}}, {"type": "Feature", "geometry": {"type": "Polygon", "coordinates": [[[94.0528980052105, 22.679459922139436], [94.05288559044999, 22.67783411194896], [94.0558055654177, 22.677814885102382], [94.0558180145926, 22.679440693764413], [94.0528980052105, 22.679459922139436]]]}, "properties": {"id": 508, "label": "temporary radar change (return toward T1)", "class_id": 2, "direction": "increase", "area_ha": 5.402755818192568, "pixel_count": 15, "mean_change_db": 3.421074390411377, "max_change_db": 3.85965633392334, "mean_signed_db": 3.421074390411377, "first_observed": "2024-11-20T11:46:56.693237Z", "observation_interval": ["2024-04-18T11:46:55.497558Z", "2024-11-20T11:46:56.693237Z"], "persists_into_T3": false, "mean_power_by_date": [0.056948937475681305, 0.12502768635749817, 0.07512647658586502], "interpretation": "Unvalidated radar-change candidate; terrain, registration and moisture may explain the signal.", "mean_slope_deg": 0.69, "max_slope_deg": 1.22, "mean_elevation_m": 162.4, "terrain_risk_pct": 0.0, "terrain_tier": "Low Risk (Flat Lowland)", "priority_score": 7.95, "temporal_class": "seasonal_transient", "t4_status": "pending", "t4_mean_power": null, "t4_mean_signed_db": null, "t4_observation": null}}, {"type": "Feature", "geometry": {"type": "Polygon", "coordinates": [[[94.3334152272215, 23.117942986366998], [94.33339381310762, 23.115775580969068], [94.33573706331087, 23.11575575764891], [94.33575315185725, 23.11738131020271], [94.33516733249822, 23.117386269682044], [94.33517269332033, 23.117928120585997], [94.3334152272215, 23.117942986366998]]]}, "properties": {"id": 324, "label": "temporary radar change (return toward T1)", "class_id": 2, "direction": "increase", "area_ha": 5.401828741660901, "pixel_count": 15, "mean_change_db": 3.41394305229187, "max_change_db": 3.702920913696289, "mean_signed_db": 3.41394305229187, "first_observed": "2024-11-20T11:46:56.693237Z", "observation_interval": ["2024-04-18T11:46:55.497558Z", "2024-11-20T11:46:56.693237Z"], "persists_into_T3": false, "mean_power_by_date": [0.06649914383888245, 0.14576826989650726, 0.07815329730510712], "interpretation": "Unvalidated radar-change candidate; terrain, registration and moisture may explain the signal.", "mean_slope_deg": 1.35, "max_slope_deg": 2.09, "mean_elevation_m": 104.5, "terrain_risk_pct": 0.0, "terrain_tier": "Low Risk (Flat Lowland)", "priority_score": 7.93, "temporal_class": "seasonal_transient", "t4_status": "pending", "t4_mean_power": null, "t4_mean_signed_db": null, "t4_observation": null}}, {"type": "Feature", "geometry": {"type": "Polygon", "coordinates": [[[94.0882223477988, 23.299202099537755], [94.08821794006869, 23.29866021147719], [94.08763127609753, 23.298664281638903], [94.08761806082701, 23.297038616911117], [94.08996468741707, 23.297022324368935], [94.08998234604225, 23.29918987557207], [94.0882223477988, 23.299202099537755]]]}, "properties": {"id": 260, "label": "temporary radar change (return toward T1)", "class_id": 2, "direction": "increase", "area_ha": 5.402667121291603, "pixel_count": 15, "mean_change_db": 3.409771203994751, "max_change_db": 3.747203826904297, "mean_signed_db": 3.409771203994751, "first_observed": "2024-11-20T11:46:56.693237Z", "observation_interval": ["2024-04-18T11:46:55.497558Z", "2024-11-20T11:46:56.693237Z"], "persists_into_T3": false, "mean_power_by_date": [0.1234021857380867, 0.2706332504749298, 0.09648995846509933], "interpretation": "Unvalidated radar-change candidate; terrain, registration and moisture may explain the signal.", "mean_slope_deg": 0.25, "max_slope_deg": 0.48, "mean_elevation_m": 114.8, "terrain_risk_pct": 0.0, "terrain_tier": "Low Risk (Flat Lowland)", "priority_score": 7.93, "temporal_class": "seasonal_transient", "t4_status": "pending", "t4_mean_power": null, "t4_mean_signed_db": null, "t4_observation": null}}, {"type": "Feature", "geometry": {"type": "Polygon", "coordinates": [[[93.99698078291398, 23.100376263012485], [93.9969607855188, 23.097666674999203], [93.99871819884136, 23.09765556651231], [93.99873823147308, 23.100365153074822], [93.99698078291398, 23.100376263012485]]]}, "properties": {"id": 340, "label": "temporary radar change (return toward T1)", "class_id": 2, "direction": "increase", "area_ha": 5.4029279456740245, "pixel_count": 15, "mean_change_db": 3.40873646736145, "max_change_db": 3.7185096740722656, "mean_signed_db": 3.40873646736145, "first_observed": "2024-11-20T11:46:56.693237Z", "observation_interval": ["2024-04-18T11:46:55.497558Z", "2024-11-20T11:46:56.693237Z"], "persists_into_T3": false, "mean_power_by_date": [0.0857464000582695, 0.18783123791217804, 0.09537521004676819], "interpretation": "Unvalidated radar-change candidate; terrain, registration and moisture may explain the signal.", "mean_slope_deg": 0.32, "max_slope_deg": 0.56, "mean_elevation_m": 128.2, "terrain_risk_pct": 0.0, "terrain_tier": "Low Risk (Flat Lowland)", "priority_score": 7.92, "temporal_class": "seasonal_transient", "t4_status": "pending", "t4_mean_power": null, "t4_mean_signed_db": null, "t4_observation": null}}, {"type": "Feature", "geometry": {"type": "Polygon", "coordinates": [[[94.07522582898935, 22.771444418565302], [94.07521309378826, 22.769818638892257], [94.0781350001855, 22.769798929731444], [94.07814776997836, 22.7714247078427], [94.07522582898935, 22.771444418565302]]]}, "properties": {"id": 59, "label": "persistent radar change", "class_id": 1, "direction": "increase", "area_ha": 5.402690970543725, "pixel_count": 15, "mean_change_db": 3.397045850753784, "max_change_db": 3.684605598449707, "mean_signed_db": 3.397045850753784, "first_observed": "2024-11-20T11:46:56.693237Z", "observation_interval": ["2024-04-18T11:46:55.497558Z", "2024-11-20T11:46:56.693237Z"], "persists_into_T3": true, "mean_power_by_date": [0.07152148336172104, 0.15633364021778107, 0.1566731333732605], "interpretation": "Unvalidated radar-change candidate; terrain, registration and moisture may explain the signal.", "mean_slope_deg": 0.33, "max_slope_deg": 0.48, "mean_elevation_m": 144.5, "terrain_risk_pct": 0.0, "terrain_tier": "Low Risk (Flat Lowland)", "priority_score": 7.9, "temporal_class": "persistent", "t4_status": "pending", "t4_mean_power": null, "t4_mean_signed_db": null, "t4_observation": null}}, {"type": "Feature", "geometry": {"type": "Polygon", "coordinates": [[[94.04548318768731, 23.385658307038952], [94.04547893546302, 23.385116417394112], [94.04489188332067, 23.385120341330737], [94.04487913457275, 23.38349467186207], [94.04722731373856, 23.383478964116012], [94.04724435050844, 23.38564652170557], [94.04548318768731, 23.385658307038952]]]}, "properties": {"id": 176, "label": "temporary radar change (return toward T1)", "class_id": 2, "direction": "increase", "area_ha": 5.402796520129452, "pixel_count": 15, "mean_change_db": 3.391089916229248, "max_change_db": 3.7456555366516113, "mean_signed_db": 3.391089916229248, "first_observed": "2024-11-20T11:46:56.693237Z", "observation_interval": ["2024-04-18T11:46:55.497558Z", "2024-11-20T11:46:56.693237Z"], "persists_into_T3": false, "mean_power_by_date": [0.0927915945649147, 0.20281775295734406, 0.11977588385343552], "interpretation": "Unvalidated radar-change candidate; terrain, registration and moisture may explain the signal.", "mean_slope_deg": 0.6, "max_slope_deg": 1.36, "mean_elevation_m": 133.4, "terrain_risk_pct": 0.0, "terrain_tier": "Low Risk (Flat Lowland)", "priority_score": 7.88, "temporal_class": "seasonal_transient", "t4_status": "pending", "t4_mean_power": null, "t4_mean_signed_db": null, "t4_observation": null}}, {"type": "Feature", "geometry": {"type": "Polygon", "coordinates": [[[94.06127612085403, 22.93195544532722], [94.06125500699373, 22.929245854588043], [94.06301020430122, 22.929234111731326], [94.06303135306548, 22.931943700928098], [94.06127612085403, 22.93195544532722]]]}, "properties": {"id": 525, "label": "late radar change (persistence unknown)", "class_id": 3, "direction": "increase", "area_ha": 5.402738482712023, "pixel_count": 15, "mean_change_db": 3.3908398151397705, "max_change_db": 3.841136932373047, "mean_signed_db": 3.3908398151397705, "first_observed": "2025-01-07T11:46:53.116821Z", "observation_interval": ["2024-11-20T11:46:56.693237Z", "2025-01-07T11:46:53.116821Z"], "persists_into_T3": null, "mean_power_by_date": [0.08786451071500778, 0.09188564866781235, 0.20064228773117065], "interpretation": "Unvalidated radar-change candidate; terrain, registration and moisture may explain the signal.", "mean_slope_deg": 0.44, "max_slope_deg": 1.1, "mean_elevation_m": 128.3, "terrain_risk_pct": 0.0, "terrain_tier": "Low Risk (Flat Lowland)", "priority_score": 7.88, "temporal_class": "late_unclassified", "t4_status": "pending", "t4_mean_power": null, "t4_mean_signed_db": null, "t4_observation": null}}, {"type": "Feature", "geometry": {"type": "Polygon", "coordinates": [[[94.08482878406137, 23.3870160256864], [94.08481554689776, 23.385390377774186], [94.08540259258773, 23.38538630392536], [94.08539817807817, 23.384844421316696], [94.08715930719369, 23.384832186868532], [94.08717257259858, 23.386457833630093], [94.08658552253306, 23.386461914299115], [94.08658994221335, 23.38700379658187], [94.08482878406137, 23.3870160256864]]]}, "properties": {"id": 174, "label": "temporary radar change (return toward T1)", "class_id": 2, "direction": "increase", "area_ha": 5.042499309612042, "pixel_count": 14, "mean_change_db": 3.6118578910827637, "max_change_db": 4.209570407867432, "mean_signed_db": 3.6118578910827637, "first_observed": "2024-11-20T11:46:56.693237Z", "observation_interval": ["2024-04-18T11:46:55.497558Z", "2024-11-20T11:46:56.693237Z"], "persists_into_T3": false, "mean_power_by_date": [0.08880620449781418, 0.2043197602033615, 0.11496288329362869], "interpretation": "Unvalidated radar-change candidate; terrain, registration and moisture may explain the signal.", "mean_slope_deg": 0.65, "max_slope_deg": 0.89, "mean_elevation_m": 122.3, "terrain_risk_pct": 0.0, "terrain_tier": "Low Risk (Flat Lowland)", "priority_score": 8.11, "temporal_class": "seasonal_transient", "t4_status": "pending", "t4_mean_power": null, "t4_mean_signed_db": null, "t4_observation": null}}, {"type": "Feature", "geometry": {"type": "Polygon", "coordinates": [[[94.01115396137972, 23.115460445819245], [94.01114178315039, 23.11383470331242], [94.01172765529053, 23.11383094756271], [94.01172359377487, 23.113289033416056], [94.01348120240648, 23.11327775341314], [94.01349747741766, 23.11544540859459], [94.01115396137972, 23.115460445819245]]]}, "properties": {"id": 327, "label": "temporary radar change (return toward T1)", "class_id": 2, "direction": "increase", "area_ha": 5.402887542956439, "pixel_count": 15, "mean_change_db": 3.3677194118499756, "max_change_db": 3.6805896759033203, "mean_signed_db": 3.3677194118499756, "first_observed": "2024-11-20T11:46:56.693237Z", "observation_interval": ["2024-04-18T11:46:55.497558Z", "2024-11-20T11:46:56.693237Z"], "persists_into_T3": false, "mean_power_by_date": [0.08873824030160904, 0.1926509588956833, 0.09855733066797256], "interpretation": "Unvalidated radar-change candidate; terrain, registration and moisture may explain the signal.", "mean_slope_deg": 0.58, "max_slope_deg": 0.72, "mean_elevation_m": 129.9, "terrain_risk_pct": 0.0, "terrain_tier": "Low Risk (Flat Lowland)", "priority_score": 7.83, "temporal_class": "seasonal_transient", "t4_status": "pending", "t4_mean_power": null, "t4_mean_signed_db": null, "t4_observation": null}}, {"type": "Feature", "geometry": {"type": "Polygon", "coordinates": [[[94.01858976857247, 23.323514629186587], [94.01857324717014, 23.32134703476422], [94.02033357645817, 23.321335582210217], [94.02033771375746, 23.32187748057615], [94.02092449231655, 23.321873658566137], [94.02093691209558, 23.323499353137755], [94.01858976857247, 23.323514629186587]]]}, "properties": {"id": 236, "label": "temporary radar change (return toward T1)", "class_id": 2, "direction": "increase", "area_ha": 5.402870936496626, "pixel_count": 15, "mean_change_db": 3.3621528148651123, "max_change_db": 3.654745101928711, "mean_signed_db": 3.3621528148651123, "first_observed": "2024-11-20T11:46:56.693237Z", "observation_interval": ["2024-04-18T11:46:55.497558Z", "2024-11-20T11:46:56.693237Z"], "persists_into_T3": false, "mean_power_by_date": [0.11254094541072845, 0.24429653584957123, 0.1421457827091217], "interpretation": "Unvalidated radar-change candidate; terrain, registration and moisture may explain the signal.", "mean_slope_deg": 0.4, "max_slope_deg": 0.58, "mean_elevation_m": 131.4, "terrain_risk_pct": 0.0, "terrain_tier": "Low Risk (Flat Lowland)", "priority_score": 7.82, "temporal_class": "seasonal_transient", "t4_status": "pending", "t4_mean_power": null, "t4_mean_signed_db": null, "t4_observation": null}}, {"type": "Feature", "geometry": {"type": "Polygon", "coordinates": [[[94.00731543534546, 23.072129639331553], [94.00730332872327, 23.07050388598036], [94.01023175260181, 23.070485189840767], [94.0102438944057, 23.072110941725605], [94.00731543534546, 23.072129639331553]]]}, "properties": {"id": 356, "label": "temporary radar change (return toward T1)", "class_id": 2, "direction": "increase", "area_ha": 5.402896652810974, "pixel_count": 15, "mean_change_db": 3.3617401123046875, "max_change_db": 3.624490261077881, "mean_signed_db": 3.3617401123046875, "first_observed": "2024-11-20T11:46:56.693237Z", "observation_interval": ["2024-04-18T11:46:55.497558Z", "2024-11-20T11:46:56.693237Z"], "persists_into_T3": false, "mean_power_by_date": [0.08947763592004776, 0.19390134513378143, 0.10653911530971527], "interpretation": "Unvalidated radar-change candidate; terrain, registration and moisture may explain the signal.", "mean_slope_deg": 0.31, "max_slope_deg": 0.67, "mean_elevation_m": 121.6, "terrain_risk_pct": 0.0, "terrain_tier": "Low Risk (Flat Lowland)", "priority_score": 7.81, "temporal_class": "seasonal_transient", "t4_status": "pending", "t4_mean_power": null, "t4_mean_signed_db": null, "t4_observation": null}}, {"type": "Feature", "geometry": {"type": "Polygon", "coordinates": [[[94.32967696796499, 23.391086195698897], [94.3296715586358, 23.39054436241276], [94.3290845432095, 23.39054935421447], [94.32906832335418, 23.388923853736504], [94.3308293476702, 23.388908872885196], [94.33083476128489, 23.38945070602912], [94.33142177145167, 23.389445707877417], [94.33143802042905, 23.391071206689087], [94.32967696796499, 23.391086195698897]]]}, "properties": {"id": 165, "label": "temporary radar change (return toward T1)", "class_id": 2, "direction": "increase", "area_ha": 5.041731386216567, "pixel_count": 14, "mean_change_db": 3.5959084033966064, "max_change_db": 4.273665428161621, "mean_signed_db": 3.5959084033966064, "first_observed": "2024-11-20T11:46:56.693237Z", "observation_interval": ["2024-04-18T11:46:55.497558Z", "2024-11-20T11:46:56.693237Z"], "persists_into_T3": false, "mean_power_by_date": [0.07267267256975174, 0.16597343981266022, 0.09251363575458527], "interpretation": "Unvalidated radar-change candidate; terrain, registration and moisture may explain the signal.", "mean_slope_deg": 2.5, "max_slope_deg": 5.96, "mean_elevation_m": 110.6, "terrain_risk_pct": 0.0, "terrain_tier": "Low Risk (Flat Lowland)", "priority_score": 8.07, "temporal_class": "seasonal_transient", "t4_status": "pending", "t4_mean_power": null, "t4_mean_signed_db": null, "t4_observation": null}}, {"type": "Feature", "geometry": {"type": "Polygon", "coordinates": [[[94.05397980558212, 22.744488200082362], [94.05396318297237, 22.742320471454725], [94.05630025670872, 22.74230503718172], [94.05631275110773, 22.743930832484427], [94.05572847595582, 22.74393469456266], [94.05573263870636, 22.744476626357415], [94.05397980558212, 22.744488200082362]]]}, "properties": {"id": 479, "label": "temporary radar change (return toward T1)", "class_id": 2, "direction": "increase", "area_ha": 5.402754967725627, "pixel_count": 15, "mean_change_db": 3.3468923568725586, "max_change_db": 3.70388126373291, "mean_signed_db": 3.3468923568725586, "first_observed": "2024-11-20T11:46:56.693237Z", "observation_interval": ["2024-04-18T11:46:55.497558Z", "2024-11-20T11:46:56.693237Z"], "persists_into_T3": false, "mean_power_by_date": [0.06436523050069809, 0.13921478390693665, 0.08208133280277252], "interpretation": "Unvalidated radar-change candidate; terrain, registration and moisture may explain the signal.", "mean_slope_deg": 0.51, "max_slope_deg": 0.9, "mean_elevation_m": 162.3, "terrain_risk_pct": 0.0, "terrain_tier": "Low Risk (Flat Lowland)", "priority_score": 7.78, "temporal_class": "seasonal_transient", "t4_status": "pending", "t4_mean_power": null, "t4_mean_signed_db": null, "t4_observation": null}}, {"type": "Feature", "geometry": {"type": "Polygon", "coordinates": [[[94.04402566470526, 23.047504030092732], [94.04400895450242, 23.04533637711821], [94.04635123130541, 23.045320896311537], [94.04636379187268, 23.04694663488398], [94.04577821583548, 23.046950508640887], [94.04578240060222, 23.04749242152405], [94.04402566470526, 23.047504030092732]]]}, "properties": {"id": 368, "label": "temporary radar change (return toward T1)", "class_id": 2, "direction": "increase", "area_ha": 5.402791289821873, "pixel_count": 15, "mean_change_db": 3.3462305068969727, "max_change_db": 3.770524024963379, "mean_signed_db": 3.3462305068969727, "first_observed": "2024-11-20T11:46:56.693237Z", "observation_interval": ["2024-04-18T11:46:55.497558Z", "2024-11-20T11:46:56.693237Z"], "persists_into_T3": false, "mean_power_by_date": [0.10369668900966644, 0.22427301108837128, 0.12014638632535934], "interpretation": "Unvalidated radar-change candidate; terrain, registration and moisture may explain the signal.", "mean_slope_deg": 0.12, "max_slope_deg": 0.24, "mean_elevation_m": 117.4, "terrain_risk_pct": 0.0, "terrain_tier": "Low Risk (Flat Lowland)", "priority_score": 7.78, "temporal_class": "seasonal_transient", "t4_status": "pending", "t4_mean_power": null, "t4_mean_signed_db": null, "t4_observation": null}}, {"type": "Feature", "geometry": {"type": "Polygon", "coordinates": [[[94.00335592880607, 22.85320656058275], [94.00334399725116, 22.8515807603995], [94.00626771480798, 22.851562304364556], [94.00627968111685, 22.853188103089423], [94.00335592880607, 22.85320656058275]]]}, "properties": {"id": 428, "label": "temporary radar change (return toward T1)", "class_id": 2, "direction": "increase", "area_ha": 5.402903215684882, "pixel_count": 15, "mean_change_db": 3.342165946960449, "max_change_db": 3.5328540802001953, "mean_signed_db": 3.342165946960449, "first_observed": "2024-11-20T11:46:56.693237Z", "observation_interval": ["2024-04-18T11:46:55.497558Z", "2024-11-20T11:46:56.693237Z"], "persists_into_T3": false, "mean_power_by_date": [0.060371048748493195, 0.13025134801864624, 0.08029093593358994], "interpretation": "Unvalidated radar-change candidate; terrain, registration and moisture may explain the signal.", "mean_slope_deg": 1.84, "max_slope_deg": 3.21, "mean_elevation_m": 182.9, "terrain_risk_pct": 0.0, "terrain_tier": "Low Risk (Flat Lowland)", "priority_score": 7.77, "temporal_class": "seasonal_transient", "t4_status": "pending", "t4_mean_power": null, "t4_mean_signed_db": null, "t4_observation": null}}, {"type": "Feature", "geometry": {"type": "Polygon", "coordinates": [[[94.0310912583432, 22.731088497060565], [94.03107906989966, 22.729462686045327], [94.0340001599822, 22.72944381632993], [94.03401238294114, 22.731069625847798], [94.0310912583432, 22.731088497060565]]]}, "properties": {"id": 487, "label": "temporary radar change (return toward T1)", "class_id": 2, "direction": "increase", "area_ha": 5.4028210880816445, "pixel_count": 15, "mean_change_db": 3.3389344215393066, "max_change_db": 3.6530914306640625, "mean_signed_db": 3.3389344215393066, "first_observed": "2024-11-20T11:46:56.693237Z", "observation_interval": ["2024-04-18T11:46:55.497558Z", "2024-11-20T11:46:56.693237Z"], "persists_into_T3": false, "mean_power_by_date": [0.0726366862654686, 0.15656134486198425, 0.0989304929971695], "interpretation": "Unvalidated radar-change candidate; terrain, registration and moisture may explain the signal.", "mean_slope_deg": 0.65, "max_slope_deg": 0.99, "mean_elevation_m": 175.7, "terrain_risk_pct": 0.0, "terrain_tier": "Low Risk (Flat Lowland)", "priority_score": 7.76, "temporal_class": "seasonal_transient", "t4_status": "pending", "t4_mean_power": null, "t4_mean_signed_db": null, "t4_observation": null}}, {"type": "Feature", "geometry": {"type": "Polygon", "coordinates": [[[94.09707468698538, 23.44816637096257], [94.09705231137248, 23.44545698986022], [94.0988142360658, 23.445444594017673], [94.09883664759754, 23.448153973519908], [94.09707468698538, 23.44816637096257]]]}, "properties": {"id": 128, "label": "temporary radar change (return toward T1)", "class_id": 2, "direction": "increase", "area_ha": 5.402642994886171, "pixel_count": 15, "mean_change_db": 3.335968494415283, "max_change_db": 3.8047752380371094, "mean_signed_db": 3.335968494415283, "first_observed": "2024-11-20T11:46:56.693237Z", "observation_interval": ["2024-04-18T11:46:55.497558Z", "2024-11-20T11:46:56.693237Z"], "persists_into_T3": false, "mean_power_by_date": [0.10353778302669525, 0.22287188470363617, 0.11297311633825302], "interpretation": "Unvalidated radar-change candidate; terrain, registration and moisture may explain the signal.", "mean_slope_deg": 0.46, "max_slope_deg": 0.79, "mean_elevation_m": 136.7, "terrain_risk_pct": 0.0, "terrain_tier": "Low Risk (Flat Lowland)", "priority_score": 7.75, "temporal_class": "seasonal_transient", "t4_status": "pending", "t4_mean_power": null, "t4_mean_signed_db": null, "t4_observation": null}}, {"type": "Feature", "geometry": {"type": "Polygon", "coordinates": [[[94.03244202197102, 23.36948735436259], [94.03242523897211, 23.36731978208509], [94.03418616684874, 23.36730815239788], [94.0341903695625, 23.36785004522357], [94.03477734765347, 23.367846164158184], [94.03478996370502, 23.369471842104506], [94.03244202197102, 23.36948735436259]]]}, "properties": {"id": 193, "label": "temporary radar change (return toward T1)", "class_id": 2, "direction": "increase", "area_ha": 5.402832272207877, "pixel_count": 15, "mean_change_db": 3.3346495628356934, "max_change_db": 3.7792110443115234, "mean_signed_db": 3.3346495628356934, "first_observed": "2024-11-20T11:46:56.693237Z", "observation_interval": ["2024-04-18T11:46:55.497558Z", "2024-11-20T11:46:56.693237Z"], "persists_into_T3": false, "mean_power_by_date": [0.09362610429525375, 0.20183636248111725, 0.11749117076396942], "interpretation": "Unvalidated radar-change candidate; terrain, registration and moisture may explain the signal.", "mean_slope_deg": 0.79, "max_slope_deg": 1.45, "mean_elevation_m": 144.8, "terrain_risk_pct": 0.0, "terrain_tier": "Low Risk (Flat Lowland)", "priority_score": 7.75, "temporal_class": "seasonal_transient", "t4_status": "pending", "t4_mean_power": null, "t4_mean_signed_db": null, "t4_observation": null}}, {"type": "Feature", "geometry": {"type": "Polygon", "coordinates": [[[94.37657225833239, 23.098606107658053], [94.37655569326157, 23.096980578788237], [94.37714141404395, 23.096975469887347], [94.3771358903396, 23.09643362698733], [94.37889304464319, 23.096418287653982], [94.37891516863269, 23.09858565742104], [94.37657225833239, 23.098606107658053]]]}, "properties": {"id": 338, "label": "temporary radar change (return toward T1)", "class_id": 2, "direction": "increase", "area_ha": 5.401664107125625, "pixel_count": 15, "mean_change_db": 3.3331103324890137, "max_change_db": 3.847095012664795, "mean_signed_db": 3.3331103324890137, "first_observed": "2024-11-20T11:46:56.693237Z", "observation_interval": ["2024-04-18T11:46:55.497558Z", "2024-11-20T11:46:56.693237Z"], "persists_into_T3": false, "mean_power_by_date": [0.08019369095563889, 0.1729765236377716, 0.09970317035913467], "interpretation": "Unvalidated radar-change candidate; terrain, registration and moisture may explain the signal.", "mean_slope_deg": 2.09, "max_slope_deg": 3.76, "mean_elevation_m": 104.1, "terrain_risk_pct": 0.0, "terrain_tier": "Low Risk (Flat Lowland)", "priority_score": 7.75, "temporal_class": "seasonal_transient", "t4_status": "pending", "t4_mean_power": null, "t4_mean_signed_db": null, "t4_observation": null}}, {"type": "Feature", "geometry": {"type": "Polygon", "coordinates": [[[94.03844368773947, 23.461573504172655], [94.03842249424875, 23.458864075802737], [94.04018463060005, 23.458852335514575], [94.04020586003898, 23.461561762369634], [94.03844368773947, 23.461573504172655]]]}, "properties": {"id": 121, "label": "temporary radar change (return toward T1)", "class_id": 2, "direction": "increase", "area_ha": 5.402817874791007, "pixel_count": 15, "mean_change_db": 3.325777530670166, "max_change_db": 3.737358570098877, "mean_signed_db": 3.325777530670166, "first_observed": "2024-11-20T11:46:56.693237Z", "observation_interval": ["2024-04-18T11:46:55.497558Z", "2024-11-20T11:46:56.693237Z"], "persists_into_T3": false, "mean_power_by_date": [0.11276669800281525, 0.24240916967391968, 0.0985412448644638], "interpretation": "Unvalidated radar-change candidate; terrain, registration and moisture may explain the signal.", "mean_slope_deg": 0.16, "max_slope_deg": 0.31, "mean_elevation_m": 133.0, "terrain_risk_pct": 0.0, "terrain_tier": "Low Risk (Flat Lowland)", "priority_score": 7.73, "temporal_class": "seasonal_transient", "t4_status": "pending", "t4_mean_power": null, "t4_mean_signed_db": null, "t4_observation": null}}, {"type": "Feature", "geometry": {"type": "Polygon", "coordinates": [[[94.46483916451136, 23.5632708232039], [94.46480912508454, 23.56056187279197], [94.46657232658892, 23.5605452493181], [94.46660240214284, 23.563254197592602], [94.46483916451136, 23.5632708232039]]]}, "properties": {"id": 105, "label": "temporary radar change (return toward T1)", "class_id": 2, "direction": "increase", "area_ha": 5.401334917934239, "pixel_count": 15, "mean_change_db": 3.3112056255340576, "max_change_db": 3.694835662841797, "mean_signed_db": 3.3112056255340576, "first_observed": "2024-11-20T11:46:56.693237Z", "observation_interval": ["2024-04-18T11:46:55.497558Z", "2024-11-20T11:46:56.693237Z"], "persists_into_T3": false, "mean_power_by_date": [0.07670245319604874, 0.16430999338626862, 0.10017440468072891], "interpretation": "Unvalidated radar-change candidate; terrain, registration and moisture may explain the signal.", "mean_slope_deg": 3.87, "max_slope_deg": 9.76, "mean_elevation_m": 128.9, "terrain_risk_pct": 0.0, "terrain_tier": "Low Risk (Flat Lowland)", "priority_score": 7.7, "temporal_class": "seasonal_transient", "t4_status": "pending", "t4_mean_power": null, "t4_mean_signed_db": null, "t4_observation": null}}, {"type": "Feature", "geometry": {"type": "Polygon", "coordinates": [[[94.31768342440465, 23.306111982752302], [94.3176780856437, 23.305570140956153], [94.31709144092905, 23.30557507081786], [94.31707543273407, 23.303949544814337], [94.31942198212909, 23.303929813739057], [94.31944336471122, 23.30609717961957], [94.31768342440465, 23.306111982752302]]]}, "properties": {"id": 253, "label": "temporary radar change (return toward T1)", "class_id": 2, "direction": "increase", "area_ha": 5.401896221669996, "pixel_count": 15, "mean_change_db": 3.310048818588257, "max_change_db": 3.5893211364746094, "mean_signed_db": 3.310048818588257, "first_observed": "2024-11-20T11:46:56.693237Z", "observation_interval": ["2024-04-18T11:46:55.497558Z", "2024-11-20T11:46:56.693237Z"], "persists_into_T3": false, "mean_power_by_date": [0.07062976062297821, 0.15123671293258667, 0.08304984867572784], "interpretation": "Unvalidated radar-change candidate; terrain, registration and moisture may explain the signal.", "mean_slope_deg": 1.29, "max_slope_deg": 2.25, "mean_elevation_m": 110.6, "terrain_risk_pct": 0.0, "terrain_tier": "Low Risk (Flat Lowland)", "priority_score": 7.69, "temporal_class": "seasonal_transient", "t4_status": "pending", "t4_mean_power": null, "t4_mean_signed_db": null, "t4_observation": null}}, {"type": "Feature", "geometry": {"type": "Polygon", "coordinates": [[[94.11115795684448, 23.164103113404252], [94.11113560089302, 23.16139364709561], [94.11289377977724, 23.161381235521898], [94.11291617108532, 23.164090700213137], [94.11115795684448, 23.164103113404252]]]}, "properties": {"id": 306, "label": "temporary radar change (return toward T1)", "class_id": 2, "direction": "increase", "area_ha": 5.40259222461395, "pixel_count": 15, "mean_change_db": 3.2954602241516113, "max_change_db": 3.7684969902038574, "mean_signed_db": 3.2954602241516113, "first_observed": "2024-11-20T11:46:56.693237Z", "observation_interval": ["2024-04-18T11:46:55.497558Z", "2024-11-20T11:46:56.693237Z"], "persists_into_T3": false, "mean_power_by_date": [0.09928490221500397, 0.21194076538085938, 0.1008095070719719], "interpretation": "Unvalidated radar-change candidate; terrain, registration and moisture may explain the signal.", "mean_slope_deg": 0.34, "max_slope_deg": 0.54, "mean_elevation_m": 111.2, "terrain_risk_pct": 0.0, "terrain_tier": "Low Risk (Flat Lowland)", "priority_score": 7.66, "temporal_class": "seasonal_transient", "t4_status": "pending", "t4_mean_power": null, "t4_mean_signed_db": null, "t4_observation": null}}, {"type": "Feature", "geometry": {"type": "Polygon", "coordinates": [[[94.31167668506562, 22.930083889377002], [94.3116558108478, 22.927916413493023], [94.31399583775061, 22.92789706246174], [94.3140115210868, 22.929522667906912], [94.3134265076211, 22.929527509277843], [94.3134317333908, 22.930069377810536], [94.31167668506562, 22.930083889377002]]]}, "properties": {"id": 403, "label": "temporary radar change (return toward T1)", "class_id": 2, "direction": "increase", "area_ha": 5.401902541447663, "pixel_count": 15, "mean_change_db": 3.2893054485321045, "max_change_db": 3.5837669372558594, "mean_signed_db": 3.2893054485321045, "first_observed": "2024-11-20T11:46:56.693237Z", "observation_interval": ["2024-04-18T11:46:55.497558Z", "2024-11-20T11:46:56.693237Z"], "persists_into_T3": false, "mean_power_by_date": [0.07439753413200378, 0.15869028866291046, 0.08715533465147018], "interpretation": "Unvalidated radar-change candidate; terrain, registration and moisture may explain the signal.", "mean_slope_deg": 0.54, "max_slope_deg": 1.44, "mean_elevation_m": 104.2, "terrain_risk_pct": 0.0, "terrain_tier": "Low Risk (Flat Lowland)", "priority_score": 7.65, "temporal_class": "seasonal_transient", "t4_status": "pending", "t4_mean_power": null, "t4_mean_signed_db": null, "t4_observation": null}}, {"type": "Feature", "geometry": {"type": "Polygon", "coordinates": [[[94.02837249431705, 22.913745684876083], [94.02836022921484, 22.912119909710402], [94.03128522063795, 22.91210094694895], [94.03129752061108, 22.913726720619323], [94.02837249431705, 22.913745684876083]]]}, "properties": {"id": 408, "label": "temporary radar change (return toward T1)", "class_id": 2, "direction": "increase", "area_ha": 5.402833003124361, "pixel_count": 15, "mean_change_db": 3.284876585006714, "max_change_db": 3.70477294921875, "mean_signed_db": 3.284876585006714, "first_observed": "2024-11-20T11:46:56.693237Z", "observation_interval": ["2024-04-18T11:46:55.497558Z", "2024-11-20T11:46:56.693237Z"], "persists_into_T3": false, "mean_power_by_date": [0.06743041425943375, 0.14383599162101746, 0.09027308970689774], "interpretation": "Unvalidated radar-change candidate; terrain, registration and moisture may explain the signal.", "mean_slope_deg": 0.47, "max_slope_deg": 0.79, "mean_elevation_m": 141.7, "terrain_risk_pct": 0.0, "terrain_tier": "Low Risk (Flat Lowland)", "priority_score": 7.64, "temporal_class": "seasonal_transient", "t4_status": "pending", "t4_mean_power": null, "t4_mean_signed_db": null, "t4_observation": null}}, {"type": "Feature", "geometry": {"type": "Polygon", "coordinates": [[[94.04691166842262, 23.04206554313319], [94.04689491644396, 23.039897890671142], [94.04923709705145, 23.039882370577217], [94.04924968894146, 23.041508108761995], [94.04866413695581, 23.04151199234068], [94.04866833216484, 23.042053905094896], [94.04691166842262, 23.04206554313319]]]}, "properties": {"id": 373, "label": "temporary radar change (return toward T1)", "class_id": 2, "direction": "increase", "area_ha": 5.402782697710768, "pixel_count": 15, "mean_change_db": 3.2791554927825928, "max_change_db": 3.5222740173339844, "mean_signed_db": 3.2791554927825928, "first_observed": "2024-11-20T11:46:56.693237Z", "observation_interval": ["2024-04-18T11:46:55.497558Z", "2024-11-20T11:46:56.693237Z"], "persists_into_T3": false, "mean_power_by_date": [0.09510204941034317, 0.20246414840221405, 0.12668602168560028], "interpretation": "Unvalidated radar-change candidate; terrain, registration and moisture may explain the signal.", "mean_slope_deg": 0.1, "max_slope_deg": 0.17, "mean_elevation_m": 118.4, "terrain_risk_pct": 0.0, "terrain_tier": "Low Risk (Flat Lowland)", "priority_score": 7.62, "temporal_class": "seasonal_transient", "t4_status": "pending", "t4_mean_power": null, "t4_mean_signed_db": null, "t4_observation": null}}, {"type": "Feature", "geometry": {"type": "Polygon", "coordinates": [[[94.03831344300407, 22.913139063405833], [94.03830931511654, 22.912597140051062], [94.0377243162524, 22.912600962853578], [94.03771194031458, 22.91097519226189], [94.04005190712513, 22.910959889337022], [94.04006844581917, 22.913127581774937], [94.03831344300407, 22.913139063405833]]]}, "properties": {"id": 410, "label": "temporary radar change (return toward T1)", "class_id": 2, "direction": "increase", "area_ha": 5.402806658267486, "pixel_count": 15, "mean_change_db": 3.2661426067352295, "max_change_db": 3.444629192352295, "mean_signed_db": 3.2661426067352295, "first_observed": "2024-11-20T11:46:56.693237Z", "observation_interval": ["2024-04-18T11:46:55.497558Z", "2024-11-20T11:46:56.693237Z"], "persists_into_T3": false, "mean_power_by_date": [0.08472573757171631, 0.17998534440994263, 0.10973826050758362], "interpretation": "Unvalidated radar-change candidate; terrain, registration and moisture may explain the signal.", "mean_slope_deg": 1.13, "max_slope_deg": 2.85, "mean_elevation_m": 134.6, "terrain_risk_pct": 0.0, "terrain_tier": "Low Risk (Flat Lowland)", "priority_score": 7.59, "temporal_class": "seasonal_transient", "t4_status": "pending", "t4_mean_power": null, "t4_mean_signed_db": null, "t4_observation": null}}, {"type": "Feature", "geometry": {"type": "Polygon", "coordinates": [[[94.00495550895431, 22.75239162172869], [94.00494361704266, 22.75076580180257], [94.00552793059907, 22.750762124392956], [94.00552396456614, 22.75022018443997], [94.00727689759951, 22.75020913968234], [94.00729279010156, 22.752376898102096], [94.00495550895431, 22.75239162172869]]]}, "properties": {"id": 473, "label": "temporary radar change (return toward T1)", "class_id": 2, "direction": "increase", "area_ha": 5.402897404556884, "pixel_count": 15, "mean_change_db": 3.2630183696746826, "max_change_db": 3.437300682067871, "mean_signed_db": 3.2630183696746826, "first_observed": "2024-11-20T11:46:56.693237Z", "observation_interval": ["2024-04-18T11:46:55.497558Z", "2024-11-20T11:46:56.693237Z"], "persists_into_T3": false, "mean_power_by_date": [0.08583875745534897, 0.1819455623626709, 0.11596155911684036], "interpretation": "Unvalidated radar-change candidate; terrain, registration and moisture may explain the signal.", "mean_slope_deg": 1.23, "max_slope_deg": 1.83, "mean_elevation_m": 205.4, "terrain_risk_pct": 0.0, "terrain_tier": "Low Risk (Flat Lowland)", "priority_score": 7.58, "temporal_class": "seasonal_transient", "t4_status": "pending", "t4_mean_power": null, "t4_mean_signed_db": null, "t4_observation": null}}, {"type": "Feature", "geometry": {"type": "Polygon", "coordinates": [[[94.06655480343437, 22.858757080300645], [94.06655057449227, 22.85821515817266], [94.06596581394795, 22.858219076177843], [94.06595313484434, 22.856593309258617], [94.06770739523539, 22.856581549728567], [94.0677116284269, 22.857123471762918], [94.06829638395092, 22.857119547520877], [94.06830909124919, 22.858745313088143], [94.06655480343437, 22.858757080300645]]]}, "properties": {"id": 426, "label": "temporary radar change (return toward T1)", "class_id": 2, "direction": "increase", "area_ha": 5.042540384825878, "pixel_count": 14, "mean_change_db": 3.4766974449157715, "max_change_db": 4.112476348876953, "mean_signed_db": 3.4766974449157715, "first_observed": "2024-11-20T11:46:56.693237Z", "observation_interval": ["2024-04-18T11:46:55.497558Z", "2024-11-20T11:46:56.693237Z"], "persists_into_T3": false, "mean_power_by_date": [0.10132850706577301, 0.22633454203605652, 0.11934403330087662], "interpretation": "Unvalidated radar-change candidate; terrain, registration and moisture may explain the signal.", "mean_slope_deg": 0.67, "max_slope_deg": 1.23, "mean_elevation_m": 137.6, "terrain_risk_pct": 0.0, "terrain_tier": "Low Risk (Flat Lowland)", "priority_score": 7.81, "temporal_class": "seasonal_transient", "t4_status": "pending", "t4_mean_power": null, "t4_mean_signed_db": null, "t4_observation": null}}, {"type": "Feature", "geometry": {"type": "Polygon", "coordinates": [[[93.99264168512376, 22.746506996129174], [93.99262602825054, 22.74433922639521], [93.99496318127565, 22.74432468804035], [93.99497495138853, 22.745950514243816], [93.99439065640209, 22.745954152325275], [93.99439457770875, 22.746496094414503], [93.99264168512376, 22.746506996129174]]]}, "properties": {"id": 478, "label": "temporary radar change (return toward T1)", "class_id": 2, "direction": "increase", "area_ha": 5.40293195266875, "pixel_count": 15, "mean_change_db": 3.241795778274536, "max_change_db": 3.4273571968078613, "mean_signed_db": 3.241795778274536, "first_observed": "2024-11-20T11:46:56.693237Z", "observation_interval": ["2024-04-18T11:46:55.497558Z", "2024-11-20T11:46:56.693237Z"], "persists_into_T3": false, "mean_power_by_date": [0.07954829186201096, 0.16778063774108887, 0.1046128198504448], "interpretation": "Unvalidated radar-change candidate; terrain, registration and moisture may explain the signal.", "mean_slope_deg": 3.46, "max_slope_deg": 5.24, "mean_elevation_m": 228.4, "terrain_risk_pct": 0.0, "terrain_tier": "Low Risk (Flat Lowland)", "priority_score": 7.54, "temporal_class": "seasonal_transient", "t4_status": "pending", "t4_mean_power": null, "t4_mean_signed_db": null, "t4_observation": null}}, {"type": "Feature", "geometry": {"type": "Polygon", "coordinates": [[[94.00875154063813, 22.71226222696794], [94.00874756937992, 22.711720284944967], [94.00816342223685, 22.711723968154466], [94.00815151608404, 22.71009814156895], [94.01048807634695, 22.7100833971055], [94.01050398823722, 22.712251164250382], [94.00875154063813, 22.71226222696794]]]}, "properties": {"id": 496, "label": "temporary radar change (return toward T1)", "class_id": 2, "direction": "increase", "area_ha": 5.402887445822707, "pixel_count": 15, "mean_change_db": 3.2238612174987793, "max_change_db": 3.4210433959960938, "mean_signed_db": 3.2238612174987793, "first_observed": "2024-11-20T11:46:56.693237Z", "observation_interval": ["2024-04-18T11:46:55.497558Z", "2024-11-20T11:46:56.693237Z"], "persists_into_T3": false, "mean_power_by_date": [0.06805455684661865, 0.14294901490211487, 0.09261194616556168], "interpretation": "Unvalidated radar-change candidate; terrain, registration and moisture may explain the signal.", "mean_slope_deg": 4.41, "max_slope_deg": 7.29, "mean_elevation_m": 201.2, "terrain_risk_pct": 0.0, "terrain_tier": "Low Risk (Flat Lowland)", "priority_score": 7.49, "temporal_class": "seasonal_transient", "t4_status": "pending", "t4_mean_power": null, "t4_mean_signed_db": null, "t4_observation": null}}, {"type": "Feature", "geometry": {"type": "Polygon", "coordinates": [[[94.06370331290942, 23.09235364567099], [94.06369051614577, 23.090727925538587], [94.06427627829572, 23.09072397840381], [94.06427201061771, 23.090182071720292], [94.06602928925054, 23.090170217592707], [94.06604211380196, 23.091795936600416], [94.06545634734314, 23.09179989045825], [94.06546062010385, 23.092341796821593], [94.06370331290942, 23.09235364567099]]]}, "properties": {"id": 346, "label": "temporary radar change (return toward T1)", "class_id": 2, "direction": "increase", "area_ha": 5.042551881815493, "pixel_count": 14, "mean_change_db": 3.399486780166626, "max_change_db": 3.709542751312256, "mean_signed_db": 3.399486780166626, "first_observed": "2024-11-20T11:46:56.693237Z", "observation_interval": ["2024-04-18T11:46:55.497558Z", "2024-11-20T11:46:56.693237Z"], "persists_into_T3": false, "mean_power_by_date": [0.09659720212221146, 0.21156045794487, 0.10773652791976929], "interpretation": "Unvalidated radar-change candidate; terrain, registration and moisture may explain the signal.", "mean_slope_deg": 0.17, "max_slope_deg": 0.27, "mean_elevation_m": 114.8, "terrain_risk_pct": 0.0, "terrain_tier": "Low Risk (Flat Lowland)", "priority_score": 7.63, "temporal_class": "seasonal_transient", "t4_status": "pending", "t4_mean_power": null, "t4_mean_signed_db": null, "t4_observation": null}}, {"type": "Feature", "geometry": {"type": "Polygon", "coordinates": [[[94.08648162858634, 23.15668826750386], [94.08646414694674, 23.154520674502688], [94.08822225073688, 23.154508541655364], [94.0882266280175, 23.15505043964642], [94.08881266470642, 23.155046390900875], [94.08882580440924, 23.156672084329195], [94.08648162858634, 23.15668826750386]]]}, "properties": {"id": 308, "label": "temporary radar change (return toward T1)", "class_id": 2, "direction": "increase", "area_ha": 5.4026670812781665, "pixel_count": 15, "mean_change_db": 3.168614149093628, "max_change_db": 3.499131202697754, "mean_signed_db": 3.168614149093628, "first_observed": "2024-11-20T11:46:56.693237Z", "observation_interval": ["2024-04-18T11:46:55.497558Z", "2024-11-20T11:46:56.693237Z"], "persists_into_T3": false, "mean_power_by_date": [0.11577571928501129, 0.24022459983825684, 0.10447382926940918], "interpretation": "Unvalidated radar-change candidate; terrain, registration and moisture may explain the signal.", "mean_slope_deg": 0.18, "max_slope_deg": 0.37, "mean_elevation_m": 111.9, "terrain_risk_pct": 0.0, "terrain_tier": "Low Risk (Flat Lowland)", "priority_score": 7.37, "temporal_class": "seasonal_transient", "t4_status": "pending", "t4_mean_power": null, "t4_mean_signed_db": null, "t4_observation": null}}, {"type": "Feature", "geometry": {"type": "Polygon", "coordinates": [[[94.01119167155473, 22.726337941739708], [94.01117175473135, 22.723628238062002], [94.01292434574329, 22.723617143587852], [94.01294429707266, 22.726326845797935], [94.01119167155473, 22.726337941739708]]]}, "properties": {"id": 490, "label": "temporary radar change (return toward T1)", "class_id": 2, "direction": "increase", "area_ha": 5.402879965393711, "pixel_count": 15, "mean_change_db": 3.14764404296875, "max_change_db": 3.392667770385742, "mean_signed_db": 3.14764404296875, "first_observed": "2024-11-20T11:46:56.693237Z", "observation_interval": ["2024-04-18T11:46:55.497558Z", "2024-11-20T11:46:56.693237Z"], "persists_into_T3": false, "mean_power_by_date": [0.0690087080001831, 0.14232735335826874, 0.0937144085764885], "interpretation": "Unvalidated radar-change candidate; terrain, registration and moisture may explain the signal.", "mean_slope_deg": 6.27, "max_slope_deg": 10.22, "mean_elevation_m": 199.9, "terrain_risk_pct": 0.0, "terrain_tier": "Low Risk (Flat Lowland)", "priority_score": 7.32, "temporal_class": "seasonal_transient", "t4_status": "pending", "t4_mean_power": null, "t4_mean_signed_db": null, "t4_observation": null}}, {"type": "Feature", "geometry": {"type": "Polygon", "coordinates": [[[94.09596264839088, 23.455760889836036], [94.09595817591402, 23.455219014017235], [94.09537082403556, 23.455223139043607], [94.0953574145957, 23.453597511037295], [94.09711944826871, 23.453585130285767], [94.09712392513468, 23.45412700600675], [94.09771127181972, 23.45412287456259], [94.09772471040935, 23.45574850117509], [94.09596264839088, 23.455760889836036]]]}, "properties": {"id": 122, "label": "temporary radar change (return toward T1)", "class_id": 2, "direction": "increase", "area_ha": 5.042470986184874, "pixel_count": 14, "mean_change_db": 3.2784857749938965, "max_change_db": 3.6146650314331055, "mean_signed_db": 3.2784857749938965, "first_observed": "2024-11-20T11:46:56.693237Z", "observation_interval": ["2024-04-18T11:46:55.497558Z", "2024-11-20T11:46:56.693237Z"], "persists_into_T3": false, "mean_power_by_date": [0.1122099980711937, 0.238625168800354, 0.111934594810009], "interpretation": "Unvalidated radar-change candidate; terrain, registration and moisture may explain the signal.", "mean_slope_deg": 0.26, "max_slope_deg": 0.34, "mean_elevation_m": 137.9, "terrain_risk_pct": 0.0, "terrain_tier": "Low Risk (Flat Lowland)", "priority_score": 7.36, "temporal_class": "seasonal_transient", "t4_status": "pending", "t4_mean_power": null, "t4_mean_signed_db": null, "t4_observation": null}}, {"type": "Feature", "geometry": {"type": "Polygon", "coordinates": [[[94.47785928751925, 22.878770155417502], [94.47785342232777, 22.878228321458526], [94.47726866977752, 22.878233755011706], [94.47725108222652, 22.876608252475986], [94.47900531847654, 22.876591946657573], [94.47901118777096, 22.877133780445423], [94.47959593514993, 22.877128340732497], [94.47961355105772, 22.87875384143672], [94.47785928751925, 22.878770155417502]]]}, "properties": {"id": 416, "label": "temporary radar change (return toward T1)", "class_id": 2, "direction": "increase", "area_ha": 5.0411679120131305, "pixel_count": 14, "mean_change_db": 3.2501068115234375, "max_change_db": 3.5688910484313965, "mean_signed_db": 3.2501068115234375, "first_observed": "2024-11-20T11:46:56.693237Z", "observation_interval": ["2024-04-18T11:46:55.497558Z", "2024-11-20T11:46:56.693237Z"], "persists_into_T3": false, "mean_power_by_date": [0.07847460359334946, 0.1658574640750885, 0.09333334118127823], "interpretation": "Unvalidated radar-change candidate; terrain, registration and moisture may explain the signal.", "mean_slope_deg": 0.27, "max_slope_deg": 0.42, "mean_elevation_m": 99.6, "terrain_risk_pct": 0.0, "terrain_tier": "Low Risk (Flat Lowland)", "priority_score": 7.3, "temporal_class": "seasonal_transient", "t4_status": "pending", "t4_mean_power": null, "t4_mean_signed_db": null, "t4_observation": null}}, {"type": "Feature", "geometry": {"type": "Polygon", "coordinates": [[[94.13272219830088, 22.727690800131644], [94.1327088108598, 22.72606504315185], [94.13329299502463, 22.726060902649962], [94.13328853051598, 22.725518983691128], [94.13504107529386, 22.725506549711067], [94.13505448992969, 22.727132305488137], [94.13447030157255, 22.72713645261108], [94.13447477108988, 22.727678371238042], [94.13272219830088, 22.727690800131644]]]}, "properties": {"id": 489, "label": "temporary radar change (return toward T1)", "class_id": 2, "direction": "increase", "area_ha": 5.042344391582883, "pixel_count": 14, "mean_change_db": 3.21476411819458, "max_change_db": 3.4248008728027344, "mean_signed_db": 3.21476411819458, "first_observed": "2024-11-20T11:46:56.693237Z", "observation_interval": ["2024-04-18T11:46:55.497558Z", "2024-11-20T11:46:56.693237Z"], "persists_into_T3": false, "mean_power_by_date": [0.09436209499835968, 0.197792649269104, 0.1171632781624794], "interpretation": "Unvalidated radar-change candidate; terrain, registration and moisture may explain the signal.", "mean_slope_deg": 0.84, "max_slope_deg": 1.39, "mean_elevation_m": 164.0, "terrain_risk_pct": 0.0, "terrain_tier": "Low Risk (Flat Lowland)", "priority_score": 7.22, "temporal_class": "seasonal_transient", "t4_status": "pending", "t4_mean_power": null, "t4_mean_signed_db": null, "t4_observation": null}}, {"type": "Feature", "geometry": {"type": "Polygon", "coordinates": [[[94.31380056553365, 23.328903804734825], [94.31378457944862, 23.327278281412216], [94.31437132018884, 23.327273359612967], [94.31436598943597, 23.32673151855576], [94.31612620356154, 23.326716740363555], [94.31614221770317, 23.328342262270326], [94.3155554726874, 23.32834719091375], [94.3155608086771, 23.32888903159984], [94.31380056553365, 23.328903804734825]]]}, "properties": {"id": 226, "label": "temporary radar change (return toward T1)", "class_id": 2, "direction": "increase", "area_ha": 5.041781891600229, "pixel_count": 14, "mean_change_db": 3.1649250984191895, "max_change_db": 3.346830368041992, "mean_signed_db": 3.1649250984191895, "first_observed": "2024-11-20T11:46:56.693237Z", "observation_interval": ["2024-04-18T11:46:55.497558Z", "2024-11-20T11:46:56.693237Z"], "persists_into_T3": false, "mean_power_by_date": [0.0748458057641983, 0.15499506890773773, 0.08531131595373154], "interpretation": "Unvalidated radar-change candidate; terrain, registration and moisture may explain the signal.", "mean_slope_deg": 2.06, "max_slope_deg": 4.03, "mean_elevation_m": 111.7, "terrain_risk_pct": 0.0, "terrain_tier": "Low Risk (Flat Lowland)", "priority_score": 7.11, "temporal_class": "seasonal_transient", "t4_status": "pending", "t4_mean_power": null, "t4_mean_signed_db": null, "t4_observation": null}}], "properties": {"contract_version": 2, "t4_status_default": "pending", "generated": "2026-10-03T21:12:02.209282+00:00"}}