{"type":"FeatureCollection","source":"Natural Earth 1:50m countries and rivers","source_url":"https://www.naturalearthdata.com/","features":[{"type":"Feature","geometry":{"type":"MultiPolygon","coordinates":[[[[104.063965,10.39082],[104.083008,10.341113],[104.075781,10.224854],[104.036816,10.110742],[104.04834,10.061035],[104.018457,10.029199],[103.952148,10.24292],[103.867969,10.3354],[103.849512,10.371094],[103.898438,10.368506],[103.98584,10.426953],[104.027734,10.428369],[104.063965,10.39082]]],[[[107.972656,21.507959],[107.925781,21.498926],[107.809082,21.497119],[107.707227,21.405859],[107.636719,21.368066],[107.526953,21.33623],[107.409961,21.284814],[107.376172,21.194141],[107.37334,21.128467],[107.354297,21.055176],[107.164746,20.94873],[107.111719,20.95957],[107.075195,20.999268],[107.019238,20.991211],[106.981445,20.971387],[106.936426,20.974072],[106.88623,20.95],[106.820605,20.95752],[106.760254,20.991113],[106.725195,20.999902],[106.683398,21.000293],[106.675488,20.960498],[106.737305,20.806152],[106.753418,20.735059],[106.550781,20.526562],[106.572852,20.392187],[106.517969,20.288867],[106.395508,20.205908],[106.165723,19.992041],[106.062207,19.987354],[105.984082,19.939062],[105.813965,19.587451],[105.812109,19.466992],[105.785352,19.378857],[105.791113,19.294189],[105.716406,19.127783],[105.639063,19.057178],[105.621777,18.966309],[105.732031,18.779297],[105.744238,18.746289],[105.808203,18.64585],[105.839258,18.57417],[105.888281,18.50249],[106.065625,18.316357],[106.144531,18.259424],[106.239551,18.220703],[106.411914,18.053174],[106.499023,17.946436],[106.459375,17.873682],[106.478906,17.71958],[106.355859,17.765039],[106.370508,17.746875],[106.516797,17.662793],[106.735742,17.367188],[106.926172,17.221387],[107.119922,17.055518],[107.180371,16.897949],[107.355078,16.79375],[107.549316,16.642578],[107.54082,16.608643],[107.593457,16.568066],[107.724121,16.487842],[107.803125,16.403076],[107.833789,16.322461],[107.882031,16.309619],[107.936328,16.329395],[107.990723,16.337109],[108.029395,16.331104],[108.087988,16.242725],[108.169727,16.163672],[108.208984,16.091064],[108.24082,16.100781],[108.267383,16.089795],[108.274023,16.029053],[108.286035,15.989063],[108.395312,15.872461],[108.447461,15.762695],[108.577832,15.584717],[108.674219,15.483594],[108.742773,15.426611],[108.821289,15.37793],[108.898242,15.180518],[108.939941,15.001465],[109.022461,14.802832],[109.084863,14.716162],[109.087012,14.552588],[109.137305,14.384131],[109.191406,14.270459],[109.207324,14.154297],[109.223926,14.09668],[109.244629,14.053418],[109.30332,13.856445],[109.288086,13.765039],[109.24707,13.854736],[109.252051,13.590527],[109.288086,13.450781],[109.271875,13.279346],[109.30957,13.219189],[109.376758,13.025488],[109.423926,12.955957],[109.42002,12.719043],[109.444922,12.599609],[109.381445,12.670752],[109.335547,12.751904],[109.274023,12.709033],[109.218945,12.645801],[109.304688,12.391162],[109.206836,12.415381],[109.215723,12.0729],[109.25625,11.992871],[109.25918,11.954541],[109.247266,11.908691],[109.220215,11.958838],[109.214551,12.010449],[109.199121,11.999023],[109.199902,11.972461],[109.167285,11.912012],[109.15752,11.837109],[109.192676,11.773438],[109.198633,11.724854],[109.173242,11.664746],[109.13252,11.601074],[109.039648,11.592676],[109.018457,11.468359],[108.986719,11.336377],[108.820801,11.31543],[108.700293,11.199268],[108.55127,11.155957],[108.418555,11.040723],[108.27168,10.934277],[108.176172,10.920166],[108.094922,10.897266],[108.001367,10.720361],[107.845117,10.700098],[107.564453,10.555469],[107.470313,10.48584],[107.384473,10.458643],[107.261523,10.398389],[107.235059,10.419873],[107.194141,10.471582],[107.087793,10.49834],[107.035742,10.556299],[107.020703,10.630957],[107.006641,10.660547],[106.983691,10.618311],[106.966113,10.440723],[106.947461,10.400342],[106.902051,10.382812],[106.812695,10.433301],[106.727344,10.535645],[106.605859,10.464941],[106.643066,10.45625],[106.698438,10.462061],[106.741211,10.444385],[106.777539,10.376123],[106.77627,10.338965],[106.757422,10.295801],[106.643555,10.288916],[106.491699,10.304102],[106.464063,10.298291],[106.602441,10.231738],[106.729004,10.193311],[106.785254,10.151172],[106.785254,10.116455],[106.71416,10.060205],[106.65918,9.991406],[106.658105,9.94873],[106.656836,9.901074],[106.595605,9.859863],[106.557324,9.868066],[106.449121,9.939648],[106.136426,10.22168],[106.183594,10.14209],[106.507422,9.82124],[106.564355,9.715625],[106.572461,9.641113],[106.53916,9.603564],[106.484082,9.559424],[106.378027,9.556104],[106.204004,9.675439],[105.925684,9.961719],[105.830957,10.000732],[106.1125,9.673584],[106.158594,9.594141],[106.206152,9.502344],[106.192578,9.447803],[106.168359,9.396729],[105.500977,9.093213],[105.401367,8.962402],[105.322266,8.801123],[105.191211,8.711328],[105.114355,8.629199],[104.891895,8.583252],[104.77041,8.597656],[104.896289,8.746631],[104.818555,8.801855],[104.814648,9.185498],[104.845215,9.606152],[104.903223,9.81626],[104.987109,9.868652],[105.092578,9.900977],[105.094922,9.945264],[105.084473,9.995703],[105.027832,10.067432],[104.96582,10.100586],[104.873242,10.114795],[104.801953,10.202734],[104.747656,10.199121],[104.663477,10.169922],[104.612695,10.207666],[104.594043,10.266895],[104.516113,10.33999],[104.426367,10.41123],[104.466992,10.422363],[104.514063,10.46333],[104.564258,10.515967],[104.689648,10.523242],[104.81543,10.520801],[104.850586,10.534473],[104.90127,10.590234],[104.983887,10.661914],[105.046387,10.70166],[105.061133,10.733789],[105.036133,10.809375],[105.022266,10.886865],[105.045703,10.911377],[105.159473,10.897559],[105.284277,10.861475],[105.314648,10.845166],[105.386523,10.940088],[105.405762,10.951611],[105.452734,10.951416],[105.576563,10.968896],[105.697754,10.994043],[105.755078,10.98999],[105.810742,10.926074],[105.85332,10.863574],[105.875195,10.858496],[105.938184,10.885156],[105.990137,10.851807],[106.098828,10.797266],[106.163965,10.794922],[106.131543,10.921973],[106.167969,11.012305],[106.160937,11.037109],[106.099512,11.078662],[105.891602,11.244824],[105.856055,11.294287],[105.860938,11.372412],[105.854004,11.487061],[105.835352,11.559131],[105.838477,11.601318],[105.851465,11.63501],[105.889844,11.648389],[105.926562,11.65293],[105.95625,11.682471],[106.006055,11.758008],[106.10293,11.75127],[106.23916,11.70835],[106.339844,11.681836],[106.399219,11.687012],[106.4125,11.697803],[106.410742,11.738379],[106.417773,11.911719],[106.413867,11.948437],[106.499609,11.965527],[106.630957,11.969189],[106.700098,11.979297],[106.764648,12.052344],[106.930664,12.07749],[107.050684,12.175879],[107.158984,12.277051],[107.212109,12.304004],[107.279688,12.321582],[107.330078,12.319043],[107.393359,12.260498],[107.445996,12.295703],[107.506445,12.364551],[107.538086,12.431787],[107.555469,12.53999],[107.543555,12.705908],[107.511523,12.835742],[107.481543,12.933105],[107.475391,13.030371],[107.545508,13.225439],[107.605469,13.437793],[107.593945,13.52168],[107.528613,13.654199],[107.462305,13.815625],[107.389453,13.993018],[107.362109,14.019482],[107.342578,14.068896],[107.331445,14.126611],[107.360352,14.307861],[107.364453,14.368701],[107.448438,14.451221],[107.493164,14.545752],[107.535254,14.649951],[107.519434,14.705078],[107.51377,14.817383],[107.524512,14.871826],[107.504687,14.915918],[107.480371,14.979883],[107.496289,15.021436],[107.555273,15.057031],[107.589648,15.118457],[107.633691,15.189844],[107.653125,15.255225],[107.62168,15.309863],[107.564258,15.391602],[107.45957,15.46582],[107.33877,15.560498],[107.279395,15.618701],[107.232617,15.678076],[107.189551,15.747266],[107.165918,15.80249],[107.188867,15.838623],[107.360645,15.921729],[107.391992,15.95166],[107.410156,15.997852],[107.396387,16.043018],[107.350098,16.067383],[107.296484,16.084033],[107.217383,16.136328],[107.069727,16.279834],[107.001953,16.311816],[106.930664,16.353125],[106.892773,16.396533],[106.851074,16.515625],[106.832422,16.52627],[106.791602,16.490332],[106.739551,16.452539],[106.696094,16.458984],[106.656445,16.492627],[106.6375,16.537939],[106.593652,16.600098],[106.546191,16.650732],[106.533691,16.821045],[106.525977,16.876611],[106.502246,16.954102],[106.465332,16.981836],[106.425977,17.002539],[106.333398,17.143701],[106.269531,17.216797],[106.00625,17.415283],[105.973535,17.446973],[105.902734,17.528662],[105.779492,17.644434],[105.691406,17.737842],[105.627246,17.834424],[105.597656,17.918262],[105.588477,17.983691],[105.518555,18.077441],[105.458203,18.154297],[105.4,18.179248],[105.333496,18.189648],[105.273242,18.235352],[105.163281,18.338721],[105.114551,18.405273],[105.08584,18.450098],[105.087012,18.49624],[105.113477,18.573047],[105.14541,18.616797],[105.146484,18.650977],[105.115137,18.678857],[104.993164,18.72832],[104.716504,18.803418],[104.613281,18.860645],[104.517969,18.934082],[104.445801,18.983838],[104.108594,19.195557],[104.006348,19.230908],[103.918359,19.268506],[103.891602,19.30498],[103.896387,19.33999],[103.932031,19.366064],[104.027539,19.420459],[104.062891,19.482568],[104.051562,19.56416],[104.013477,19.646484],[104.032031,19.675146],[104.062793,19.678418],[104.127148,19.680859],[104.259863,19.685498],[104.546289,19.610547],[104.587891,19.61875],[104.743164,19.754736],[104.801758,19.836133],[104.815137,19.904004],[104.845801,19.947168],[104.92793,20.018115],[104.929199,20.082813],[104.888672,20.169092],[104.847852,20.202441],[104.812695,20.216846],[104.69873,20.205322],[104.676953,20.224707],[104.661914,20.289014],[104.656445,20.328516],[104.618848,20.374512],[104.496191,20.413672],[104.392188,20.424756],[104.367773,20.441406],[104.407813,20.485742],[104.478613,20.52959],[104.532715,20.554883],[104.575195,20.600244],[104.583203,20.64668],[104.530371,20.687988],[104.461426,20.73374],[104.349609,20.821094],[104.195312,20.913965],[104.101367,20.945508],[104.052051,20.941211],[103.882031,20.861426],[103.790527,20.809521],[103.714453,20.716943],[103.635059,20.69707],[103.554688,20.737842],[103.463574,20.779834],[103.210742,20.840625],[103.104492,20.89165],[102.883789,21.202588],[102.851172,21.265918],[102.872266,21.3375],[102.8875,21.439941],[102.90957,21.506348],[102.948633,21.569775],[102.95918,21.626221],[102.949609,21.681348],[102.917676,21.712939],[102.876172,21.722266],[102.845215,21.734766],[102.815918,21.807373],[102.798242,21.797949],[102.771094,21.709668],[102.738574,21.67793],[102.695312,21.662109],[102.662012,21.676025],[102.64082,21.711426],[102.63125,21.771338],[102.609668,21.851758],[102.58252,21.904297],[102.4875,21.957764],[102.442676,22.027148],[102.301367,22.178174],[102.183008,22.284033],[102.127441,22.379199],[102.175977,22.414648],[102.237012,22.466016],[102.302246,22.545996],[102.375781,22.646631],[102.406445,22.708008],[102.42793,22.732812],[102.470898,22.750928],[102.517188,22.741016],[102.598535,22.700391],[102.720996,22.648486],[102.830078,22.587158],[102.874219,22.525391],[102.935156,22.466162],[102.981934,22.448242],[103.005371,22.452979],[103.075879,22.49751],[103.136328,22.542236],[103.137598,22.592969],[103.193359,22.638525],[103.266309,22.713525],[103.300586,22.764404],[103.32666,22.769775],[103.356055,22.754688],[103.470996,22.597412],[103.492969,22.587988],[103.525391,22.611572],[103.570703,22.734424],[103.620215,22.782031],[103.637305,22.77002],[103.915039,22.538232],[103.941504,22.540088],[103.971387,22.550488],[103.99082,22.586133],[104.012695,22.666357],[104.053906,22.752295],[104.143066,22.800146],[104.2125,22.809424],[104.238281,22.768506],[104.29834,22.712012],[104.371777,22.704053],[104.526855,22.804102],[104.577539,22.82002],[104.631738,22.818213],[104.687305,22.822217],[104.740039,22.860498],[104.795703,22.911133],[104.814746,23.010791],[104.826563,23.100195],[104.864746,23.136377],[104.910156,23.160547],[104.995703,23.194336],[105.189063,23.281055],[105.23877,23.322119],[105.275391,23.345215],[105.350488,23.307666],[105.440137,23.235352],[105.494531,23.180859],[105.530859,23.121973],[105.548145,23.072656],[105.691211,23.029932],[105.782324,22.969336],[105.842969,22.922803],[105.902637,22.924951],[105.962305,22.937451],[106.000977,22.974756],[106.068457,22.975537],[106.148438,22.970068],[106.183984,22.955127],[106.249414,22.869434],[106.279004,22.857471],[106.338086,22.863477],[106.450879,22.893896],[106.541797,22.90835],[106.624023,22.874268],[106.780273,22.778906],[106.736328,22.710938],[106.701563,22.637744],[106.633105,22.586035],[106.582422,22.573242],[106.550391,22.501367],[106.536328,22.39541],[106.553613,22.341699],[106.593164,22.324512],[106.636523,22.288623],[106.654199,22.241455],[106.660059,22.136475],[106.657715,22.018213],[106.663574,21.978906],[106.697656,21.986182],[106.729492,22.000342],[106.794141,21.981982],[106.874512,21.95127],[106.925195,21.920117],[106.970996,21.923926],[107.006445,21.893408],[107.019824,21.834863],[107.061621,21.794189],[107.178516,21.71709],[107.27207,21.710645],[107.351172,21.608887],[107.433496,21.642285],[107.471387,21.59834],[107.641016,21.613916],[107.759277,21.655029],[107.802051,21.645166],[107.908398,21.5604],[107.972656,21.507959]]],[[[106.61748,8.682812],[106.589258,8.680518],[106.567969,8.700928],[106.658594,8.766357],[106.649512,8.722998],[106.652539,8.701123],[106.61748,8.682812]]],[[[107.167676,10.397168],[107.083789,10.336572],[107.07793,10.3875],[107.150879,10.420312],[107.176562,10.446191],[107.194922,10.445703],[107.167676,10.397168]]],[[[106.865625,20.815723],[106.854102,20.796387],[106.803125,20.84375],[106.769434,20.864209],[106.795313,20.92793],[106.855078,20.858252],[106.865625,20.815723]]],[[[107.602734,21.216797],[107.458691,21.09165],[107.403516,21.093652],[107.452539,21.235303],[107.47627,21.268945],[107.562695,21.22041],[107.602734,21.216797]]],[[[107.521289,20.926611],[107.465527,20.900537],[107.399219,20.903467],[107.478613,20.952344],[107.518945,21.012842],[107.55127,21.034033],[107.551074,20.981201],[107.521289,20.926611]]],[[[107.031348,20.747021],[106.990039,20.743066],[106.910645,20.824219],[106.953418,20.867041],[107.04375,20.836816],[107.064453,20.817285],[107.063965,20.799756],[107.042285,20.761035],[107.031348,20.747021]]]]},"properties":{"kind":"land","name":"Vietnam","label":[105.387292,21.715416]}},{"type":"Feature","geometry":{"type":"MultiPolygon","coordinates":[[[[-132.746875,56.525684],[-132.757617,56.511035],[-132.884717,56.512451],[-132.930811,56.524463],[-132.948047,56.567236],[-132.93623,56.606836],[-132.906543,56.637402],[-132.870654,56.696387],[-132.842529,56.794775],[-132.655859,56.684717],[-132.598682,56.635742],[-132.567969,56.57583],[-132.634229,56.553467],[-132.714453,56.542529],[-132.746875,56.525684]]],[[[-132.779883,56.247266],[-132.830957,56.244141],[-132.891455,56.259424],[-133.03501,56.340918],[-133.037646,56.364844],[-133.01709,56.391992],[-132.935498,56.441797],[-132.902051,56.45376],[-132.706055,56.448486],[-132.643359,56.435156],[-132.629102,56.411914],[-132.632275,56.388281],[-132.652832,56.364355],[-132.657568,56.339307],[-132.646582,56.313184],[-132.669385,56.287305],[-132.779883,56.247266]]],[[[-134.312744,58.228906],[-134.319873,58.204102],[-134.45625,58.206543],[-134.593994,58.243115],[-134.661572,58.290918],[-134.647998,58.312402],[-134.519971,58.33252],[-134.398877,58.287207],[-134.312744,58.228906]]],[[[-145.118506,60.337109],[-145.150488,60.312646],[-145.237646,60.321338],[-145.284277,60.336816],[-145.128125,60.401123],[-145.102441,60.388232],[-145.118506,60.337109]]],[[[-144.565625,59.818408],[-144.613574,59.812646],[-144.541553,59.878223],[-144.444922,59.950684],[-144.353955,59.996191],[-144.235742,60.015186],[-144.248975,59.982129],[-144.403223,59.921094],[-144.565625,59.818408]]],[[[-148.021777,60.065332],[-148.07417,60.034717],[-148.271875,60.053271],[-148.230664,60.113525],[-148.07959,60.15166],[-147.914209,60.092334],[-148.021777,60.065332]]],[[[-152.020752,60.361719],[-152.069043,60.358057],[-152.004492,60.407422],[-151.959717,60.50376],[-151.899414,60.490381],[-151.887305,60.472705],[-151.986914,60.373975],[-152.020752,60.361719]]],[[[-160.329297,55.337695],[-160.343311,55.258789],[-160.480762,55.308984],[-160.51748,55.333838],[-160.49292,55.352344],[-160.362305,55.356982],[-160.329297,55.337695]]],[[[-159.362012,54.972412],[-159.394482,54.967334],[-159.421338,54.978125],[-159.458496,55.034961],[-159.461914,55.058789],[-159.39043,55.040869],[-159.363184,54.999512],[-159.362012,54.972412]]],[[[-159.515137,55.151855],[-159.52041,55.072168],[-159.534961,55.059619],[-159.561475,55.080908],[-159.617725,55.057324],[-159.648486,55.074561],[-159.6354,55.102344],[-159.639648,55.123975],[-159.597949,55.125684],[-159.588037,55.165332],[-159.595264,55.182031],[-159.574756,55.217725],[-159.545068,55.225977],[-159.515137,55.151855]]],[[[-166.209766,53.723291],[-166.223828,53.72041],[-166.249414,53.745166],[-166.250732,53.767773],[-166.234375,53.78418],[-166.187744,53.822461],[-166.154541,53.836133],[-166.113721,53.843066],[-166.102686,53.832812],[-166.138623,53.787402],[-166.18374,53.756885],[-166.209766,53.723291]]],[[[-176.008984,51.812354],[-176.093359,51.790479],[-176.204443,51.834814],[-176.193652,51.886279],[-176.071631,51.843311],[-176.008984,51.812354]]],[[[-166.109863,66.227441],[-166.148633,66.221826],[-166.146484,66.237158],[-166.03252,66.277734],[-165.822217,66.328076],[-165.829883,66.317139],[-165.942285,66.278174],[-166.109863,66.227441]]],[[[-171.463037,63.640039],[-171.447852,63.615674],[-171.343359,63.619629],[-171.196924,63.609131],[-171.034863,63.585498],[-170.874609,63.593994],[-170.67251,63.668848],[-170.551855,63.688477],[-170.43042,63.698828],[-170.299365,63.680615],[-170.171289,63.640918],[-170.121826,63.617529],[-170.082422,63.57666],[-170.056299,63.527197],[-170.017383,63.491748],[-169.777441,63.447998],[-169.624121,63.430566],[-169.587207,63.406592],[-169.554541,63.373486],[-169.427588,63.34834],[-169.295068,63.35752],[-169.221094,63.348584],[-168.996045,63.347314],[-168.716016,63.310596],[-168.761328,63.21377],[-168.852393,63.17124],[-169.109033,63.184912],[-169.364697,63.171143],[-169.47085,63.121289],[-169.559277,63.058203],[-169.571289,62.996777],[-169.622852,62.968555],[-169.676367,62.956104],[-169.719824,62.990088],[-169.777783,63.09375],[-169.818604,63.122363],[-169.863428,63.140381],[-169.988477,63.173145],[-170.115381,63.193848],[-170.1896,63.196338],[-170.243115,63.232275],[-170.272705,63.284277],[-170.323535,63.311133],[-170.42417,63.349268],[-170.5271,63.379297],[-170.848389,63.444385],[-170.954053,63.45293],[-171.06123,63.445898],[-171.176025,63.416211],[-171.287305,63.372168],[-171.401172,63.339258],[-171.519141,63.331982],[-171.631836,63.351221],[-171.737842,63.394238],[-171.790967,63.424707],[-171.819385,63.477246],[-171.81792,63.529834],[-171.803516,63.580518],[-171.746387,63.703076],[-171.646484,63.727002],[-171.463037,63.640039]]],[[[-166.135449,60.383545],[-166.043652,60.333936],[-165.994922,60.331152],[-165.840918,60.34624],[-165.784473,60.335596],[-165.729688,60.314209],[-165.695801,60.281543],[-165.689355,60.224121],[-165.714404,60.172852],[-165.706934,60.100586],[-165.712354,60.069336],[-165.630566,60.028369],[-165.605029,59.972803],[-165.591797,59.913135],[-165.769287,59.893213],[-165.946729,59.890039],[-166.099854,59.849609],[-166.131201,59.819775],[-166.106689,59.775439],[-166.14873,59.764111],[-166.187549,59.773828],[-166.261621,59.814893],[-166.342969,59.834424],[-166.627637,59.864648],[-166.985059,59.983887],[-167.138867,60.008545],[-167.295117,60.095703],[-167.436426,60.206641],[-167.344336,60.224463],[-167.251709,60.233545],[-166.836328,60.216992],[-166.784375,60.296436],[-166.730957,60.31626],[-166.598975,60.33877],[-166.475684,60.382764],[-166.420361,60.381689],[-166.363867,60.364746],[-166.246973,60.391162],[-166.184961,60.396777],[-166.135449,60.383545]]],[[[-152.898047,57.823926],[-152.89082,57.768994],[-152.850146,57.775684],[-152.69624,57.832275],[-152.616016,57.848877],[-152.511572,57.851465],[-152.42876,57.825684],[-152.411914,57.805908],[-152.419141,57.782324],[-152.4854,57.734424],[-152.482617,57.70332],[-152.411475,57.646094],[-152.236523,57.614893],[-152.215283,57.597705],[-152.216211,57.577002],[-152.33667,57.482227],[-152.380859,57.460107],[-152.412207,57.454785],[-152.630957,57.471826],[-152.831152,57.502881],[-152.912158,57.508154],[-152.940771,57.498096],[-152.997461,57.468945],[-152.956836,57.460352],[-152.781348,57.453418],[-152.719531,57.41084],[-152.692529,57.37959],[-152.679053,57.345117],[-152.714063,57.330957],[-152.789111,57.320654],[-152.879053,57.320801],[-152.990283,57.281982],[-153.051611,57.237646],[-153.274365,57.226367],[-153.443701,57.167187],[-153.503564,57.137988],[-153.524414,57.103076],[-153.588281,57.077686],[-153.732568,57.052344],[-153.646533,57.02959],[-153.633057,57.010352],[-153.631445,56.983691],[-153.643311,56.960742],[-153.757227,56.85835],[-153.972705,56.774219],[-154.027344,56.777979],[-154.050781,56.788477],[-154.07002,56.804541],[-154.07085,56.820654],[-153.793213,56.989502],[-153.804199,56.997803],[-153.879736,57.003516],[-153.999365,57.049951],[-154.083789,57.020068],[-154.102979,57.02124],[-154.080469,57.061035],[-154.025439,57.108496],[-154.035059,57.121826],[-154.065332,57.133691],[-154.134863,57.140771],[-154.24375,57.143018],[-154.324414,57.131787],[-154.376807,57.107031],[-154.381104,57.096533],[-154.269531,57.099463],[-154.239209,57.086865],[-154.209131,57.06333],[-154.19082,57.036133],[-154.184326,57.005322],[-154.207715,56.963818],[-154.260938,56.911768],[-154.338965,56.920898],[-154.498779,57.036572],[-154.569336,57.205908],[-154.705957,57.335352],[-154.712207,57.36626],[-154.673193,57.446094],[-154.535303,57.559424],[-154.387061,57.590479],[-154.281445,57.638086],[-154.179346,57.652441],[-154.116162,57.651221],[-154.029834,57.630713],[-153.99502,57.587305],[-154.015869,57.566895],[-154.00791,57.556152],[-153.947363,57.530078],[-153.881885,57.439014],[-153.80542,57.358203],[-153.75459,57.325342],[-153.687695,57.305127],[-153.756934,57.366846],[-153.797803,57.443262],[-153.818359,57.595605],[-153.838135,57.63584],[-153.799463,57.64668],[-153.690137,57.640723],[-153.693164,57.663428],[-153.808496,57.714746],[-153.879443,57.757178],[-153.906104,57.790771],[-153.904443,57.819873],[-153.841553,57.862842],[-153.805811,57.875098],[-153.768994,57.880371],[-153.695605,57.87124],[-153.662646,57.857813],[-153.568555,57.761084],[-153.524463,57.731006],[-153.487939,57.730957],[-153.454053,57.747021],[-153.422705,57.77915],[-153.39043,57.798389],[-153.357129,57.804688],[-153.252393,57.790479],[-153.21748,57.795752],[-153.200293,57.82002],[-153.201025,57.863281],[-153.175195,57.878857],[-153.168848,57.910645],[-153.225928,57.957617],[-153.160449,57.971973],[-152.943262,57.936035],[-152.850391,57.896777],[-152.898047,57.823926]]],[[[-130.025098,55.888232],[-130.074658,55.836035],[-130.111963,55.779785],[-130.137061,55.719385],[-130.146533,55.654492],[-130.14043,55.58501],[-130.12041,55.524414],[-130.059473,55.412305],[-130.039258,55.343604],[-130.036572,55.2979],[-130.171826,55.137012],[-130.218506,55.060254],[-130.214063,55.025879],[-130.312549,54.945947],[-130.493262,54.83418],[-130.575342,54.769678],[-130.61582,54.790918],[-130.849609,54.807617],[-130.934619,54.950391],[-130.979688,55.061182],[-131.047852,55.157666],[-131.045898,55.17959],[-130.983936,55.243945],[-130.750391,55.296973],[-130.748193,55.318018],[-130.835059,55.33208],[-130.855957,55.355127],[-130.879785,55.459521],[-130.873389,55.551123],[-130.879639,55.611816],[-130.918555,55.735986],[-130.977002,55.811963],[-131.127686,55.960156],[-131.140381,55.99751],[-131.074023,56.044385],[-131.032764,56.088086],[-131.287598,56.012109],[-131.635254,55.932227],[-131.78418,55.876562],[-131.815479,55.854199],[-131.826172,55.835352],[-131.799072,55.782812],[-131.803271,55.765967],[-131.833594,55.734912],[-131.869434,55.647168],[-131.94502,55.55415],[-131.983398,55.53501],[-132.118994,55.569775],[-132.15542,55.599561],[-132.223437,55.721045],[-132.20752,55.753418],[-132.157959,55.780664],[-132.090674,55.839551],[-132.005713,55.930078],[-131.843848,56.160107],[-131.738037,56.16123],[-131.551367,56.206787],[-131.844238,56.229639],[-131.887891,56.24165],[-131.927295,56.272998],[-131.962305,56.323682],[-132.021924,56.380078],[-132.133252,56.399854],[-132.182031,56.420654],[-132.255566,56.489111],[-132.30498,56.519873],[-132.332031,56.55791],[-132.33667,56.603125],[-132.357666,56.625879],[-132.434424,56.634131],[-132.475928,56.649658],[-132.487109,56.766406],[-132.639502,56.796436],[-132.701953,56.822266],[-132.802197,56.895166],[-132.829883,56.930615],[-132.838818,56.960205],[-132.814258,57.040723],[-132.824609,57.055811],[-132.913428,57.047461],[-133.465869,57.172168],[-133.43667,57.336865],[-133.538965,57.55415],[-133.64873,57.642285],[-133.626953,57.676514],[-133.603369,57.694678],[-133.554199,57.695068],[-133.342334,57.631104],[-133.142822,57.555127],[-133.117041,57.566211],[-133.435742,57.727051],[-133.515479,57.775146],[-133.535205,57.832959],[-133.536426,57.863867],[-133.511133,57.880127],[-133.212061,57.865674],[-133.194336,57.877686],[-133.497412,57.924658],[-133.559375,57.924463],[-133.625732,57.856982],[-133.657275,57.841016],[-133.722314,57.844238],[-133.744141,57.85459],[-133.821387,57.936377],[-133.894482,57.993262],[-134.031104,58.072168],[-134.056738,58.128369],[-134.06333,58.211084],[-134.045264,58.289258],[-133.933643,58.467871],[-133.888525,58.49873],[-133.876758,58.518164],[-133.911133,58.515234],[-133.943848,58.498291],[-134.036133,58.415332],[-134.131201,58.279346],[-134.208838,58.232959],[-134.257617,58.244189],[-134.331445,58.299609],[-134.485449,58.367188],[-134.663623,58.384717],[-134.776123,58.453857],[-134.942529,58.646289],[-134.964795,58.742188],[-134.986133,58.765625],[-135.076465,58.796777],[-135.131836,58.842871],[-135.217383,59.076611],[-135.330322,59.239063],[-135.358447,59.324902],[-135.348926,59.410059],[-135.363672,59.419434],[-135.402539,59.353076],[-135.412744,59.318457],[-135.484082,59.308691],[-135.416943,59.241504],[-135.400146,59.20791],[-135.43374,59.210693],[-135.502344,59.202295],[-135.386133,59.087549],[-135.334082,58.909619],[-135.257031,58.777734],[-135.20708,58.670898],[-135.18457,58.589746],[-135.151904,58.512207],[-135.062012,58.340869],[-135.049707,58.306787],[-135.060498,58.278906],[-135.090234,58.24585],[-135.141553,58.233398],[-135.302539,58.255908],[-135.363135,58.298291],[-135.449951,58.376123],[-135.571777,58.412061],[-135.873437,58.394238],[-135.897559,58.400195],[-135.896338,58.463818],[-135.861719,58.577051],[-135.889551,58.622705],[-136.045508,58.789111],[-136.043115,58.821631],[-135.826367,58.897949],[-135.931689,58.90376],[-136.016602,58.873975],[-136.049365,58.893213],[-136.100635,58.999854],[-136.133691,59.039551],[-136.150049,59.048096],[-136.159473,58.946777],[-136.123535,58.893457],[-136.118408,58.862598],[-136.12417,58.819629],[-136.146826,58.788818],[-136.186328,58.770166],[-136.22583,58.765479],[-136.299023,58.786914],[-136.380273,58.827295],[-136.451172,58.846338],[-136.477588,58.8625],[-136.511182,58.90708],[-136.566211,58.940918],[-136.830957,58.983838],[-136.989014,59.034473],[-137.002148,59.021143],[-136.952832,58.966943],[-136.948047,58.934912],[-136.987891,58.925146],[-137.059033,58.87373],[-137.038379,58.86665],[-136.963037,58.883545],[-136.879102,58.881543],[-136.740137,58.850195],[-136.613916,58.809277],[-136.568213,58.786328],[-136.549316,58.752393],[-136.533496,58.740234],[-136.410107,58.700635],[-136.404199,58.679785],[-136.48374,58.617676],[-136.319873,58.624463],[-136.224609,58.602246],[-136.102881,58.506299],[-136.061475,58.452734],[-136.055957,58.38418],[-136.08125,58.364209],[-136.129639,58.350391],[-136.462402,58.327979],[-136.582617,58.245215],[-136.607422,58.243994],[-136.698926,58.266455],[-136.86499,58.332422],[-137.071924,58.395215],[-137.543994,58.581201],[-137.556934,58.589941],[-137.5646,58.625879],[-137.59707,58.644238],[-137.661084,58.659912],[-137.75,58.70708],[-137.863721,58.785547],[-137.933984,58.846875],[-137.960889,58.891016],[-138.026904,58.941455],[-138.240723,59.046826],[-138.35249,59.087305],[-138.451318,59.110107],[-138.537158,59.115088],[-138.560303,59.12915],[-138.520703,59.152246],[-138.514893,59.165918],[-138.704199,59.187549],[-138.884326,59.236914],[-139.340967,59.375635],[-139.576807,59.462451],[-139.714453,59.503955],[-139.773291,59.527295],[-139.799121,59.54624],[-139.766064,59.566064],[-139.674121,59.586816],[-139.611621,59.610303],[-139.513037,59.698096],[-139.505566,59.726318],[-139.558496,59.790186],[-139.582178,59.848291],[-139.581152,59.880518],[-139.569141,59.912354],[-139.554102,59.933301],[-139.512305,59.953564],[-139.483008,59.96377],[-139.446875,59.956836],[-139.330957,59.877002],[-139.314648,59.847949],[-139.32002,59.738721],[-139.286719,59.610937],[-139.27627,59.620361],[-139.265625,59.662598],[-139.25874,59.743311],[-139.245703,59.78208],[-139.220801,59.819873],[-139.178857,59.839844],[-139.048291,59.828223],[-138.988086,59.83501],[-139.24248,59.892773],[-139.40249,60.000977],[-139.431445,60.012256],[-139.518945,60.01709],[-139.61167,59.973438],[-139.850195,59.830713],[-139.916895,59.805664],[-140.216748,59.72666],[-140.419824,59.710742],[-140.648389,59.723193],[-140.843164,59.748877],[-141.331934,59.873779],[-141.408301,59.902783],[-141.294629,59.980029],[-141.289941,60.00415],[-141.329541,60.082813],[-141.362158,60.105273],[-141.40874,60.117676],[-141.42168,60.108838],[-141.422168,60.085498],[-141.409717,60.042285],[-141.44707,60.019434],[-141.530176,59.994775],[-141.670166,59.969873],[-142.104102,60.033447],[-142.548584,60.086035],[-142.945654,60.096973],[-143.506104,60.055029],[-143.805078,60.012891],[-143.979492,60.008789],[-144.147217,60.016406],[-144.160937,60.045801],[-144.084277,60.063037],[-144.088525,60.084326],[-144.185498,60.150732],[-144.332617,60.191016],[-144.52998,60.205225],[-144.642969,60.224658],[-144.671582,60.249219],[-144.741406,60.272705],[-144.852441,60.295068],[-144.901318,60.335156],[-144.862451,60.45918],[-144.824414,60.533594],[-144.786572,60.584619],[-144.691113,60.669092],[-144.724414,60.662842],[-144.863086,60.600879],[-144.984033,60.536914],[-145.095996,60.453662],[-145.162695,60.415381],[-145.248291,60.380127],[-145.381787,60.388574],[-145.563135,60.440723],[-145.718457,60.467578],[-145.847754,60.469238],[-145.898877,60.478174],[-145.810645,60.524658],[-145.759814,60.562012],[-145.690234,60.621973],[-145.674902,60.651123],[-146.149023,60.660693],[-146.166406,60.692285],[-146.16709,60.715527],[-146.182324,60.734766],[-146.251025,60.749072],[-146.347168,60.738135],[-146.502979,60.700781],[-146.570459,60.72915],[-146.546387,60.745117],[-146.495508,60.756787],[-146.391992,60.81084],[-146.531934,60.838867],[-146.603564,60.870947],[-146.638428,60.897314],[-146.636035,60.992529],[-146.599121,61.053516],[-146.284912,61.112646],[-146.384375,61.13584],[-146.582715,61.127832],[-146.715918,61.077539],[-146.874023,61.004883],[-146.980176,60.977783],[-147.034326,60.996191],[-147.105957,61.002539],[-147.19502,60.996826],[-147.254883,60.978271],[-147.285596,60.946777],[-147.321094,60.925488],[-147.361377,60.914502],[-147.390576,60.918018],[-147.433398,60.950293],[-147.523291,60.970312],[-147.567285,60.994922],[-147.592578,60.979443],[-147.623291,60.933008],[-147.655664,60.909521],[-147.807617,60.8854],[-147.891113,60.889893],[-147.990771,60.948291],[-148.005127,60.968555],[-147.971191,61.019043],[-147.751855,61.218945],[-147.773779,61.217822],[-147.844824,61.186377],[-147.986377,61.106494],[-148.049414,61.082666],[-148.15791,61.079687],[-148.208691,61.088281],[-148.27002,61.081787],[-148.341895,61.0604],[-148.38877,61.036963],[-148.410742,61.011475],[-148.39585,61.007129],[-148.287402,61.03623],[-148.225879,61.044043],[-148.208691,61.029932],[-148.293164,60.939697],[-148.344434,60.853564],[-148.393311,60.831885],[-148.471045,60.835498],[-148.556152,60.827002],[-148.557373,60.80293],[-148.398682,60.734033],[-148.34126,60.724316],[-148.267871,60.699707],[-148.256738,60.675293],[-148.284229,60.609326],[-148.30498,60.58335],[-148.338428,60.569824],[-148.467773,60.57207],[-148.50957,60.565234],[-148.596631,60.523779],[-148.640137,60.489453],[-148.624268,60.486426],[-148.549121,60.514795],[-148.439844,60.52998],[-148.296387,60.53208],[-148.189453,60.547119],[-148.119189,60.575146],[-148.050684,60.567188],[-147.984033,60.52334],[-147.964111,60.484863],[-147.990967,60.451855],[-148.045996,60.42832],[-148.129199,60.414209],[-148.181689,60.393066],[-148.203564,60.364941],[-148.215869,60.323145],[-148.218652,60.267676],[-148.197607,60.167773],[-148.21377,60.154248],[-148.24502,60.146826],[-148.291357,60.145459],[-148.333105,60.122021],[-148.430713,59.989111],[-148.465088,59.974707],[-148.506055,59.988965],[-148.542383,59.987402],[-148.574072,59.970068],[-148.643604,59.956836],[-148.750879,59.947754],[-148.842725,59.951221],[-149.004248,59.97998],[-149.070117,60.000244],[-149.121582,60.033496],[-149.266602,59.998291],[-149.304932,60.013672],[-149.395264,60.105762],[-149.414844,60.100244],[-149.432227,60.001025],[-149.459717,59.96626],[-149.54917,59.894336],[-149.598047,59.770459],[-149.612891,59.766846],[-149.629639,59.784668],[-149.684668,59.895313],[-149.713867,59.91958],[-149.794775,59.855811],[-149.803662,59.832715],[-149.782471,59.750342],[-149.80127,59.737939],[-149.96499,59.782275],[-150.005322,59.784424],[-150.015967,59.776953],[-149.960156,59.713037],[-149.966504,59.690039],[-150.198047,59.566553],[-150.258496,59.570947],[-150.296484,59.583252],[-150.338135,59.581348],[-150.485352,59.535303],[-150.525977,59.537305],[-150.581543,59.5646],[-150.607373,59.563379],[-150.621143,59.535059],[-150.6229,59.479639],[-150.677441,59.426953],[-150.852783,59.341846],[-150.899316,59.302686],[-150.934521,59.249121],[-150.960742,59.243994],[-151.063574,59.278418],[-151.182764,59.300781],[-151.199219,59.289648],[-151.163037,59.256934],[-151.170703,59.236914],[-151.222266,59.229395],[-151.2875,59.232324],[-151.366357,59.245605],[-151.477002,59.230566],[-151.619385,59.187305],[-151.738184,59.188525],[-151.903857,59.259766],[-151.949512,59.265088],[-151.964063,59.285107],[-151.931689,59.342725],[-151.884619,59.386328],[-151.849951,59.406348],[-151.692578,59.462207],[-151.512695,59.482715],[-151.399609,59.516309],[-151.262109,59.585596],[-151.189404,59.637695],[-151.046484,59.771826],[-151.057324,59.782178],[-151.089453,59.789404],[-151.403662,59.662256],[-151.450098,59.650391],[-151.512598,59.65127],[-151.763818,59.7],[-151.816943,59.720898],[-151.853223,59.78208],[-151.783447,59.921143],[-151.734521,59.98833],[-151.611865,60.092041],[-151.451465,60.202637],[-151.395996,60.274463],[-151.312695,60.466455],[-151.317529,60.553564],[-151.355029,60.659863],[-151.356445,60.722949],[-151.321777,60.74292],[-150.95376,60.841211],[-150.779492,60.914795],[-150.44126,61.023584],[-150.349121,61.022656],[-150.281494,60.985205],[-150.202783,60.955225],[-150.113037,60.932812],[-149.997559,60.935156],[-149.85625,60.962256],[-149.632471,60.952002],[-149.172852,60.88042],[-149.075098,60.876416],[-149.071289,60.885547],[-149.142236,60.935693],[-149.459131,60.964746],[-149.59248,60.993848],[-149.967725,61.121729],[-150.053271,61.171094],[-150.018555,61.194238],[-149.926758,61.213281],[-149.895312,61.231738],[-149.882031,61.263721],[-149.829199,61.30752],[-149.736914,61.36333],[-149.595996,61.417285],[-149.329053,61.497363],[-149.433545,61.500781],[-149.625439,61.486035],[-149.695264,61.470703],[-149.82373,61.413379],[-149.873682,61.372998],[-149.945215,61.294238],[-149.975684,61.279346],[-150.108936,61.26792],[-150.471777,61.259961],[-150.533203,61.300244],[-150.567236,61.306787],[-150.612256,61.301123],[-150.945508,61.198242],[-151.06499,61.145703],[-151.150146,61.08584],[-151.281885,61.041943],[-151.460107,61.014111],[-151.593506,60.979639],[-151.733984,60.910742],[-151.781641,60.857959],[-151.784424,60.833154],[-151.750488,60.754883],[-151.785107,60.740234],[-151.866162,60.734082],[-151.99624,60.682227],[-152.270703,60.528125],[-152.306592,60.472217],[-152.305078,60.453027],[-152.260303,60.409424],[-152.291504,60.381104],[-152.368848,60.336328],[-152.540918,60.26543],[-152.653955,60.238428],[-152.727295,60.237061],[-152.7979,60.247168],[-152.923389,60.292871],[-153.025,60.295654],[-153.03125,60.289258],[-152.89292,60.240381],[-152.752393,60.17749],[-152.664746,60.125293],[-152.630127,60.083789],[-152.628564,60.041113],[-152.660107,59.997217],[-152.759473,59.920898],[-152.856934,59.898096],[-153.106055,59.875049],[-153.186377,59.856885],[-153.21123,59.842725],[-153.040088,59.810498],[-153.024609,59.793994],[-153.048145,59.730029],[-153.093604,59.709131],[-153.236182,59.670947],[-153.364014,59.659863],[-153.383496,59.667187],[-153.359619,59.71748],[-153.366455,59.729834],[-153.414404,59.740137],[-153.482617,59.720947],[-153.652539,59.647021],[-153.670703,59.634814],[-153.609375,59.615039],[-153.622266,59.598486],[-153.714355,59.545264],[-153.752588,59.509863],[-153.81416,59.47373],[-154.08833,59.363281],[-154.06748,59.336377],[-154.138818,59.240137],[-154.17832,59.155566],[-154.129834,59.119873],[-153.899561,59.078027],[-153.787939,59.06792],[-153.656396,59.038672],[-153.418262,58.959961],[-153.338965,58.908545],[-153.327051,58.884326],[-153.334424,58.857861],[-153.362939,58.822217],[-153.437598,58.754834],[-153.617334,58.654736],[-153.698584,58.626367],[-153.821484,58.604102],[-153.861963,58.587842],[-154.019873,58.492969],[-154.062451,58.441748],[-154.055713,58.397168],[-154.085889,58.36582],[-154.289014,58.304346],[-154.281787,58.293457],[-154.208057,58.28877],[-154.235107,58.234619],[-154.247021,58.159424],[-154.282275,58.146777],[-154.409229,58.147314],[-154.570605,58.118066],[-154.581934,58.109766],[-154.584912,58.055664],[-155.006885,58.016064],[-155.099268,57.91333],[-155.147363,57.881836],[-155.312744,57.807129],[-155.413965,57.777051],[-155.529639,57.758887],[-155.590234,57.733594],[-155.59585,57.701074],[-155.628711,57.673047],[-155.728955,57.626611],[-155.777979,57.568213],[-155.813672,57.559033],[-156.000195,57.544971],[-156.037354,57.526514],[-156.055371,57.447559],[-156.089893,57.445068],[-156.156006,57.463428],[-156.242188,57.449219],[-156.435889,57.359961],[-156.478418,57.327881],[-156.473682,57.310693],[-156.443555,57.293652],[-156.397656,57.240576],[-156.400488,57.204834],[-156.475146,57.105176],[-156.501318,57.089795],[-156.592041,57.065088],[-156.629004,57.009961],[-156.712646,57.016064],[-156.779883,57.005615],[-156.823877,56.968848],[-156.871729,56.947656],[-156.923438,56.94209],[-156.988428,56.912939],[-157.066699,56.860205],[-157.13916,56.826563],[-157.205762,56.812061],[-157.270557,56.808496],[-157.333594,56.815869],[-157.390234,56.809814],[-157.440576,56.790332],[-157.489648,56.759766],[-157.528711,56.673193],[-157.578369,56.634473],[-157.609766,56.627686],[-157.673877,56.633447],[-157.770703,56.65166],[-157.869092,56.645215],[-158.027881,56.592139],[-158.07832,56.552051],[-157.978271,56.543164],[-157.928711,56.531689],[-157.92998,56.520459],[-157.982178,56.50957],[-158.070947,56.510352],[-158.124365,56.501025],[-158.189404,56.478174],[-158.35249,56.453516],[-158.414404,56.43584],[-158.537402,56.335449],[-158.552148,56.312695],[-158.536377,56.307666],[-158.467334,56.318262],[-158.386133,56.301562],[-158.343994,56.280322],[-158.316992,56.25415],[-158.291406,56.203662],[-158.275635,56.19624],[-158.431836,56.111475],[-158.476123,56.075488],[-158.504687,56.062109],[-158.52334,56.072461],[-158.542676,56.166846],[-158.554443,56.182861],[-158.591162,56.184521],[-158.626758,56.154688],[-158.704883,56.043115],[-158.789844,55.986914],[-159.429443,55.842725],[-159.523242,55.81001],[-159.541309,55.748486],[-159.567627,55.695215],[-159.610059,55.652783],[-159.659668,55.625928],[-159.670264,55.64502],[-159.665332,55.794873],[-159.678516,55.824658],[-159.743018,55.84375],[-159.771387,55.841113],[-159.8104,55.832715],[-159.874365,55.800293],[-159.913525,55.792187],[-159.962305,55.794873],[-160.045654,55.762939],[-160.243799,55.660547],[-160.373193,55.635107],[-160.407422,55.613818],[-160.462695,55.557812],[-160.499316,55.537305],[-160.553516,55.535498],[-160.625244,55.552393],[-160.68291,55.54043],[-160.726514,55.499658],[-160.77085,55.483545],[-160.896729,55.513623],[-160.952197,55.493066],[-161.024219,55.44043],[-161.099512,55.405713],[-161.178027,55.388867],[-161.381934,55.371289],[-161.463867,55.38252],[-161.480518,55.397803],[-161.476709,55.464893],[-161.443799,55.513281],[-161.41333,55.536133],[-161.372705,55.556299],[-161.313281,55.558643],[-161.2021,55.543555],[-161.214697,55.559766],[-161.255127,55.579004],[-161.357471,55.612207],[-161.458789,55.62915],[-161.516943,55.618408],[-161.598779,55.592822],[-161.654297,55.563379],[-161.683545,55.529932],[-161.720361,55.420703],[-161.741553,55.391162],[-161.980322,55.198633],[-162.073975,55.139307],[-162.166602,55.14375],[-162.211475,55.121338],[-162.274658,55.073242],[-162.33291,55.050244],[-162.386377,55.052344],[-162.42793,55.061475],[-162.457471,55.077686],[-162.452393,55.092822],[-162.412549,55.106885],[-162.426807,55.14541],[-162.495264,55.208447],[-162.541895,55.242725],[-162.630371,55.24668],[-162.644141,55.218018],[-162.614307,55.071484],[-162.618896,55.038428],[-162.674365,54.996582],[-162.81958,54.95],[-162.865039,54.954541],[-162.995898,55.046484],[-163.119629,55.064697],[-163.127832,55.034766],[-163.100195,54.973633],[-163.131104,54.916553],[-163.220557,54.863379],[-163.288623,54.837598],[-163.335303,54.83916],[-163.337891,54.876367],[-163.296338,54.949268],[-163.285693,55.009961],[-163.305957,55.058545],[-163.303662,55.09585],[-163.278809,55.121826],[-163.114502,55.193945],[-163.045361,55.204736],[-163.008252,55.186865],[-162.961963,55.183838],[-162.906592,55.195557],[-162.871582,55.218604],[-162.857129,55.253027],[-162.78623,55.29707],[-162.658984,55.350781],[-162.513379,55.45],[-162.349365,55.594727],[-162.157129,55.719434],[-161.936621,55.82417],[-161.697314,55.907227],[-161.215625,56.021436],[-161.178613,56.014453],[-161.222559,55.977441],[-161.192529,55.954297],[-161.145166,55.951318],[-160.968652,55.969629],[-160.898633,55.993652],[-160.877832,55.970508],[-160.902393,55.941309],[-161.008398,55.911719],[-161.005371,55.887158],[-160.851318,55.771875],[-160.802832,55.754443],[-160.762598,55.756592],[-160.745508,55.771484],[-160.758398,55.854639],[-160.706348,55.870459],[-160.599707,55.874316],[-160.530225,55.863477],[-160.4979,55.837891],[-160.436914,55.816699],[-160.347314,55.799902],[-160.291699,55.805078],[-160.270117,55.832178],[-160.308496,55.864453],[-160.479883,55.935449],[-160.527441,55.965039],[-160.539062,56.006299],[-160.514697,56.059131],[-160.46084,56.1375],[-160.37749,56.241455],[-160.302051,56.314111],[-160.149268,56.396338],[-160.04624,56.437012],[-159.785059,56.561621],[-159.283105,56.688574],[-159.159033,56.770068],[-158.990381,56.860059],[-158.918018,56.882178],[-158.918018,56.847412],[-158.894873,56.816406],[-158.78208,56.795752],[-158.708838,56.788574],[-158.675146,56.794873],[-158.665918,56.82793],[-158.681055,56.887744],[-158.684814,56.944238],[-158.677246,56.997363],[-158.660791,57.039404],[-158.585596,57.114062],[-158.47373,57.199072],[-158.320947,57.2979],[-158.224512,57.342676],[-158.133545,57.366406],[-158.045703,57.409473],[-157.894336,57.511377],[-157.845752,57.528076],[-157.737207,57.548145],[-157.697412,57.539258],[-157.674023,57.513721],[-157.645557,57.497803],[-157.535303,57.483447],[-157.461914,57.506201],[-157.473877,57.518213],[-157.533496,57.525879],[-157.571631,57.540674],[-157.607568,57.601465],[-157.680664,57.638086],[-157.697217,57.679443],[-157.683984,57.743896],[-157.621191,57.895215],[-157.610889,58.05083],[-157.555029,58.139941],[-157.442676,58.172168],[-157.193701,58.194189],[-157.339404,58.234521],[-157.393604,58.234814],[-157.488379,58.253711],[-157.524414,58.350732],[-157.523633,58.421338],[-157.460889,58.503027],[-157.228857,58.640918],[-156.974658,58.736328],[-157.009033,58.744189],[-157.040479,58.772559],[-156.923242,58.963672],[-156.808887,59.134277],[-156.963379,58.988867],[-157.142041,58.877637],[-157.665723,58.748486],[-158.021924,58.640186],[-158.190918,58.614258],[-158.302588,58.641797],[-158.389648,58.745654],[-158.439307,58.782617],[-158.503174,58.850342],[-158.47627,58.938379],[-158.425635,58.999316],[-158.314502,59.009326],[-158.189209,58.979932],[-158.080518,58.977441],[-158.220605,59.0375],[-158.422803,59.089844],[-158.514404,59.072852],[-158.584473,58.987793],[-158.678271,58.929395],[-158.760596,58.950098],[-158.809473,58.973877],[-158.775537,58.902539],[-158.837744,58.793945],[-158.861377,58.71875],[-158.772119,58.520313],[-158.788623,58.440967],[-158.950684,58.404541],[-159.082666,58.469775],[-159.358203,58.721289],[-159.454199,58.79292],[-159.670264,58.911133],[-159.741455,58.894287],[-159.832227,58.835986],[-159.920215,58.819873],[-160.152588,58.905908],[-160.260791,58.971533],[-160.363135,59.051172],[-160.519922,59.007324],[-160.656641,58.955078],[-160.81709,58.87168],[-160.924268,58.872412],[-161.215918,58.800977],[-161.246826,58.799463],[-161.287891,58.760937],[-161.328125,58.743701],[-161.361328,58.669531],[-161.755469,58.612012],[-162.144922,58.644238],[-162.008691,58.68501],[-161.856494,58.71709],[-161.724365,58.794287],[-161.780518,58.897412],[-161.790283,58.949951],[-161.788672,59.016406],[-161.644385,59.109668],[-161.794482,59.109473],[-161.890771,59.076074],[-161.981055,59.146143],[-162.023291,59.283984],[-161.920117,59.365479],[-161.872217,59.428271],[-161.831689,59.514502],[-161.828711,59.588623],[-161.908643,59.714111],[-162.138135,59.980029],[-162.24248,60.17832],[-162.421338,60.283984],[-162.287793,60.456885],[-162.138867,60.614355],[-161.946582,60.684814],[-161.962012,60.695361],[-162.068262,60.694873],[-162.138037,60.685547],[-162.199902,60.634326],[-162.265039,60.595215],[-162.468701,60.394678],[-162.599707,60.296973],[-162.684961,60.268945],[-162.547705,60.231055],[-162.526953,60.199121],[-162.500488,60.126562],[-162.535645,60.038379],[-162.570752,59.989746],[-162.732617,59.993652],[-162.877832,59.922754],[-163.219385,59.845605],[-163.680371,59.801514],[-163.906885,59.806787],[-164.142822,59.896777],[-164.141113,59.948877],[-164.131543,59.994238],[-164.470508,60.149316],[-164.662256,60.303809],[-164.799951,60.307227],[-164.919727,60.348438],[-165.061133,60.412549],[-165.04873,60.464258],[-165.026514,60.500635],[-165.113281,60.526074],[-165.224512,60.523584],[-165.353809,60.541211],[-165.016016,60.740039],[-164.899805,60.873145],[-164.805176,60.892041],[-164.682373,60.871533],[-164.512939,60.819043],[-164.370068,60.795898],[-164.318506,60.771289],[-164.265674,60.724658],[-164.321387,60.646631],[-164.372363,60.591846],[-164.309668,60.606738],[-164.131836,60.691504],[-163.999561,60.766064],[-163.936133,60.758301],[-163.894922,60.745166],[-163.821387,60.668262],[-163.72998,60.58999],[-163.528711,60.664551],[-163.420947,60.757422],[-163.511865,60.798145],[-163.623047,60.822217],[-163.906543,60.853809],[-163.837305,60.88042],[-163.65542,60.87749],[-163.586914,60.902979],[-163.658936,60.938232],[-163.749023,60.969727],[-163.994629,60.864697],[-164.441553,60.869971],[-164.753955,60.931299],[-165.065625,60.920654],[-165.114844,60.932812],[-165.175488,60.965674],[-164.999902,61.043652],[-164.875586,61.086768],[-164.868994,61.111768],[-164.941211,61.114893],[-165.0771,61.094189],[-165.137695,61.130127],[-165.127783,61.192432],[-165.150049,61.186865],[-165.20376,61.152832],[-165.279785,61.169629],[-165.344873,61.197705],[-165.310791,61.227637],[-165.243945,61.26875],[-165.273633,61.274854],[-165.333691,61.266113],[-165.392041,61.212305],[-165.379297,61.16875],[-165.380762,61.106299],[-165.480469,61.094873],[-165.565869,61.102344],[-165.627588,61.165186],[-165.691357,61.299902],[-165.863965,61.335693],[-165.906299,61.403809],[-165.797119,61.491162],[-165.845313,61.53623],[-165.961328,61.550879],[-166.093994,61.506738],[-166.152734,61.545947],[-166.163525,61.589014],[-166.168115,61.65083],[-166.131152,61.657324],[-166.100488,61.645068],[-165.83457,61.679395],[-165.808936,61.696094],[-166.019922,61.748291],[-166.078809,61.803125],[-165.991406,61.83418],[-165.833838,61.836816],[-165.612793,61.869287],[-165.705811,61.927441],[-165.725244,61.959375],[-165.743945,62.011719],[-165.707275,62.100439],[-165.447656,62.303906],[-165.194531,62.473535],[-165.115625,62.512695],[-164.999707,62.533789],[-164.891846,62.517578],[-164.779199,62.481152],[-164.757861,62.496729],[-164.796094,62.511621],[-164.844385,62.581055],[-164.687988,62.608252],[-164.596289,62.68667],[-164.589453,62.709375],[-164.688965,62.676758],[-164.792676,62.623193],[-164.818652,62.677051],[-164.84541,62.800977],[-164.799658,62.918066],[-164.764062,62.970605],[-164.677441,63.020459],[-164.428125,63.04043],[-164.384229,63.030469],[-164.375098,63.054004],[-164.525195,63.127637],[-164.463281,63.185205],[-164.409033,63.215039],[-164.107617,63.261719],[-163.942871,63.247217],[-163.73623,63.192822],[-163.616309,63.125146],[-163.63374,63.09043],[-163.663574,63.070312],[-163.725732,63.047803],[-163.748975,63.030322],[-163.737842,63.016406],[-163.649365,63.056787],[-163.504346,63.105859],[-163.423193,63.084521],[-163.358838,63.045752],[-163.287842,63.046436],[-163.062256,63.079736],[-162.947705,63.11499],[-162.807764,63.206592],[-162.621484,63.26582],[-162.359814,63.452588],[-162.282813,63.529199],[-162.193311,63.540967],[-162.1125,63.53418],[-162.05625,63.471338],[-161.973975,63.45293],[-161.50542,63.468164],[-161.266016,63.496973],[-161.099707,63.55791],[-160.926709,63.660547],[-160.826514,63.729346],[-160.778564,63.818945],[-160.840479,63.934912],[-160.903955,64.031201],[-160.987549,64.25127],[-161.220117,64.396582],[-161.385693,64.439941],[-161.490723,64.433789],[-161.4146,64.526367],[-161.193066,64.516406],[-161.048779,64.534473],[-160.931934,64.579102],[-160.893701,64.612891],[-160.836035,64.681934],[-160.855908,64.755615],[-160.886963,64.795557],[-160.96748,64.839551],[-161.063232,64.904004],[-161.130176,64.925439],[-161.186914,64.924023],[-161.466357,64.794873],[-161.633984,64.79248],[-161.759375,64.81626],[-161.868311,64.742676],[-162.172266,64.678076],[-162.334619,64.612842],[-162.635742,64.45083],[-162.711084,64.377539],[-162.807031,64.374219],[-162.876416,64.516406],[-163.203906,64.652002],[-163.302832,64.605908],[-163.248291,64.563281],[-163.174072,64.532959],[-163.051758,64.519727],[-163.104492,64.478613],[-163.144336,64.423828],[-163.267041,64.475195],[-163.486182,64.549805],[-163.713086,64.588232],[-164.303955,64.583936],[-164.691846,64.507422],[-164.72749,64.523291],[-164.764941,64.529639],[-164.829541,64.511377],[-164.857275,64.480322],[-164.899512,64.460645],[-164.97876,64.453662],[-165.138135,64.465234],[-165.446191,64.512842],[-166.142773,64.582764],[-166.325098,64.625732],[-166.481396,64.728076],[-166.478125,64.797559],[-166.408691,64.826953],[-166.415234,64.926514],[-166.550879,64.952979],[-166.826953,65.096094],[-166.928418,65.15708],[-166.906396,65.163818],[-166.856787,65.147266],[-166.762549,65.134912],[-166.531006,65.154736],[-166.45166,65.247314],[-166.279687,65.273779],[-166.121484,65.260742],[-166.157031,65.28584],[-166.197412,65.305566],[-166.609375,65.352734],[-166.665381,65.338281],[-167.404004,65.422119],[-167.987256,65.567773],[-168.03501,65.595605],[-168.088379,65.657764],[-168.009668,65.719141],[-167.930566,65.748145],[-167.927002,65.714355],[-167.914355,65.681201],[-167.580029,65.758301],[-167.405322,65.859326],[-167.074219,65.877051],[-166.997217,65.904932],[-166.894434,65.95918],[-166.747656,66.051855],[-166.540137,66.100635],[-166.39873,66.144434],[-166.2146,66.170264],[-166.057422,66.127246],[-166.008936,66.121338],[-165.723682,66.112549],[-165.629932,66.131201],[-165.58999,66.145117],[-165.560205,66.16709],[-165.840234,66.245068],[-165.811865,66.288477],[-165.776172,66.319043],[-165.449414,66.409912],[-165.198291,66.439941],[-165.063965,66.437842],[-164.674121,66.555029],[-164.460498,66.588428],[-164.058252,66.610742],[-163.727686,66.616455],[-163.638232,66.574658],[-163.815723,66.583496],[-163.893945,66.575879],[-163.838232,66.561572],[-163.775488,66.531104],[-163.793701,66.492627],[-163.902881,66.378369],[-163.893945,66.286914],[-163.96499,66.257324],[-164.03374,66.215527],[-163.695361,66.083838],[-163.171436,66.075439],[-162.886475,66.099219],[-162.721777,66.059814],[-162.586865,66.05083],[-162.214258,66.071045],[-161.933691,66.042871],[-161.816309,66.053662],[-161.556836,66.250537],[-161.45542,66.281396],[-161.345068,66.247168],[-161.201074,66.219385],[-161.109229,66.239502],[-161.034277,66.188818],[-161.069531,66.294629],[-161.120313,66.334326],[-161.544434,66.407031],[-161.828174,66.37085],[-161.916895,66.411816],[-161.887598,66.493066],[-162.191162,66.693115],[-162.317725,66.733691],[-162.467432,66.735645],[-162.543652,66.805127],[-162.607422,66.894385],[-162.47832,66.930811],[-162.361621,66.947314],[-162.253564,66.918652],[-162.131396,66.801367],[-162.017627,66.784131],[-162.050732,66.667285],[-161.90957,66.559619],[-161.591016,66.459521],[-161.335938,66.496338],[-161.155811,66.495312],[-161.048145,66.474219],[-160.784473,66.384375],[-160.650537,66.373096],[-160.231689,66.420264],[-160.227344,66.508545],[-160.262549,66.572461],[-160.360889,66.6125],[-160.643799,66.60498],[-160.864014,66.67085],[-161.051465,66.652783],[-161.398047,66.551855],[-161.571729,66.591602],[-161.680908,66.645508],[-161.856689,66.700342],[-161.87876,66.803955],[-161.731299,66.922803],[-161.622217,66.979346],[-161.719922,67.020557],[-161.96543,67.049561],[-162.391553,67.019873],[-162.411572,67.060303],[-162.409424,67.103955],[-162.583105,67.018506],[-162.761426,67.036426],[-163.001709,67.027295],[-163.531836,67.102588],[-163.720557,67.195557],[-163.799805,67.270996],[-163.942676,67.477588],[-164.125195,67.606738],[-165.386035,68.045605],[-165.95957,68.155908],[-166.235938,68.27793],[-166.409131,68.307959],[-166.574463,68.320264],[-166.786279,68.359619],[-166.643896,68.408008],[-166.545898,68.424365],[-166.647852,68.373828],[-166.57041,68.361084],[-166.447021,68.390234],[-166.380518,68.425146],[-166.282959,68.573242],[-166.182031,68.797217],[-166.209082,68.885352],[-165.509473,68.867578],[-165.043945,68.882471],[-164.889697,68.902441],[-164.302344,68.936475],[-164.150195,68.961182],[-163.86792,69.03667],[-163.535693,69.170117],[-163.250537,69.345361],[-163.205176,69.392529],[-163.187109,69.380469],[-163.161475,69.387939],[-163.131006,69.454346],[-163.093555,69.610693],[-162.9521,69.758105],[-162.350391,70.094141],[-162.071143,70.227197],[-161.977979,70.287646],[-161.880957,70.331738],[-161.812598,70.289844],[-161.779932,70.277344],[-161.761084,70.257666],[-161.818408,70.248437],[-161.911963,70.205469],[-162.042383,70.17666],[-162.073877,70.161963],[-161.997412,70.165234],[-161.768164,70.196533],[-161.639014,70.234521],[-160.996289,70.30459],[-160.647656,70.420557],[-160.634131,70.446387],[-160.117139,70.591211],[-160.045605,70.585596],[-159.963135,70.568164],[-160.106396,70.472559],[-160.005566,70.447559],[-160.095068,70.333301],[-159.907568,70.331445],[-159.865674,70.278857],[-159.855225,70.32417],[-159.85752,70.389258],[-159.842627,70.453027],[-159.81499,70.49707],[-159.683301,70.477148],[-159.386768,70.524512],[-159.746191,70.530469],[-159.961816,70.634082],[-160.081592,70.634863],[-159.680908,70.786768],[-159.314502,70.878516],[-159.231738,70.876758],[-159.191748,70.859668],[-159.183154,70.831934],[-159.262207,70.813867],[-159.339844,70.78125],[-159.30415,70.752539],[-159.251172,70.748437],[-159.075049,70.77207],[-158.996289,70.801611],[-158.620947,70.799023],[-158.51084,70.820117],[-158.484375,70.841064],[-157.998486,70.845313],[-157.909375,70.860107],[-157.605615,70.94126],[-157.324756,71.0396],[-157.195312,71.093262],[-156.97334,71.230029],[-156.783301,71.318945],[-156.470215,71.407666],[-156.395264,71.39668],[-156.49668,71.379102],[-156.567236,71.341553],[-156.469971,71.291553],[-155.811133,71.188428],[-155.645605,71.182764],[-155.579443,71.121094],[-155.63457,71.061572],[-155.804346,70.99541],[-156.146582,70.927832],[-156.041943,70.902246],[-155.973535,70.841992],[-155.872217,70.834668],[-155.708057,70.857275],[-155.579395,70.894336],[-155.313379,71.01499],[-155.229736,71.082227],[-155.166846,71.099219],[-154.943799,71.083057],[-154.817529,71.048486],[-154.673682,70.987109],[-154.726318,70.927783],[-154.785205,70.894287],[-154.598633,70.847998],[-154.392188,70.83833],[-154.195215,70.801123],[-153.918213,70.877344],[-153.701367,70.893604],[-153.497705,70.891064],[-153.23291,70.932568],[-152.784912,70.876025],[-152.67085,70.890723],[-152.491211,70.880957],[-152.300391,70.846777],[-152.23291,70.810352],[-152.437256,70.733252],[-152.470605,70.653613],[-152.399219,70.620459],[-152.269678,70.614746],[-152.253369,70.568262],[-152.172949,70.556641],[-151.769043,70.560156],[-151.799902,70.538037],[-151.819629,70.511328],[-151.944678,70.4521],[-151.224805,70.41875],[-151.128027,70.451611],[-150.979053,70.464697],[-150.662646,70.509912],[-150.543506,70.490137],[-150.403223,70.443896],[-150.273633,70.434326],[-150.15249,70.443701],[-149.870117,70.509668],[-149.544043,70.512891],[-149.410596,70.491406],[-149.269434,70.500781],[-148.844775,70.425195],[-148.688379,70.416309],[-148.479199,70.31792],[-148.371143,70.31499],[-148.248779,70.356738],[-148.142725,70.355469],[-148.039062,70.315479],[-147.869531,70.303271],[-147.790576,70.240137],[-147.705371,70.217236],[-147.062939,70.17041],[-146.744873,70.191748],[-146.28125,70.186133],[-146.057666,70.15625],[-145.823145,70.160059],[-145.440088,70.050928],[-145.236816,70.033936],[-145.197363,70.008691],[-144.619189,69.982129],[-144.416895,70.039014],[-144.064111,70.054102],[-143.746436,70.101953],[-143.566406,70.101465],[-143.357031,70.089551],[-143.276465,70.095313],[-143.218311,70.11626],[-142.707861,70.033789],[-142.422119,69.939502],[-142.296973,69.869873],[-141.699219,69.770361],[-141.526367,69.714697],[-141.40791,69.653369],[-141.338623,69.646777],[-141.289648,69.664697],[-141.080811,69.659424],[-141.002148,69.650781],[-141.002148,69.358594],[-141.002148,69.066357],[-141.002148,68.77417],[-141.002148,68.481982],[-141.002148,68.189746],[-141.002148,67.897559],[-141.002148,67.605371],[-141.002148,67.313135],[-141.002148,67.020947],[-141.002148,66.72876],[-141.002148,66.436523],[-141.002148,66.144336],[-141.002148,65.852148],[-141.002148,65.559912],[-141.002148,65.267725],[-141.002148,64.975537],[-141.002148,64.683301],[-141.002148,64.391113],[-141.002148,64.098877],[-141.002148,63.806689],[-141.002148,63.514453],[-141.002148,63.222266],[-141.002148,62.930078],[-141.002148,62.637891],[-141.002148,62.345703],[-141.002148,62.053467],[-141.002148,61.761279],[-141.002148,61.469043],[-141.002148,61.176855],[-141.002148,60.884668],[-141.002148,60.592432],[-141.002148,60.300244],[-140.762744,60.259131],[-140.525439,60.218359],[-140.452832,60.299707],[-140.196924,60.2375],[-139.973291,60.183154],[-139.830664,60.252881],[-139.676318,60.32832],[-139.467969,60.333691],[-139.234766,60.339746],[-139.079248,60.343701],[-139.079248,60.279443],[-139.136963,60.172705],[-139.185156,60.083594],[-139.043457,59.993262],[-138.86875,59.945752],[-138.705469,59.901318],[-138.632275,59.778271],[-138.453613,59.683398],[-138.317627,59.611133],[-138.187451,59.541943],[-138.001123,59.44292],[-137.870557,59.373584],[-137.696631,59.281152],[-137.593311,59.22627],[-137.543701,59.119434],[-137.48418,58.991211],[-137.520898,58.915381],[-137.438574,58.903125],[-137.277539,58.988184],[-137.126221,59.040967],[-136.939307,59.106104],[-136.813281,59.150049],[-136.57876,59.152246],[-136.466748,59.279932],[-136.466357,59.459082],[-136.347852,59.456055],[-136.277979,59.480322],[-136.247119,59.53291],[-136.321826,59.604834],[-136.097168,59.638379],[-135.934668,59.662646],[-135.702588,59.72876],[-135.475928,59.793262],[-135.367871,59.743311],[-135.260791,59.69502],[-135.051025,59.578662],[-135.03667,59.550684],[-135.05083,59.496045],[-135.071289,59.441455],[-134.94375,59.288281],[-134.907227,59.271191],[-134.802393,59.25],[-134.677246,59.199268],[-134.621973,59.155322],[-134.440771,59.085352],[-134.410205,59.05625],[-134.393066,59.00918],[-134.363525,58.96875],[-134.329639,58.939697],[-134.296973,58.898486],[-134.218506,58.849902],[-134.069189,58.795508],[-133.965723,58.757861],[-133.820752,58.705029],[-133.673926,58.597168],[-133.546387,58.503467],[-133.401123,58.410889],[-133.422559,58.337061],[-133.275293,58.222852],[-133.12041,58.077734],[-133.001416,57.948975],[-132.916846,57.877002],[-132.815527,57.772705],[-132.691504,57.645117],[-132.550488,57.499902],[-132.44248,57.406738],[-132.30166,57.276318],[-132.232178,57.198535],[-132.279395,57.145361],[-132.337988,57.079443],[-132.157031,57.048193],[-132.031543,57.026562],[-132.062891,56.953369],[-132.104297,56.856787],[-131.9625,56.818701],[-131.866162,56.792822],[-131.885986,56.742139],[-131.833105,56.684814],[-131.824268,56.58999],[-131.651514,56.596094],[-131.575098,56.598828],[-131.471875,56.556738],[-131.335791,56.501221],[-131.199414,56.449219],[-131.08291,56.404834],[-130.930225,56.378613],[-130.741699,56.34082],[-130.649072,56.263672],[-130.4771,56.230566],[-130.413135,56.12251],[-130.214697,56.082812],[-130.097852,56.109277],[-130.055957,56.065234],[-130.0229,56.014502],[-130.014062,55.950537],[-130.025098,55.888232]]],[[[-163.476025,54.980713],[-163.378955,54.815527],[-163.336914,54.783203],[-163.274512,54.765576],[-163.187109,54.747754],[-163.135059,54.723291],[-163.089258,54.686084],[-163.083252,54.668994],[-163.358105,54.735693],[-163.530859,54.63833],[-163.583008,54.625684],[-164.073291,54.620996],[-164.171289,54.603027],[-164.234619,54.571338],[-164.34668,54.482422],[-164.403516,54.447852],[-164.463477,54.427344],[-164.59082,54.404346],[-164.743799,54.407471],[-164.823438,54.419092],[-164.866162,54.461377],[-164.903955,54.544775],[-164.903711,54.567969],[-164.887646,54.607813],[-164.751465,54.662939],[-164.706201,54.691992],[-164.529785,54.880859],[-164.478613,54.906836],[-164.424316,54.913184],[-164.273682,54.900049],[-164.145068,54.955127],[-163.867969,55.039111],[-163.807129,55.049072],[-163.607471,55.05083],[-163.553027,55.037842],[-163.510889,55.014307],[-163.476025,54.980713]]],[[[-133.305078,55.54375],[-133.283203,55.515625],[-133.281689,55.497852],[-133.426465,55.431445],[-133.429102,55.417725],[-133.463086,55.37666],[-133.493457,55.36167],[-133.547363,55.317236],[-133.650195,55.269287],[-133.63501,55.41333],[-133.737109,55.496924],[-133.634229,55.539258],[-133.566699,55.527197],[-133.454785,55.522314],[-133.345557,55.559082],[-133.305078,55.54375]]],[[[-131.339746,55.079834],[-131.237451,54.949512],[-131.232031,54.90376],[-131.329541,54.887744],[-131.406201,54.894287],[-131.445703,54.909326],[-131.456104,54.930566],[-131.431348,54.996484],[-131.481738,55.035254],[-131.540039,55.048486],[-131.592236,55.025684],[-131.595117,55.090723],[-131.556006,55.137402],[-131.577832,55.20083],[-131.578467,55.248779],[-131.56543,55.264111],[-131.512646,55.262744],[-131.404639,55.21333],[-131.339746,55.079834]]],[[[-132.112354,56.109375],[-132.132959,55.943262],[-132.172607,55.952637],[-132.210303,55.952979],[-132.287305,55.929395],[-132.368604,55.939746],[-132.406592,55.958203],[-132.420605,55.979541],[-132.406055,56.028857],[-132.451172,56.056348],[-132.602979,56.066406],[-132.659912,56.078174],[-132.691357,56.130078],[-132.699023,56.198193],[-132.675195,56.223633],[-132.59873,56.24165],[-132.539014,56.32417],[-132.505957,56.335254],[-132.379834,56.498779],[-132.316504,56.4875],[-132.205615,56.387939],[-132.066895,56.244238],[-132.112354,56.109375]]],[[[-130.97915,55.48916],[-131.013916,55.379297],[-131.082764,55.266797],[-131.187891,55.206299],[-131.261865,55.219775],[-131.316309,55.268506],[-131.366846,55.26582],[-131.420703,55.275879],[-131.450928,55.316309],[-131.422363,55.368408],[-131.447559,55.408789],[-131.474512,55.373486],[-131.521826,55.341064],[-131.641309,55.298926],[-131.723682,55.218359],[-131.7625,55.16582],[-131.810986,55.223096],[-131.841992,55.358691],[-131.846094,55.41626],[-131.759473,55.503076],[-131.647559,55.585547],[-131.624951,55.831689],[-131.269238,55.955371],[-131.236182,55.948975],[-131.120654,55.856641],[-130.997803,55.727637],[-130.965967,55.669531],[-130.965039,55.568018],[-130.97915,55.48916]]],[[[-133.366211,57.003516],[-133.299707,56.972168],[-133.263525,57.00498],[-133.195996,57.003467],[-133.070801,56.974268],[-132.99624,56.93042],[-132.95415,56.880273],[-132.950586,56.850439],[-132.96333,56.782568],[-132.954004,56.713086],[-132.95918,56.677051],[-132.975879,56.647266],[-133.004102,56.62373],[-133.034912,56.620752],[-133.132373,56.683252],[-133.243994,56.79585],[-133.328955,56.830078],[-133.332422,56.818506],[-133.309082,56.78623],[-133.239697,56.725684],[-133.227246,56.689258],[-133.178467,56.644824],[-133.156641,56.611133],[-133.144238,56.566895],[-133.144727,56.528223],[-133.158154,56.495166],[-133.180811,56.473975],[-133.212646,56.4646],[-133.382764,56.473877],[-133.48418,56.451758],[-133.602783,56.464111],[-133.631348,56.484033],[-133.649268,56.516797],[-133.658301,56.596289],[-133.688184,56.71001],[-133.680957,56.79751],[-133.75752,56.87666],[-133.823047,56.924365],[-133.917285,56.96709],[-133.979443,57.00957],[-133.962354,57.043457],[-133.865967,57.068701],[-133.707715,57.062842],[-133.366211,57.003516]]],[[[-132.862256,54.894434],[-132.837744,54.880957],[-132.812891,54.89043],[-132.772314,54.926074],[-132.700635,54.919043],[-132.648877,54.90708],[-132.617236,54.892432],[-132.634033,54.840479],[-132.646973,54.756152],[-132.67666,54.726221],[-132.705811,54.68418],[-132.807275,54.709131],[-132.8896,54.762646],[-133.008936,54.854834],[-133.075391,54.921338],[-133.080566,54.949414],[-133.122705,54.969824],[-133.204639,55.084473],[-133.251172,55.175146],[-133.324854,55.185498],[-133.417969,55.210693],[-133.453809,55.260352],[-133.429053,55.303809],[-133.296582,55.325732],[-133.097412,55.213721],[-133.06709,55.166211],[-132.995752,55.110596],[-132.982178,55.033008],[-132.945996,55.002588],[-132.862256,54.894434]]],[[[-146.393945,60.449658],[-146.37168,60.422168],[-146.179541,60.42876],[-146.124268,60.423926],[-146.102246,60.411182],[-146.128271,60.392529],[-146.202393,60.368018],[-146.419189,60.325049],[-146.595313,60.268457],[-146.618311,60.273682],[-146.650439,60.335645],[-146.683008,60.360693],[-146.702881,60.395605],[-146.702539,60.408545],[-146.670264,60.432617],[-146.605908,60.467822],[-146.560303,60.480566],[-146.393945,60.449658]]],[[[-147.735889,59.813232],[-147.846338,59.798828],[-147.872461,59.828369],[-147.814355,59.901953],[-147.768066,59.94375],[-147.733643,59.953613],[-147.606689,60.036621],[-147.46582,60.097021],[-147.336523,60.185352],[-147.205225,60.311328],[-147.180859,60.358252],[-147.12002,60.363086],[-147.019873,60.332227],[-146.957861,60.288867],[-146.986719,60.254346],[-147.318457,60.075293],[-147.346338,60.051953],[-147.376514,59.991162],[-147.403809,59.969971],[-147.447559,59.960254],[-147.479395,59.933691],[-147.499316,59.890186],[-147.540234,59.867529],[-147.602051,59.865576],[-147.644922,59.853613],[-147.66875,59.831543],[-147.735889,59.813232]]],[[[-147.658252,60.450488],[-147.658691,60.424121],[-147.690039,60.398877],[-147.659961,60.35249],[-147.712012,60.272754],[-147.732129,60.22207],[-147.759912,60.190234],[-147.787842,60.17793],[-147.81582,60.185156],[-147.82168,60.202734],[-147.805273,60.230664],[-147.871338,60.229785],[-147.891455,60.299414],[-147.854883,60.321436],[-147.841699,60.35127],[-147.837598,60.371289],[-147.794531,60.459863],[-147.77915,60.466064],[-147.77417,60.444971],[-147.760205,60.43877],[-147.737305,60.447412],[-147.702979,60.486816],[-147.688574,60.491406],[-147.658252,60.450488]]],[[[-147.930713,60.826172],[-148.057422,60.81792],[-148.11543,60.830615],[-148.123779,60.844336],[-148.099707,60.894824],[-148.10166,60.916113],[-148.037744,60.924121],[-147.964404,60.900146],[-147.943115,60.875391],[-147.930713,60.826172]]],[[[-153.00708,57.124854],[-153.134229,57.092578],[-153.156836,57.093945],[-153.2354,57.028613],[-153.29541,57.000439],[-153.374609,57.051904],[-153.354346,57.131934],[-153.285205,57.185059],[-152.935449,57.167334],[-152.908398,57.152441],[-152.907764,57.139746],[-152.933447,57.129248],[-153.00708,57.124854]]],[[[-152.486084,58.48501],[-152.515527,58.478613],[-152.588623,58.509229],[-152.636621,58.541699],[-152.604883,58.566406],[-152.463184,58.618506],[-152.395508,58.619385],[-152.36792,58.611084],[-152.356836,58.594971],[-152.362256,58.57085],[-152.392822,58.540869],[-152.486084,58.48501]]],[[[-153.240625,57.850098],[-153.268555,57.822363],[-153.294971,57.829492],[-153.35083,57.861963],[-153.465039,57.909375],[-153.51709,57.941895],[-153.520068,57.955762],[-153.481055,57.971045],[-153.346973,57.932812],[-153.290039,57.8979],[-153.240625,57.850098]]],[[[-155.566016,55.821191],[-155.604883,55.789551],[-155.680615,55.791846],[-155.723193,55.802197],[-155.737354,55.829785],[-155.620605,55.913086],[-155.593945,55.924316],[-155.573242,55.921094],[-155.563916,55.88667],[-155.566016,55.821191]]],[[[-154.682813,56.435791],[-154.751221,56.412158],[-154.773926,56.420264],[-154.777148,56.439893],[-154.760938,56.471143],[-154.729346,56.502148],[-154.62373,56.561328],[-154.517529,56.600537],[-154.463379,56.598193],[-154.444873,56.573193],[-154.511182,56.521436],[-154.682813,56.435791]]],[[[-154.208643,56.514893],[-154.257812,56.512695],[-154.332129,56.539014],[-154.322217,56.570605],[-154.216748,56.60874],[-154.1104,56.60293],[-154.102246,56.581641],[-154.107178,56.557812],[-154.115967,56.543896],[-154.149805,56.52959],[-154.208643,56.514893]]],[[[-160.684912,55.314795],[-160.669727,55.314258],[-160.638818,55.321924],[-160.573975,55.378271],[-160.552783,55.380762],[-160.55249,55.363379],[-160.583154,55.307617],[-160.531201,55.233203],[-160.482666,55.197412],[-160.487549,55.184863],[-160.609082,55.159033],[-160.701807,55.177637],[-160.750635,55.171191],[-160.795068,55.145215],[-160.825488,55.173975],[-160.846533,55.311328],[-160.839648,55.3354],[-160.789209,55.383105],[-160.723926,55.404639],[-160.695654,55.39834],[-160.672168,55.379395],[-160.666357,55.359424],[-160.684912,55.314795]]],[[[-162.298145,54.847021],[-162.321924,54.842383],[-162.390771,54.872998],[-162.415771,54.895898],[-162.433887,54.931543],[-162.293652,54.982861],[-162.2646,54.983496],[-162.238379,54.954736],[-162.23374,54.932031],[-162.272559,54.867188],[-162.298145,54.847021]]],[[[-162.554395,54.401367],[-162.641113,54.379541],[-162.733105,54.402295],[-162.811719,54.444385],[-162.820557,54.494531],[-162.64541,54.462061],[-162.607959,54.446631],[-162.554395,54.401367]]],[[[-159.872998,55.12876],[-159.933936,55.106836],[-159.953076,55.078955],[-159.999414,55.067187],[-160.038428,55.044482],[-160.16958,54.941699],[-160.227051,54.922705],[-160.163574,55.010449],[-160.153613,55.03833],[-160.152393,55.056885],[-160.17207,55.123047],[-160.13374,55.120166],[-160.102197,55.133887],[-160.03877,55.192529],[-159.981641,55.197754],[-159.920459,55.267529],[-159.887354,55.272998],[-159.871045,55.263574],[-159.898242,55.221289],[-159.839404,55.182373],[-159.854102,55.144678],[-159.872998,55.12876]]],[[[-165.841553,54.070654],[-165.879395,54.053027],[-165.909863,54.04917],[-165.93291,54.05918],[-166.036426,54.047168],[-166.056641,54.054346],[-166.102832,54.113965],[-166.105811,54.144824],[-166.087744,54.169141],[-166.04126,54.19126],[-165.966406,54.211035],[-165.892871,54.206982],[-165.764453,54.1521],[-165.704248,54.119922],[-165.692871,54.099902],[-165.737891,54.081104],[-165.841553,54.070654]]],[[[-165.561133,54.136719],[-165.604834,54.12915],[-165.615381,54.139551],[-165.620508,54.183545],[-165.65415,54.25332],[-165.590332,54.278662],[-165.550635,54.284521],[-165.533789,54.273877],[-165.487695,54.221875],[-165.441748,54.208008],[-165.407861,54.196826],[-165.467578,54.180908],[-165.561133,54.136719]]],[[[-160.918994,58.5771],[-160.992383,58.561035],[-161.070264,58.569141],[-161.131494,58.668213],[-161.08457,58.671289],[-160.98623,58.736426],[-160.768604,58.789209],[-160.715137,58.795215],[-160.918994,58.5771]]],[[[-172.742236,60.457373],[-172.526074,60.391748],[-172.3875,60.398486],[-172.277539,60.343652],[-172.23208,60.299121],[-172.397168,60.331104],[-172.635742,60.328857],[-172.958398,60.462793],[-173.074023,60.493213],[-173.047656,60.568311],[-172.923877,60.606836],[-172.860205,60.505664],[-172.742236,60.457373]]],[[[-170.160547,57.183936],[-170.264014,57.136768],[-170.358008,57.154199],[-170.385889,57.188574],[-170.386621,57.203027],[-170.116162,57.241797],[-170.160547,57.183936]]],[[[-169.691943,52.847363],[-169.708105,52.807129],[-169.722754,52.792334],[-169.877344,52.81377],[-169.980566,52.806006],[-169.991846,52.829834],[-169.982568,52.851025],[-169.820654,52.883398],[-169.754883,52.883643],[-169.710986,52.866748],[-169.691943,52.847363]]],[[[-170.733398,52.581494],[-170.797363,52.549756],[-170.816064,52.561523],[-170.827051,52.600732],[-170.791162,52.63125],[-170.68208,52.697559],[-170.608057,52.685059],[-170.584619,52.667578],[-170.586621,52.642432],[-170.614014,52.609619],[-170.649268,52.593115],[-170.692285,52.592969],[-170.733398,52.581494]]],[[[-172.464795,52.272266],[-172.539111,52.257471],[-172.619824,52.272852],[-172.582178,52.325635],[-172.543652,52.353809],[-172.47041,52.388037],[-172.383105,52.372949],[-172.313623,52.32959],[-172.464795,52.272266]]],[[[-169.755225,56.635059],[-169.623926,56.615137],[-169.550488,56.628125],[-169.485693,56.617725],[-169.474316,56.594043],[-169.586865,56.542432],[-169.632617,56.545703],[-169.766162,56.607959],[-169.755225,56.635059]]],[[[-176.286719,51.791992],[-176.349658,51.733301],[-176.396094,51.759863],[-176.413721,51.840576],[-176.378564,51.861133],[-176.280225,51.802832],[-176.286719,51.791992]]],[[[-176.021533,52.002441],[-176.045068,51.972998],[-176.142871,52.004297],[-176.177539,52.029834],[-176.184521,52.056055],[-176.155664,52.099414],[-176.077393,52.099951],[-176.031201,52.082324],[-175.988086,52.049463],[-175.975293,52.028955],[-176.021533,52.002441]]],[[[-177.148193,51.716748],[-177.177002,51.703711],[-177.229883,51.693555],[-177.382373,51.704834],[-177.474658,51.70127],[-177.577588,51.694189],[-177.654883,51.676562],[-177.670215,51.701074],[-177.667627,51.721191],[-177.334717,51.776221],[-177.257275,51.804932],[-177.209766,51.84126],[-177.166406,51.909424],[-177.131494,51.929785],[-177.110059,51.92876],[-177.063037,51.901904],[-177.079541,51.866553],[-177.121387,51.835791],[-177.135107,51.806934],[-177.148193,51.716748]]],[[[178.575488,51.91626],[178.511816,51.899121],[178.477734,51.942529],[178.475,51.967725],[178.509375,51.994678],[178.570605,51.977539],[178.607324,51.953027],[178.575488,51.91626]]],[[[179.451563,51.372607],[179.278125,51.372217],[178.925879,51.535059],[178.74707,51.586719],[178.647949,51.643896],[178.692188,51.655957],[178.908008,51.615576],[179.084277,51.527686],[179.181738,51.469922],[179.294336,51.42085],[179.415527,51.400879],[179.451563,51.372607]]],[[[173.722754,52.35957],[173.657813,52.356641],[173.616211,52.39126],[173.402344,52.404785],[173.424512,52.437646],[173.516504,52.451416],[173.657617,52.504102],[173.776074,52.495117],[173.744727,52.446631],[173.722754,52.35957]]],[[[-134.969775,57.351416],[-134.884863,57.241699],[-134.823193,57.156543],[-134.768506,57.054199],[-134.676855,56.842285],[-134.634082,56.762109],[-134.620703,56.718311],[-134.610547,56.603418],[-134.624316,56.578711],[-134.651709,56.556055],[-134.65708,56.523242],[-134.631689,56.435645],[-134.630029,56.302441],[-134.654004,56.22749],[-134.681885,56.216162],[-134.750293,56.240771],[-134.806445,56.28125],[-134.847998,56.323486],[-134.950146,56.456836],[-134.980566,56.518945],[-134.982422,56.563623],[-134.96665,56.596143],[-134.933203,56.616357],[-134.875098,56.670459],[-134.883447,56.679053],[-134.927588,56.666992],[-135.017822,56.660156],[-135.097168,56.702832],[-135.159033,56.725391],[-135.146582,56.802344],[-135.163135,56.824121],[-135.284814,56.800342],[-135.330615,56.821875],[-135.340625,56.850781],[-135.338379,56.893994],[-135.315137,56.931836],[-135.199609,57.027344],[-135.21123,57.044922],[-135.267383,57.048877],[-135.341357,57.081592],[-135.375293,57.188428],[-135.454932,57.249414],[-135.501953,57.243848],[-135.608936,57.071436],[-135.661865,57.03374],[-135.812305,57.009521],[-135.781641,57.05752],[-135.767725,57.100391],[-135.821143,57.23042],[-135.822754,57.28042],[-135.787109,57.317285],[-135.680908,57.332568],[-135.624512,57.354395],[-135.580566,57.38999],[-135.569629,57.424707],[-135.487305,57.516504],[-135.448682,57.534375],[-135.346289,57.533105],[-135.130664,57.431641],[-135.065234,57.416699],[-134.969775,57.351416]]],[[[-134.680273,58.16167],[-134.426123,58.138818],[-134.240088,58.143994],[-134.070166,57.994531],[-133.965527,57.873779],[-133.904102,57.789209],[-133.869287,57.70752],[-133.822754,57.628662],[-133.826904,57.617578],[-133.925,57.670801],[-133.995557,57.778467],[-134.031641,57.820605],[-134.067236,57.8396],[-134.104736,57.879346],[-134.177539,57.982178],[-134.180273,58.011133],[-134.212598,58.037939],[-134.249951,58.04917],[-134.292334,58.044727],[-134.306885,58.034375],[-134.300391,57.963428],[-134.26709,57.884521],[-134.083691,57.712256],[-133.961133,57.61416],[-133.937012,57.581592],[-133.92085,57.491992],[-133.97373,57.451367],[-133.908838,57.368701],[-133.911133,57.352539],[-133.925293,57.336768],[-134.100049,57.300098],[-134.260156,57.146777],[-134.435303,57.056982],[-134.516016,57.042578],[-134.554785,57.057568],[-134.591504,57.091992],[-134.613086,57.137939],[-134.619531,57.195508],[-134.575879,57.231738],[-134.489209,57.420166],[-134.486768,57.482031],[-134.594824,57.567822],[-134.659863,57.638086],[-134.695117,57.736035],[-134.754102,57.99502],[-134.781494,58.077832],[-134.820117,58.146875],[-134.869971,58.2021],[-134.907666,58.262793],[-134.933105,58.328955],[-134.923486,58.354639],[-134.836963,58.320166],[-134.733203,58.225],[-134.680273,58.16167]]],[[[-135.730371,58.244238],[-135.5875,58.146777],[-135.586279,58.124414],[-135.615381,58.057471],[-135.693115,58.038525],[-135.671143,58.011914],[-135.613232,57.991846],[-135.572021,58.008545],[-135.421191,58.102393],[-135.374707,58.122119],[-135.346631,58.124121],[-135.162842,58.09585],[-135.0021,58.051074],[-134.954688,58.015332],[-134.927979,57.952783],[-134.970654,57.817236],[-135.102588,57.793652],[-135.164746,57.796094],[-135.231201,57.81582],[-135.338477,57.768652],[-135.249561,57.732568],[-134.978857,57.724365],[-134.896631,57.647998],[-134.873096,57.589209],[-134.931494,57.481152],[-135.084863,57.511035],[-135.220215,57.573633],[-135.497852,57.662256],[-135.564209,57.666406],[-135.608545,57.650732],[-135.620654,57.596973],[-135.617822,57.480371],[-135.691943,57.419922],[-135.910791,57.446582],[-135.99668,57.534863],[-136.076611,57.674561],[-136.378223,57.83999],[-136.459912,57.873096],[-136.568604,57.972168],[-136.525098,58.050586],[-136.512305,58.095996],[-136.454395,58.108008],[-136.369531,58.143066],[-136.321973,58.218896],[-136.245703,58.157471],[-136.14375,58.098486],[-136.142334,58.153906],[-136.094385,58.198145],[-135.994385,58.196533],[-135.947412,58.205811],[-135.881738,58.247168],[-135.787061,58.268506],[-135.730371,58.244238]]],[[[-133.566113,56.339209],[-133.376611,56.317773],[-133.202979,56.319824],[-133.143701,56.278564],[-133.104492,56.235107],[-133.081738,56.194189],[-133.075439,56.155859],[-133.080127,56.128711],[-133.101221,56.099805],[-133.096631,56.090039],[-132.757568,55.99502],[-132.597607,55.89502],[-132.533789,55.84248],[-132.496973,55.798096],[-132.430176,55.687012],[-132.288867,55.558105],[-132.214746,55.518848],[-132.172705,55.480615],[-132.196338,55.47915],[-132.295898,55.507471],[-132.511279,55.593945],[-132.528857,55.590479],[-132.54834,55.543701],[-132.581738,55.502637],[-132.631299,55.473193],[-132.591602,55.464355],[-132.417871,55.48291],[-132.272021,55.398633],[-132.215283,55.383545],[-132.160254,55.322998],[-132.158398,55.299805],[-132.19043,55.25498],[-132.214893,55.236768],[-132.206689,55.224414],[-132.165967,55.218018],[-132.005078,55.230615],[-131.976416,55.208594],[-132.000391,55.033838],[-131.977588,54.969482],[-131.97793,54.940234],[-131.996582,54.901416],[-131.997217,54.868604],[-131.982715,54.834912],[-131.980859,54.804834],[-132.02168,54.726318],[-132.064746,54.713135],[-132.134326,54.712549],[-132.189258,54.734863],[-132.266309,54.802344],[-132.341309,54.907227],[-132.370215,54.922217],[-132.468652,54.937939],[-132.486475,54.950391],[-132.549365,54.952588],[-132.593848,54.995752],[-132.588477,55.052344],[-132.626953,55.110059],[-132.622168,55.135937],[-132.665332,55.146777],[-132.701758,55.130518],[-132.682861,55.073926],[-132.70415,55.030078],[-132.782324,55.048486],[-132.912598,55.188477],[-133.060596,55.300928],[-133.118555,55.327637],[-133.103027,55.360254],[-133.030029,55.377539],[-132.970801,55.376172],[-132.958887,55.395557],[-133.082471,55.504102],[-133.078418,55.534912],[-133.033398,55.589697],[-133.089648,55.612598],[-133.24375,55.59541],[-133.298242,55.606885],[-133.342822,55.65083],[-133.368994,55.688965],[-133.502734,55.695898],[-133.553271,55.691162],[-133.640479,55.748779],[-133.680176,55.785156],[-133.664404,55.803809],[-133.584082,55.836523],[-133.537158,55.831934],[-133.446973,55.797021],[-133.411719,55.79834],[-133.322119,55.844629],[-133.308496,55.886475],[-133.241504,55.920801],[-133.252148,55.95708],[-133.289209,56.018701],[-133.37124,56.035889],[-133.538623,55.999268],[-133.684229,55.942773],[-133.742529,55.964844],[-133.755176,55.999463],[-133.599219,56.093652],[-133.530859,56.145654],[-133.544092,56.176514],[-133.594434,56.216357],[-133.598633,56.31626],[-133.566113,56.339209]]],[[[-133.9896,56.844971],[-133.924805,56.775684],[-133.830859,56.781299],[-133.778125,56.728906],[-133.738379,56.650439],[-133.767285,56.600098],[-133.809033,56.611328],[-133.855273,56.582178],[-133.883594,56.485498],[-133.870459,56.388672],[-133.884619,56.292139],[-133.938525,56.193652],[-133.949707,56.127734],[-133.970801,56.10791],[-133.993994,56.101123],[-134.024023,56.118994],[-134.06748,56.133008],[-134.122412,56.077393],[-134.1896,56.076953],[-134.245068,56.203271],[-134.195459,56.413525],[-134.084375,56.456348],[-134.150488,56.513477],[-134.290234,56.580029],[-134.278369,56.61709],[-134.384424,56.724023],[-134.390625,56.749463],[-134.373682,56.838672],[-134.274414,56.918164],[-134.143262,56.932324],[-134.051807,56.898291],[-134.000586,56.869189],[-133.9896,56.844971]]],[[[-152.416943,58.360205],[-152.380762,58.3521],[-152.343018,58.411621],[-152.31626,58.413477],[-152.197949,58.363086],[-152.125244,58.374268],[-152.078516,58.312354],[-152.036621,58.306689],[-151.997754,58.314209],[-151.974365,58.309863],[-151.98252,58.244336],[-152.068896,58.17793],[-152.109082,58.161133],[-152.165479,58.178271],[-152.186523,58.184668],[-152.223584,58.214014],[-152.25166,58.251123],[-152.268359,58.251709],[-152.334375,58.208057],[-152.332666,58.186523],[-152.305225,58.154053],[-152.309229,58.133887],[-152.381152,58.124268],[-152.451611,58.129248],[-152.537646,58.100977],[-152.558203,58.118604],[-152.571338,58.168213],[-152.598242,58.162598],[-152.63877,58.101807],[-152.683057,58.06333],[-152.763867,58.031396],[-152.781543,58.015918],[-152.840723,58.013818],[-152.928418,57.993701],[-152.982568,57.99707],[-153.305469,58.063086],[-153.381348,58.087207],[-153.11582,58.238525],[-152.976123,58.297021],[-152.895361,58.293848],[-152.814551,58.275635],[-152.771875,58.278564],[-152.768701,58.345605],[-152.843945,58.395605],[-152.841113,58.416406],[-152.674658,58.450586],[-152.612305,58.445703],[-152.543555,58.428174],[-152.478467,58.399707],[-152.416943,58.360205]]],[[[-167.964355,53.345117],[-168.270703,53.238037],[-168.370117,53.159766],[-168.445996,53.084424],[-168.505615,53.043164],[-168.549023,53.036084],[-168.597412,53.016113],[-168.698535,52.963428],[-168.741016,52.956885],[-169.065918,52.833936],[-169.088916,52.832031],[-169.073096,52.86416],[-168.973877,52.909668],[-168.90918,52.951172],[-168.836084,53.019727],[-168.79585,53.044922],[-168.783008,53.079346],[-168.777783,53.148779],[-168.759619,53.175049],[-168.689844,53.227246],[-168.639014,53.255762],[-168.572168,53.265625],[-168.436621,53.256885],[-168.38042,53.283447],[-168.362988,53.303564],[-168.397266,53.321924],[-168.405322,53.353809],[-168.396436,53.408789],[-168.357227,53.457568],[-168.287695,53.500146],[-168.193066,53.533301],[-168.073291,53.556982],[-167.985693,53.558203],[-167.828076,53.507959],[-167.804688,53.484961],[-167.843115,53.43457],[-167.865137,53.387305],[-167.964355,53.345117]]],[[[-166.615332,53.900928],[-166.572168,53.853467],[-166.497461,53.883545],[-166.442773,53.924805],[-166.400049,53.978125],[-166.372314,53.998975],[-166.335645,53.970898],[-166.230859,53.932617],[-166.318994,53.873779],[-166.48877,53.785498],[-166.545605,53.726465],[-166.549219,53.700977],[-166.384717,53.720508],[-166.33877,53.717676],[-166.309473,53.69751],[-166.354541,53.673535],[-166.444189,53.651807],[-166.522021,53.609668],[-166.702197,53.53667],[-166.77041,53.476025],[-166.850977,53.452881],[-166.960742,53.447363],[-167.153662,53.407861],[-167.270801,53.370605],[-167.300439,53.350488],[-167.337256,53.340967],[-167.381299,53.341992],[-167.428809,53.325684],[-167.479834,53.291992],[-167.522461,53.276221],[-167.592187,53.272705],[-167.628613,53.259424],[-167.669434,53.259961],[-167.780859,53.300244],[-167.808789,53.323779],[-167.710107,53.370898],[-167.638721,53.386572],[-167.530176,53.393701],[-167.423535,53.437256],[-167.204102,53.494971],[-167.136084,53.526465],[-167.092334,53.635937],[-167.042432,53.65459],[-167.015723,53.698389],[-166.894141,53.697119],[-166.83833,53.648047],[-166.81875,53.641357],[-166.808984,53.646143],[-166.803662,53.6854],[-166.74126,53.712939],[-166.777246,53.733154],[-166.8896,53.758594],[-166.972949,53.770557],[-167.027246,53.769141],[-167.071484,53.783398],[-167.105615,53.813379],[-167.121143,53.843115],[-167.118164,53.872607],[-167.090479,53.905664],[-167.038086,53.942187],[-166.978076,53.962939],[-166.848682,53.977881],[-166.734033,54.002197],[-166.673291,54.005957],[-166.627393,53.995654],[-166.615332,53.900928]]],[[[-173.55332,52.136279],[-173.357227,52.095654],[-173.113281,52.100391],[-173.024316,52.090527],[-173.0229,52.07915],[-173.178857,52.0625],[-173.232227,52.067969],[-173.368408,52.045605],[-173.460986,52.041553],[-173.672559,52.062646],[-173.835791,52.048193],[-173.878955,52.053662],[-173.930225,52.072168],[-173.9896,52.103613],[-173.99248,52.12334],[-173.938916,52.131299],[-173.794092,52.104297],[-173.779004,52.118359],[-173.656836,52.14375],[-173.55332,52.136279]]],[[[-174.677393,52.03501],[-175.213867,51.993896],[-175.295557,52.022168],[-175.21416,52.038232],[-175.117676,52.047119],[-174.915918,52.094189],[-174.667773,52.134961],[-174.474268,52.184033],[-174.306152,52.216162],[-174.258838,52.269043],[-174.406494,52.295996],[-174.435547,52.317236],[-174.36543,52.341943],[-174.306885,52.37793],[-174.168896,52.420166],[-174.045605,52.367236],[-174.018359,52.331787],[-174.030078,52.289795],[-174.054883,52.245996],[-174.163232,52.223389],[-174.179395,52.200342],[-174.120654,52.135205],[-174.343555,52.077783],[-174.677393,52.03501]]],[[[-176.593311,51.866699],[-176.587939,51.833203],[-176.473389,51.837402],[-176.437451,51.820117],[-176.437354,51.754297],[-176.452344,51.735693],[-176.469775,51.731152],[-176.510986,51.745605],[-176.55752,51.712061],[-176.770947,51.629932],[-176.837109,51.675879],[-176.961621,51.603662],[-176.874414,51.790479],[-176.773633,51.81875],[-176.736426,51.839941],[-176.745117,51.894678],[-176.69834,51.986035],[-176.596826,51.981787],[-176.549902,51.944043],[-176.551611,51.91958],[-176.593311,51.866699]]],[[[-177.879053,51.649707],[-177.90127,51.616406],[-177.925342,51.617383],[-178.058887,51.672607],[-178.078467,51.69126],[-178.000049,51.71748],[-177.977246,51.737793],[-177.986377,51.764258],[-178.045117,51.801074],[-178.153467,51.848242],[-178.194531,51.882227],[-178.168262,51.903027],[-178.116602,51.915869],[-177.953809,51.918457],[-177.865869,51.8604],[-177.799609,51.840039],[-177.644482,51.82627],[-177.724951,51.80166],[-177.770654,51.777881],[-177.826953,51.685889],[-177.879053,51.649707]]],[[[179.727734,51.90542],[179.645215,51.880225],[179.549609,51.894043],[179.497656,51.932812],[179.503906,51.97959],[179.627148,52.03042],[179.77998,51.966846],[179.727734,51.90542]]],[[[177.41543,51.882812],[177.328516,51.841064],[177.260645,51.883691],[177.250293,51.90293],[177.380664,51.975781],[177.478418,51.991602],[177.520508,52.018213],[177.56377,52.110498],[177.636523,52.113818],[177.669629,52.103027],[177.653027,52.059766],[177.595996,51.993848],[177.594141,51.947559],[177.41543,51.882812]]],[[[172.811816,53.012988],[172.983984,52.980273],[173.102148,52.995605],[173.25166,52.942676],[173.436035,52.852051],[173.394727,52.834766],[173.348242,52.824854],[173.302539,52.825928],[173.158691,52.810791],[173.080273,52.814453],[172.935156,52.7521],[172.775586,52.796924],[172.721777,52.885547],[172.595117,52.907422],[172.494824,52.937891],[172.67793,53.007568],[172.811816,53.012988]]],[[[-155.581348,19.012012],[-155.625635,18.963916],[-155.680762,18.967676],[-155.881299,19.070508],[-155.905615,19.12583],[-155.890723,19.38252],[-155.96582,19.59082],[-156.048682,19.749951],[-155.988428,19.831592],[-155.908887,19.894727],[-155.820312,20.01416],[-155.892773,20.167383],[-155.874268,20.259814],[-155.831641,20.27583],[-155.62207,20.163428],[-155.198779,19.994385],[-155.086084,19.875635],[-155.065918,19.748193],[-154.989014,19.731982],[-154.952588,19.644629],[-154.841357,19.568164],[-154.804199,19.524463],[-154.850293,19.454102],[-155.053467,19.319189],[-155.309619,19.260156],[-155.535254,19.109082],[-155.581348,19.012012]]],[[[-157.213623,21.215381],[-157.002295,21.187939],[-156.952344,21.199707],[-156.917188,21.177295],[-156.742188,21.163525],[-156.712158,21.155078],[-156.7479,21.103564],[-156.859863,21.056348],[-157.020898,21.097803],[-157.290332,21.112598],[-157.279492,21.152344],[-157.253809,21.180566],[-157.249951,21.229785],[-157.213623,21.215381]]],[[[-156.486816,20.932568],[-156.46084,20.914746],[-156.354395,20.941455],[-156.277539,20.95127],[-156.14834,20.885498],[-156.103516,20.840332],[-156.018652,20.79209],[-155.989844,20.757129],[-156.013574,20.714795],[-156.107129,20.644775],[-156.234766,20.628613],[-156.309961,20.598779],[-156.408789,20.605176],[-156.438232,20.617871],[-156.448877,20.70625],[-156.480078,20.801221],[-156.543848,20.78999],[-156.61543,20.821826],[-156.689697,20.901416],[-156.697754,20.949072],[-156.656885,21.024512],[-156.5854,21.034326],[-156.532324,20.992676],[-156.486816,20.932568]]],[[[-157.799365,21.456641],[-157.76499,21.450928],[-157.720898,21.457715],[-157.705518,21.378076],[-157.65415,21.333936],[-157.6354,21.307617],[-157.690869,21.279736],[-157.798779,21.268604],[-157.849316,21.29082],[-157.901758,21.340576],[-157.958447,21.326904],[-157.968311,21.366895],[-157.978418,21.378516],[-158.017285,21.367725],[-157.980957,21.316113],[-158.07915,21.312256],[-158.110352,21.318604],[-158.137842,21.377148],[-158.239111,21.489355],[-158.238672,21.533057],[-158.273145,21.585254],[-158.123096,21.600244],[-158.020361,21.691797],[-157.9625,21.701367],[-157.851514,21.553369],[-157.854346,21.511914],[-157.82959,21.471436],[-157.799365,21.456641]]],[[[-159.372754,21.932373],[-159.460693,21.876123],[-159.511865,21.900391],[-159.608838,21.909521],[-159.646387,21.951758],[-159.747998,21.989844],[-159.78916,22.041797],[-159.726611,22.140186],[-159.579199,22.223145],[-159.352051,22.21958],[-159.304785,22.154053],[-159.300684,22.105273],[-159.330176,22.050684],[-159.34375,21.973633],[-159.372754,21.932373]]],[[[-160.180029,21.841064],[-160.200244,21.796875],[-160.234717,21.803662],[-160.243457,21.843066],[-160.220898,21.897266],[-160.163867,21.944043],[-160.100635,22.015234],[-160.04873,22.004639],[-160.076709,21.958105],[-160.080029,21.907422],[-160.153418,21.87876],[-160.180029,21.841064]]],[[[-156.849609,20.772656],[-156.908887,20.744482],[-156.973389,20.75752],[-156.988428,20.825684],[-157.050586,20.912451],[-156.941797,20.930029],[-156.880566,20.904834],[-156.848291,20.877783],[-156.809375,20.831152],[-156.849609,20.772656]]],[[[-74.708887,45.003857],[-74.663232,45.003906],[-74.430371,45.004199],[-74.014258,45.004687],[-73.598145,45.005176],[-73.182031,45.005615],[-72.765918,45.006104],[-72.349756,45.006592],[-71.933643,45.00708],[-71.517529,45.007568],[-71.419043,45.200342],[-71.327295,45.290088],[-71.201611,45.260352],[-71.134668,45.262842],[-71.060254,45.309131],[-70.999902,45.337256],[-70.960156,45.333105],[-70.926221,45.290723],[-70.897998,45.262451],[-70.865039,45.270703],[-70.836816,45.310693],[-70.837793,45.366162],[-70.79917,45.404785],[-70.75332,45.410693],[-70.710938,45.409473],[-70.689795,45.42832],[-70.692139,45.455371],[-70.707422,45.498926],[-70.702246,45.551367],[-70.596387,45.643994],[-70.466602,45.706836],[-70.421094,45.738232],[-70.407861,45.801904],[-70.333447,45.868066],[-70.29624,45.906104],[-70.287158,45.93916],[-70.306445,45.979834],[-70.304492,46.057373],[-70.278906,46.15],[-70.248291,46.250879],[-70.179688,46.341846],[-70.067187,46.441064],[-70.038232,46.571436],[-70.007715,46.708936],[-69.871729,46.84292],[-69.717529,46.994873],[-69.629785,47.081348],[-69.471484,47.238672],[-69.358887,47.350635],[-69.302148,47.402002],[-69.242871,47.462988],[-69.146289,47.444775],[-69.050195,47.426611],[-69.064258,47.338135],[-69.048584,47.273633],[-69.003125,47.236426],[-68.937207,47.21123],[-68.887402,47.202832],[-68.828711,47.20332],[-68.668555,47.253467],[-68.480371,47.285791],[-68.376904,47.316162],[-68.358008,47.344531],[-68.310889,47.354492],[-68.235498,47.345947],[-68.096777,47.274854],[-67.934863,47.167627],[-67.806787,47.082812],[-67.802832,46.935742],[-67.800342,46.779883],[-67.797705,46.615625],[-67.795801,46.498389],[-67.792529,46.337402],[-67.789941,46.209326],[-67.786475,46.042139],[-67.784668,45.952783],[-67.767041,45.927002],[-67.777637,45.891797],[-67.782275,45.87417],[-67.781152,45.860156],[-67.774121,45.842529],[-67.775293,45.817871],[-67.791699,45.795557],[-67.799902,45.769775],[-67.802246,45.727539],[-67.784668,45.701709],[-67.755322,45.686475],[-67.730664,45.686475],[-67.698975,45.671191],[-67.65791,45.644189],[-67.595752,45.620752],[-67.531201,45.612549],[-67.486621,45.618408],[-67.432666,45.603125],[-67.413867,45.565576],[-67.424414,45.53042],[-67.454932,45.513965],[-67.487793,45.501025],[-67.493652,45.474072],[-67.477246,45.445898],[-67.45376,45.42124],[-67.42793,45.37793],[-67.438525,45.340381],[-67.461963,45.308691],[-67.472559,45.275879],[-67.452588,45.247656],[-67.399805,45.210156],[-67.366943,45.173779],[-67.315283,45.153809],[-67.290674,45.16792],[-67.270703,45.186719],[-67.249609,45.200781],[-67.213232,45.192529],[-67.170996,45.181982],[-67.124854,45.169434],[-67.130371,45.139014],[-67.102246,45.087744],[-67.080469,44.98916],[-67.113916,44.944385],[-67.106738,44.885059],[-67.014014,44.867773],[-66.991455,44.849609],[-66.987012,44.827686],[-67.19126,44.675586],[-67.364062,44.696875],[-67.457812,44.656543],[-67.556006,44.644775],[-67.599072,44.576807],[-67.652979,44.562402],[-67.726807,44.566504],[-67.790479,44.585693],[-67.839062,44.57627],[-67.907031,44.453613],[-67.962695,44.464307],[-67.984863,44.420166],[-68.013965,44.400879],[-68.056641,44.384326],[-68.093701,44.438818],[-68.117285,44.490625],[-68.152051,44.502002],[-68.198242,44.515234],[-68.245752,44.514795],[-68.277441,44.507373],[-68.316748,44.473877],[-68.37373,44.445117],[-68.416846,44.469092],[-68.450586,44.507617],[-68.479443,44.445654],[-68.521436,44.380225],[-68.514453,44.303906],[-68.53252,44.258643],[-68.572363,44.27085],[-68.612012,44.310547],[-68.723291,44.342285],[-68.811914,44.339355],[-68.793896,44.381738],[-68.710107,44.442578],[-68.735889,44.454492],[-68.777002,44.446045],[-68.794922,44.454492],[-68.765527,44.509766],[-68.762695,44.570752],[-68.800195,44.549414],[-68.847363,44.485059],[-68.961475,44.433838],[-68.956152,44.348096],[-69.063574,44.172363],[-69.068359,44.097559],[-69.137256,44.037842],[-69.226074,43.986475],[-69.344531,44.000928],[-69.434961,43.956299],[-69.480859,43.905078],[-69.520752,43.897363],[-69.541553,43.962598],[-69.556689,43.982764],[-69.58999,43.886572],[-69.623926,43.880615],[-69.636768,43.948828],[-69.652881,43.993896],[-69.699121,43.955029],[-69.729834,43.852002],[-69.762012,43.860693],[-69.772266,43.899023],[-69.795312,43.910645],[-69.803223,43.866846],[-69.791602,43.805225],[-69.80835,43.772314],[-69.840332,43.789893],[-69.87251,43.819531],[-69.925586,43.797021],[-69.974316,43.787891],[-69.974512,43.818066],[-69.965234,43.855078],[-70.062354,43.834619],[-70.178809,43.766357],[-70.269238,43.671924],[-70.237891,43.656201],[-70.202588,43.626123],[-70.359668,43.480225],[-70.520703,43.348828],[-70.642334,43.134424],[-70.691162,43.109326],[-70.733105,43.07002],[-70.777637,42.940576],[-70.829053,42.825342],[-70.800293,42.774023],[-70.781348,42.72124],[-70.735693,42.669287],[-70.696875,42.6646],[-70.654834,42.673975],[-70.623975,42.671777],[-70.60415,42.649707],[-70.612939,42.623242],[-70.661426,42.61665],[-70.751855,42.570361],[-70.831152,42.552588],[-70.870898,42.496631],[-70.930469,42.431982],[-71.046191,42.331104],[-70.996729,42.3],[-70.817969,42.264941],[-70.738281,42.228857],[-70.617676,42.04043],[-70.645215,42.021582],[-70.656152,41.987061],[-70.548926,41.938623],[-70.514697,41.80332],[-70.42666,41.757275],[-70.295459,41.728955],[-70.13501,41.769873],[-70.001416,41.826172],[-70.006104,41.872314],[-70.090039,41.979687],[-70.110254,42.030127],[-70.172559,42.062793],[-70.19624,42.035107],[-70.236523,42.071045],[-70.241064,42.091211],[-70.203516,42.101025],[-70.159863,42.097119],[-70.108936,42.07832],[-69.977881,41.961279],[-69.941602,41.807861],[-69.933838,41.710449],[-69.948633,41.677148],[-69.986768,41.683984],[-70.059521,41.677344],[-70.404687,41.626904],[-70.481348,41.582471],[-70.657129,41.534229],[-70.668066,41.558301],[-70.655371,41.608105],[-70.666455,41.710107],[-70.701123,41.714844],[-70.974219,41.548535],[-71.079785,41.538086],[-71.168555,41.489404],[-71.188428,41.516406],[-71.204297,41.641113],[-71.14873,41.745703],[-71.17832,41.744043],[-71.271094,41.68125],[-71.310742,41.719873],[-71.330615,41.762256],[-71.35918,41.78623],[-71.390137,41.795312],[-71.363672,41.702734],[-71.426562,41.633301],[-71.443799,41.453711],[-71.522852,41.378955],[-71.769287,41.330908],[-71.929932,41.341064],[-72.073877,41.326123],[-72.265283,41.29165],[-72.371045,41.312158],[-72.479395,41.275781],[-72.847168,41.265869],[-72.924707,41.285156],[-73.02373,41.216455],[-73.182275,41.17583],[-73.583008,41.021875],[-73.671387,40.965869],[-73.779004,40.878418],[-73.85127,40.831396],[-73.910693,40.816113],[-73.947217,40.776953],[-73.987109,40.751367],[-73.948584,40.83877],[-73.906738,40.912451],[-73.871973,41.055176],[-73.882227,41.170605],[-73.925342,41.218066],[-73.969922,41.249707],[-73.917676,41.135791],[-73.909229,40.996094],[-73.927197,40.914258],[-74.025488,40.756396],[-74.067334,40.719629],[-74.11626,40.687305],[-74.153125,40.673242],[-74.187158,40.647998],[-74.226709,40.608008],[-74.264209,40.528613],[-74.241504,40.45625],[-74.049854,40.429834],[-73.998437,40.452148],[-73.972266,40.400342],[-73.957617,40.328369],[-73.971973,40.250537],[-74.004004,40.171338],[-74.02832,40.072998],[-74.048926,39.923047],[-74.079932,39.788135],[-74.083984,39.829102],[-74.0646,39.993115],[-74.095996,39.975977],[-74.117627,39.938135],[-74.176123,39.726611],[-74.256543,39.613867],[-74.330615,39.535889],[-74.407031,39.548779],[-74.389844,39.486816],[-74.41084,39.454541],[-74.428809,39.387207],[-74.474365,39.342578],[-74.517187,39.346875],[-74.578711,39.316113],[-74.602979,39.292578],[-74.604785,39.24751],[-74.645947,39.207861],[-74.794482,39.001904],[-74.923437,38.941113],[-74.954297,38.949951],[-74.920312,39.047168],[-74.897021,39.145459],[-74.975293,39.188232],[-75.050195,39.21084],[-75.136133,39.207861],[-75.231055,39.284277],[-75.353418,39.339844],[-75.524219,39.490186],[-75.519238,39.531885],[-75.523535,39.601855],[-75.471631,39.712402],[-75.421875,39.789697],[-75.353174,39.829736],[-75.153809,39.870508],[-75.103809,39.931836],[-75.07417,39.983496],[-75.172949,39.894775],[-75.320898,39.864697],[-75.400635,39.831592],[-75.464404,39.780957],[-75.502148,39.717383],[-75.587598,39.640771],[-75.581592,39.589453],[-75.567285,39.552979],[-75.573877,39.476953],[-75.519824,39.402832],[-75.412646,39.281396],[-75.392187,39.092773],[-75.3104,38.966553],[-75.185059,38.819385],[-75.088672,38.777539],[-75.083984,38.722803],[-75.128467,38.632422],[-75.187109,38.591113],[-75.11084,38.599365],[-75.072852,38.578711],[-75.035889,38.50332],[-75.03877,38.426367],[-75.05127,38.383008],[-75.074365,38.365723],[-75.073389,38.41001],[-75.089746,38.425391],[-75.116748,38.406201],[-75.134229,38.384326],[-75.141504,38.298145],[-75.16001,38.255078],[-75.225439,38.242285],[-75.291797,38.129199],[-75.353516,38.065039],[-75.596387,37.631201],[-75.587109,37.558691],[-75.631543,37.535352],[-75.698828,37.516357],[-75.766895,37.472998],[-75.812061,37.425195],[-75.854004,37.296631],[-75.934375,37.151904],[-75.984521,37.212207],[-75.997363,37.263818],[-75.975049,37.398438],[-75.888135,37.619141],[-75.792383,37.756348],[-75.719336,37.821387],[-75.659277,37.953955],[-75.735156,37.97373],[-75.85083,37.971582],[-75.829053,38.032764],[-75.795312,38.08667],[-75.855615,38.140381],[-75.891309,38.147217],[-75.928076,38.169238],[-75.884961,38.213965],[-75.863916,38.26123],[-75.876758,38.31875],[-75.858691,38.362061],[-75.888818,38.355518],[-75.937256,38.309668],[-75.967383,38.291357],[-75.985742,38.331934],[-76.006689,38.322754],[-76.020312,38.294873],[-76.051221,38.279541],[-76.116504,38.317676],[-76.21167,38.361328],[-76.264648,38.436426],[-76.294873,38.494629],[-76.26416,38.599951],[-76.198389,38.618652],[-76.112939,38.601562],[-76.000928,38.601709],[-76.016943,38.625098],[-76.056934,38.62124],[-76.175,38.706689],[-76.212988,38.758301],[-76.27832,38.772461],[-76.308105,38.722852],[-76.341162,38.709668],[-76.300342,38.818213],[-76.246973,38.822656],[-76.168164,38.852734],[-76.191064,38.915576],[-76.24082,38.943066],[-76.330664,38.908594],[-76.32959,38.952783],[-76.312744,39.009375],[-76.24502,39.00918],[-76.185693,38.990723],[-76.135205,39.082129],[-76.132959,39.122949],[-76.216846,39.063623],[-76.235693,39.191602],[-76.153125,39.315039],[-76.074365,39.368848],[-75.975977,39.367285],[-75.875977,39.375977],[-75.938721,39.398584],[-76.003125,39.41084],[-75.954736,39.459619],[-75.913477,39.468359],[-75.872949,39.510889],[-75.97041,39.50459],[-75.958936,39.585059],[-76.006299,39.568701],[-76.062988,39.561133],[-76.085059,39.527002],[-76.080713,39.470312],[-76.097266,39.433105],[-76.141357,39.403223],[-76.21582,39.379932],[-76.223047,39.420312],[-76.247656,39.438623],[-76.256836,39.352148],[-76.276367,39.322754],[-76.330811,39.403906],[-76.347168,39.387549],[-76.345068,39.364502],[-76.358984,39.324658],[-76.405664,39.303906],[-76.402783,39.252832],[-76.420898,39.225],[-76.57041,39.269336],[-76.573926,39.254297],[-76.489355,39.158691],[-76.427588,39.126025],[-76.420068,39.073877],[-76.473096,39.030615],[-76.54624,39.067969],[-76.558545,39.065234],[-76.518799,39.001172],[-76.49375,38.945215],[-76.519531,38.89834],[-76.515527,38.840625],[-76.521094,38.788281],[-76.536865,38.742627],[-76.501318,38.532178],[-76.458496,38.474951],[-76.416406,38.420215],[-76.394092,38.368994],[-76.43877,38.361523],[-76.509912,38.403662],[-76.572412,38.435791],[-76.646875,38.538525],[-76.65918,38.579541],[-76.677344,38.611963],[-76.668555,38.5375],[-76.641992,38.454346],[-76.408789,38.268262],[-76.365723,38.196875],[-76.33291,38.140771],[-76.341162,38.087012],[-76.401953,38.125049],[-76.454395,38.173535],[-76.593604,38.22832],[-76.769141,38.262939],[-76.868115,38.390283],[-76.867773,38.337158],[-76.889746,38.29209],[-76.950244,38.347021],[-76.988379,38.393896],[-77.001172,38.445264],[-77.076709,38.441748],[-77.155908,38.397119],[-77.23252,38.407715],[-77.241602,38.494824],[-77.220898,38.540967],[-77.134912,38.650098],[-77.053906,38.705811],[-77.018164,38.777734],[-77.030371,38.889258],[-77.045605,38.775781],[-77.091895,38.719531],[-77.164648,38.676562],[-77.2604,38.6],[-77.283789,38.529199],[-77.313672,38.396631],[-77.273242,38.351758],[-77.231934,38.340039],[-77.109912,38.370117],[-77.046777,38.356689],[-76.906348,38.19707],[-76.644873,38.133936],[-76.549512,38.094482],[-76.471777,38.011182],[-76.354932,37.963232],[-76.264258,37.893555],[-76.261816,37.848096],[-76.293213,37.794336],[-76.305615,37.721582],[-76.344141,37.675684],[-76.436621,37.67041],[-76.49248,37.682227],[-76.792773,37.937988],[-76.828613,37.961523],[-76.93999,38.095459],[-77.070654,38.167187],[-77.111084,38.165674],[-76.925098,38.033008],[-76.84917,37.940234],[-76.71543,37.810156],[-76.619824,37.755078],[-76.549463,37.669141],[-76.484082,37.628857],[-76.305566,37.571484],[-76.367627,37.530273],[-76.268555,37.495166],[-76.254395,37.430615],[-76.263477,37.357031],[-76.400977,37.386133],[-76.405469,37.331934],[-76.393164,37.299951],[-76.453906,37.273535],[-76.538379,37.309375],[-76.757715,37.50542],[-76.755859,37.479199],[-76.738086,37.448779],[-76.610889,37.322559],[-76.497363,37.246875],[-76.401123,37.212695],[-76.326953,37.149268],[-76.300781,37.110889],[-76.283301,37.052686],[-76.338281,37.013135],[-76.400879,36.991309],[-76.462012,37.030762],[-76.506836,37.072314],[-76.602295,37.142871],[-76.630908,37.221729],[-76.703516,37.217676],[-77.006982,37.317676],[-77.250879,37.329199],[-77.227051,37.309082],[-77.196191,37.295703],[-77.001953,37.271045],[-76.925195,37.225],[-76.76543,37.184131],[-76.671875,37.172949],[-76.633936,37.047412],[-76.504639,36.961035],[-76.487842,36.897021],[-76.399561,36.889844],[-76.244238,36.952637],[-76.143994,36.930615],[-75.999414,36.912646],[-75.966357,36.861963],[-75.941553,36.765527],[-75.89043,36.657031],[-75.757861,36.229248],[-75.558691,35.879346],[-75.53418,35.819092],[-75.580469,35.871973],[-75.728223,36.103711],[-75.809766,36.271045],[-75.893555,36.566504],[-75.917871,36.632666],[-75.946484,36.659082],[-75.965332,36.637598],[-75.973437,36.599951],[-75.959766,36.571045],[-75.992773,36.473779],[-75.978467,36.42915],[-75.924854,36.383008],[-75.866602,36.267871],[-75.820068,36.112842],[-75.883008,36.175684],[-75.950195,36.208984],[-76.054736,36.234521],[-76.147852,36.279297],[-76.141064,36.215088],[-76.15,36.145752],[-76.221777,36.166895],[-76.270605,36.189893],[-76.227393,36.116016],[-76.321191,36.138184],[-76.383691,36.133545],[-76.424316,36.067969],[-76.478809,36.028174],[-76.559375,36.015332],[-76.678906,36.075293],[-76.717627,36.148096],[-76.733643,36.22915],[-76.740039,36.133301],[-76.71875,36.033496],[-76.726221,35.957617],[-76.611133,35.943652],[-76.503516,35.956055],[-76.358301,35.952881],[-76.263574,35.96709],[-76.206543,35.991211],[-76.069775,35.970312],[-76.060059,35.878662],[-76.075684,35.787549],[-76.083594,35.690527],[-76.045703,35.691162],[-76.001172,35.722168],[-75.978906,35.895947],[-75.853906,35.960156],[-75.812012,35.955762],[-75.772217,35.899902],[-75.758838,35.843262],[-75.744727,35.765479],[-75.773926,35.646973],[-75.965967,35.508398],[-76.103516,35.380273],[-76.173828,35.35415],[-76.275244,35.369043],[-76.390234,35.40127],[-76.446631,35.407764],[-76.489502,35.397021],[-76.515625,35.436475],[-76.532471,35.508447],[-76.577197,35.532324],[-76.611035,35.529687],[-76.634131,35.453223],[-76.741406,35.431494],[-76.887256,35.463086],[-77.03999,35.527393],[-76.974463,35.458398],[-76.595459,35.329687],[-76.552783,35.305615],[-76.512939,35.27041],[-76.565967,35.215186],[-76.60752,35.152979],[-76.613379,35.10415],[-76.628027,35.07334],[-76.77915,34.990332],[-76.861035,35.00498],[-77.070264,35.154639],[-76.974951,35.025195],[-76.898633,34.970264],[-76.744971,34.940967],[-76.456738,34.989355],[-76.362207,34.936523],[-76.439795,34.84292],[-76.516895,34.777246],[-76.618018,34.769922],[-76.70708,34.752148],[-76.733203,34.706982],[-76.79668,34.70415],[-76.895898,34.701465],[-77.049512,34.697363],[-77.133887,34.70791],[-77.251758,34.615625],[-77.29624,34.60293],[-77.358398,34.620264],[-77.384473,34.694385],[-77.412256,34.730811],[-77.412939,34.592139],[-77.402051,34.554785],[-77.379785,34.526611],[-77.517676,34.451367],[-77.649658,34.35752],[-77.696973,34.331982],[-77.750732,34.284961],[-77.86084,34.14917],[-77.888037,34.050146],[-77.927832,33.939746],[-77.932861,33.989453],[-77.926025,34.073145],[-77.953271,34.168994],[-77.970557,33.993408],[-78.01333,33.911816],[-78.405859,33.917578],[-78.577686,33.873242],[-78.841455,33.724072],[-78.920312,33.658691],[-79.138184,33.405908],[-79.193799,33.244141],[-79.238379,33.312158],[-79.227344,33.363184],[-79.226465,33.404883],[-79.281348,33.31543],[-79.229248,33.185156],[-79.276025,33.1354],[-79.419922,33.042529],[-79.498682,33.027295],[-79.587109,33.000879],[-79.614941,32.909277],[-79.73501,32.824805],[-79.80498,32.787402],[-79.933105,32.810059],[-79.893652,32.728711],[-79.940723,32.667139],[-80.021777,32.619922],[-80.122559,32.589111],[-80.180322,32.592871],[-80.229687,32.576514],[-80.268359,32.537354],[-80.362842,32.500732],[-80.460986,32.521338],[-80.572217,32.533691],[-80.63418,32.511719],[-80.530029,32.475391],[-80.474268,32.422754],[-80.485742,32.351807],[-80.513623,32.324414],[-80.579346,32.287305],[-80.608203,32.292822],[-80.62583,32.32627],[-80.647217,32.395947],[-80.677783,32.381104],[-80.683057,32.348633],[-80.709326,32.337061],[-80.802539,32.448047],[-80.7979,32.363379],[-80.765332,32.29834],[-80.733838,32.265332],[-80.702051,32.245898],[-80.694238,32.215723],[-80.758008,32.142187],[-80.79082,32.12583],[-80.849219,32.113916],[-80.88208,32.068604],[-80.872363,32.02959],[-80.923437,31.944922],[-81.045557,31.892041],[-81.082861,31.894092],[-81.113281,31.878613],[-81.095508,31.840918],[-81.065039,31.813477],[-81.066113,31.787988],[-81.098389,31.753369],[-81.162109,31.743701],[-81.1979,31.704199],[-81.186572,31.666943],[-81.165527,31.646143],[-81.169922,31.610303],[-81.242383,31.574316],[-81.259375,31.538916],[-81.223389,31.528467],[-81.195703,31.538916],[-81.175439,31.531299],[-81.218896,31.472119],[-81.25791,31.436035],[-81.294971,31.371191],[-81.380957,31.353271],[-81.377734,31.332324],[-81.32915,31.31377],[-81.288477,31.263916],[-81.364893,31.171875],[-81.412598,31.179443],[-81.441748,31.199707],[-81.460352,31.127051],[-81.453223,31.088281],[-81.471387,31.009033],[-81.500586,30.91377],[-81.52041,30.874658],[-81.516211,30.801807],[-81.503955,30.731445],[-81.457178,30.640771],[-81.385742,30.269971],[-81.337109,30.141211],[-81.249512,29.793799],[-81.104541,29.456982],[-80.9,29.049854],[-80.564307,28.556396],[-80.524121,28.486084],[-80.567822,28.426465],[-80.581152,28.364697],[-80.584961,28.271582],[-80.572852,28.180859],[-80.533154,28.070068],[-80.456885,27.900684],[-80.499561,27.934473],[-80.61001,28.177588],[-80.622852,28.320361],[-80.606934,28.5229],[-80.632861,28.518018],[-80.653906,28.452197],[-80.665479,28.374902],[-80.693506,28.344971],[-80.731738,28.462891],[-80.729053,28.516211],[-80.688477,28.578516],[-80.700244,28.600928],[-80.765918,28.632812],[-80.779883,28.682959],[-80.770996,28.732471],[-80.808691,28.758936],[-80.838184,28.757666],[-80.818408,28.635596],[-80.787207,28.560645],[-80.748633,28.381006],[-80.686377,28.272168],[-80.650098,28.180908],[-80.226123,27.207031],[-80.125781,27.083008],[-80.088672,26.993945],[-80.050049,26.807715],[-80.041309,26.568604],[-80.110596,26.131592],[-80.126367,25.833496],[-80.136279,25.842627],[-80.14292,25.874023],[-80.158936,25.87832],[-80.219092,25.741748],[-80.30083,25.618555],[-80.327734,25.4271],[-80.366943,25.33125],[-80.484668,25.229834],[-80.557617,25.232422],[-80.736523,25.156348],[-80.862207,25.176172],[-81.011963,25.133252],[-81.110498,25.138037],[-81.167383,25.228516],[-81.158691,25.268994],[-81.136035,25.309668],[-81.097656,25.319141],[-80.965381,25.224316],[-80.94043,25.264209],[-80.980371,25.31167],[-81.056836,25.338135],[-81.11333,25.367236],[-81.227148,25.583398],[-81.345068,25.731836],[-81.364941,25.831055],[-81.568262,25.891553],[-81.715479,25.983154],[-81.811475,26.146094],[-81.866553,26.43501],[-81.931494,26.46748],[-81.958936,26.489941],[-81.895508,26.597168],[-81.828662,26.687061],[-81.881543,26.664697],[-81.920557,26.631445],[-81.970166,26.552051],[-82.006396,26.539844],[-82.0396,26.552051],[-82.077881,26.704346],[-82.066943,26.891553],[-82.013281,26.961572],[-82.095703,26.963428],[-82.181104,26.936768],[-82.168604,26.874365],[-82.180664,26.840088],[-82.242871,26.848877],[-82.290039,26.870801],[-82.354053,26.935742],[-82.441357,27.059668],[-82.620459,27.401074],[-82.655371,27.449219],[-82.7146,27.499609],[-82.686719,27.515283],[-82.63584,27.524561],[-82.52085,27.678271],[-82.430518,27.771143],[-82.400537,27.8354],[-82.405762,27.862891],[-82.445703,27.902832],[-82.498145,27.86792],[-82.520605,27.877881],[-82.57959,27.958447],[-82.635937,27.981201],[-82.675195,27.96377],[-82.633789,27.897754],[-82.596582,27.873242],[-82.610986,27.777246],[-82.626025,27.745996],[-82.660889,27.718408],[-82.715332,27.733105],[-82.742871,27.709375],[-82.775293,27.734375],[-82.807568,27.776562],[-82.843506,27.845996],[-82.748535,28.236816],[-82.660645,28.48584],[-82.650586,28.769922],[-82.644043,28.812012],[-82.651465,28.8875],[-82.769336,29.051562],[-83.290479,29.451904],[-83.694385,29.925977],[-84.044238,30.103809],[-84.309668,30.064746],[-84.355615,30.029004],[-84.375342,29.982275],[-84.358691,29.929395],[-84.382812,29.907373],[-84.454053,29.910156],[-84.55,29.897852],[-84.800537,29.773047],[-84.888916,29.777637],[-84.969189,29.745312],[-85.029297,29.721094],[-85.186035,29.70791],[-85.318945,29.680225],[-85.376367,29.695215],[-85.413818,29.767578],[-85.413818,29.84248],[-85.383447,29.785059],[-85.336426,29.740137],[-85.314893,29.758105],[-85.306836,29.797852],[-85.353613,29.875732],[-85.504297,29.975781],[-85.675781,30.121924],[-85.623486,30.11709],[-85.610254,30.148389],[-85.663428,30.189453],[-85.640967,30.236914],[-85.603516,30.286768],[-85.675879,30.279297],[-85.74082,30.244385],[-85.742969,30.20127],[-85.755811,30.166992],[-85.790771,30.171973],[-85.855664,30.214404],[-86.175146,30.33252],[-86.454443,30.399121],[-86.240088,30.429102],[-86.123828,30.405811],[-86.137695,30.441553],[-86.165674,30.464258],[-86.257373,30.493018],[-86.37417,30.48208],[-86.447949,30.495605],[-86.523389,30.46709],[-86.606055,30.424707],[-86.679639,30.402881],[-86.967627,30.372363],[-87.201172,30.339258],[-87.163721,30.374219],[-87.123779,30.39668],[-86.985791,30.430859],[-86.965137,30.501904],[-86.997559,30.570312],[-87.033887,30.553906],[-87.072021,30.500439],[-87.118799,30.538965],[-87.170605,30.53877],[-87.184668,30.453711],[-87.251074,30.39668],[-87.281055,30.339258],[-87.475781,30.294287],[-87.500732,30.309277],[-87.44375,30.363818],[-87.448291,30.394141],[-87.513281,30.368115],[-87.622266,30.264746],[-88.005957,30.230908],[-87.98501,30.254395],[-87.904004,30.259082],[-87.790283,30.291797],[-87.813281,30.346875],[-87.857129,30.407422],[-87.897607,30.41416],[-87.924316,30.449658],[-87.922998,30.561523],[-87.948877,30.626904],[-88.011328,30.694189],[-88.032422,30.68125],[-88.078369,30.566211],[-88.116553,30.415332],[-88.135449,30.366602],[-88.249219,30.363184],[-88.349902,30.373486],[-88.69209,30.355371],[-88.819922,30.406494],[-88.872949,30.416309],[-88.905225,30.415137],[-89.054053,30.368262],[-89.223633,30.332373],[-89.263574,30.343652],[-89.320557,30.345312],[-89.443506,30.223145],[-89.588477,30.165967],[-89.954248,30.26875],[-90.045215,30.351416],[-90.125977,30.369092],[-90.225293,30.379297],[-90.331982,30.277588],[-90.413037,30.140332],[-90.284961,30.065088],[-90.175342,30.029102],[-89.994189,30.059277],[-89.894043,30.125879],[-89.812256,30.123682],[-89.773145,30.137207],[-89.737451,30.171973],[-89.667529,30.144531],[-89.665039,30.117041],[-89.714697,30.07832],[-89.777246,30.045703],[-89.815186,30.007275],[-89.743799,29.929834],[-89.631689,29.903809],[-89.589502,29.915039],[-89.563379,30.0021],[-89.494434,30.058154],[-89.400732,30.046045],[-89.414062,30.010889],[-89.400928,29.977686],[-89.357861,29.920996],[-89.362793,29.839795],[-89.354443,29.820215],[-89.45542,29.784375],[-89.530664,29.772217],[-89.590869,29.725293],[-89.559326,29.698047],[-89.620654,29.674121],[-89.662109,29.683691],[-89.682959,29.674854],[-89.689209,29.646045],[-89.720898,29.619287],[-89.674805,29.538672],[-89.580322,29.486035],[-89.513672,29.420068],[-89.245703,29.333203],[-89.180762,29.335693],[-89.116846,29.248242],[-89.065332,29.218164],[-89.015723,29.202881],[-89.021387,29.142725],[-89.109521,29.098682],[-89.13335,29.046143],[-89.155518,29.016602],[-89.195264,29.054004],[-89.236084,29.081104],[-89.330566,28.998682],[-89.376123,28.981348],[-89.353516,29.070215],[-89.389209,29.105029],[-89.443164,29.194141],[-89.521777,29.249268],[-89.577148,29.267529],[-89.620264,29.302393],[-89.672461,29.316504],[-89.716992,29.312891],[-89.792383,29.333203],[-89.797363,29.380615],[-89.818262,29.416113],[-89.877246,29.458008],[-90.159082,29.537158],[-90.160791,29.504395],[-90.14126,29.479736],[-90.100781,29.46333],[-90.052344,29.431396],[-90.052783,29.336816],[-90.07373,29.296777],[-90.082715,29.239746],[-90.101367,29.181787],[-90.13584,29.136084],[-90.212793,29.104932],[-90.246729,29.131006],[-90.301611,29.255811],[-90.379199,29.295117],[-90.50249,29.299756],[-90.58623,29.271533],[-90.67749,29.150635],[-90.751025,29.130859],[-91.002734,29.193506],[-91.290137,29.288965],[-91.282715,29.320752],[-91.2375,29.330957],[-91.150781,29.31792],[-91.155371,29.350684],[-91.243994,29.457324],[-91.260254,29.505469],[-91.248828,29.564209],[-91.277734,29.562891],[-91.330957,29.513574],[-91.514209,29.555371],[-91.564795,29.605322],[-91.672461,29.746094],[-91.824414,29.750684],[-91.893164,29.836035],[-92.017334,29.800293],[-92.080225,29.760742],[-92.135498,29.699463],[-92.113965,29.667676],[-92.058887,29.617188],[-92.084033,29.592822],[-92.26084,29.556836],[-92.671289,29.59707],[-92.791309,29.634668],[-92.952393,29.71416],[-93.175684,29.778955],[-93.283203,29.789404],[-93.388477,29.776562],[-93.694824,29.769922],[-93.765918,29.752686],[-93.826465,29.725146],[-93.865723,29.755615],[-93.883887,29.81001],[-93.84834,29.818848],[-93.808789,29.85083],[-93.773096,29.914062],[-93.769043,29.952295],[-93.793994,29.977246],[-93.841455,29.979736],[-93.946289,29.81499],[-93.886377,29.722656],[-93.890479,29.689355],[-94.099658,29.67041],[-94.574463,29.484521],[-94.759619,29.384277],[-94.750146,29.418018],[-94.52627,29.547949],[-94.605322,29.567822],[-94.732617,29.535352],[-94.778271,29.547852],[-94.724365,29.655273],[-94.741943,29.75],[-94.832324,29.752588],[-94.889893,29.676953],[-94.929883,29.680176],[-94.982275,29.712598],[-95.022852,29.702344],[-94.992822,29.530957],[-94.935889,29.460449],[-94.888281,29.370557],[-95.018311,29.259473],[-95.139062,29.167822],[-95.152148,29.079248],[-95.273486,28.963867],[-95.387646,28.898438],[-95.655859,28.744629],[-95.732373,28.711719],[-95.853418,28.640332],[-96.02041,28.586816],[-96.180518,28.501855],[-96.234521,28.488965],[-96.132275,28.560889],[-96.011035,28.631934],[-96.115039,28.622217],[-96.275342,28.655127],[-96.373437,28.657031],[-96.374121,28.631104],[-96.44873,28.594482],[-96.526025,28.648291],[-96.559717,28.684473],[-96.575684,28.715723],[-96.608496,28.723291],[-96.640039,28.708789],[-96.524658,28.488721],[-96.475488,28.479199],[-96.421094,28.457324],[-96.488818,28.406055],[-96.561719,28.367139],[-96.676367,28.341309],[-96.773535,28.421631],[-96.79458,28.32085],[-96.806885,28.220215],[-96.839502,28.194385],[-96.891602,28.157568],[-96.919873,28.185352],[-96.933301,28.224268],[-96.96665,28.189551],[-97.015479,28.163477],[-97.096045,28.158252],[-97.156494,28.144336],[-97.155078,28.102637],[-97.14126,28.060742],[-97.034326,28.093848],[-97.073096,27.986084],[-97.171436,27.87959],[-97.251562,27.854443],[-97.374121,27.87002],[-97.404395,27.859326],[-97.431494,27.837207],[-97.288721,27.670605],[-97.380469,27.419336],[-97.439111,27.328271],[-97.479785,27.316602],[-97.523877,27.313965],[-97.682129,27.394922],[-97.768457,27.45752],[-97.692383,27.287158],[-97.485107,27.237402],[-97.474512,27.172949],[-97.475684,27.117871],[-97.516504,27.053223],[-97.554688,26.967334],[-97.526514,26.90752],[-97.493799,26.759619],[-97.46582,26.691748],[-97.435059,26.48584],[-97.402344,26.396533],[-97.213916,26.067871],[-97.150391,26.065332],[-97.140186,26.029736],[-97.14624,25.961475],[-97.281787,25.941602],[-97.338672,25.911182],[-97.349756,25.884766],[-97.358154,25.870508],[-97.375635,25.871826],[-97.440283,25.89082],[-97.587256,25.98418],[-97.801416,26.042041],[-98.082812,26.064453],[-98.275049,26.111182],[-98.378125,26.182373],[-98.485889,26.224561],[-98.598291,26.237842],[-98.691406,26.276465],[-98.765234,26.34043],[-98.873193,26.38125],[-99.015283,26.398975],[-99.107764,26.446924],[-99.17207,26.56416],[-99.172363,26.565918],[-99.229932,26.761914],[-99.302441,26.884717],[-99.443555,27.03667],[-99.456494,27.056641],[-99.456543,27.056689],[-99.457715,27.081689],[-99.440234,27.170117],[-99.455127,27.233691],[-99.499805,27.285498],[-99.510059,27.340332],[-99.48584,27.398047],[-99.484277,27.467383],[-99.505322,27.54834],[-99.595312,27.635889],[-99.754248,27.729932],[-99.889648,27.867285],[-100.001416,28.047852],[-100.111963,28.172949],[-100.221289,28.242627],[-100.296045,28.327686],[-100.336279,28.428125],[-100.348145,28.486426],[-100.331738,28.502539],[-100.398926,28.614209],[-100.549707,28.821338],[-100.636328,28.972803],[-100.658643,29.068555],[-100.75459,29.18252],[-100.924121,29.314697],[-101.016309,29.400684],[-101.038623,29.460303],[-101.038965,29.4604],[-101.303516,29.634082],[-101.380371,29.742578],[-101.440381,29.776855],[-101.509277,29.773145],[-101.544629,29.783545],[-101.546387,29.808057],[-101.568701,29.809229],[-101.611621,29.786963],[-101.752344,29.782471],[-101.990918,29.795703],[-102.163086,29.825244],[-102.268945,29.871191],[-102.343066,29.86499],[-102.385645,29.806641],[-102.47627,29.769092],[-102.614941,29.752344],[-102.73418,29.643945],[-102.833984,29.443945],[-102.877832,29.315332],[-102.865674,29.258008],[-102.891992,29.216406],[-102.956836,29.190381],[-103.022852,29.132227],[-103.08999,29.041895],[-103.168311,28.998193],[-103.257715,29.001123],[-103.422949,29.070703],[-103.663965,29.206885],[-103.85293,29.291064],[-103.989746,29.323145],[-104.110596,29.386133],[-104.215527,29.479883],[-104.312207,29.542432],[-104.400635,29.57373],[-104.504004,29.677686],[-104.622217,29.854297],[-104.681348,29.990527],[-104.681348,30.134375],[-104.835889,30.447656],[-104.917871,30.58335],[-104.978809,30.645947],[-105.098145,30.720557],[-105.27583,30.807275],[-105.514014,30.980762],[-105.812695,31.241016],[-106.024072,31.397754],[-106.148047,31.450928],[-106.255713,31.544678],[-106.346973,31.679004],[-106.436035,31.764453],[-106.44541,31.768408],[-106.453223,31.770166],[-106.673047,31.771338],[-106.892871,31.772461],[-107.112695,31.773633],[-107.33252,31.774756],[-107.552344,31.775879],[-107.772217,31.777051],[-107.992041,31.778174],[-108.211816,31.779346],[-108.2125,31.666846],[-108.213184,31.554395],[-108.213818,31.441895],[-108.214453,31.329443],[-108.567871,31.328809],[-108.921338,31.328125],[-109.274756,31.327441],[-109.628223,31.326807],[-109.981641,31.326172],[-110.335107,31.325537],[-110.688525,31.324854],[-111.041992,31.324219],[-111.516211,31.472266],[-111.990479,31.620215],[-112.464746,31.768262],[-112.938965,31.91626],[-113.413184,32.064307],[-113.887451,32.212305],[-114.361719,32.360303],[-114.835938,32.508301],[-114.787988,32.564795],[-114.724756,32.715332],[-114.839062,32.704736],[-115.125195,32.683301],[-115.411377,32.661865],[-115.69751,32.640479],[-115.983691,32.619043],[-116.269824,32.597607],[-116.555957,32.576221],[-116.84209,32.554785],[-117.128271,32.53335],[-117.130469,32.539746],[-117.137402,32.64917],[-117.18374,32.687891],[-117.243457,32.664014],[-117.270703,32.80625],[-117.255762,32.873389],[-117.262988,32.938867],[-117.318848,33.100049],[-117.467432,33.295508],[-117.788525,33.538477],[-117.9521,33.619629],[-118.080518,33.722168],[-118.161914,33.750684],[-118.264404,33.758594],[-118.294189,33.712305],[-118.410449,33.743945],[-118.392969,33.858301],[-118.506201,34.017383],[-118.598828,34.03501],[-118.832031,34.024463],[-119.14375,34.112012],[-119.23584,34.164111],[-119.267676,34.257422],[-119.413672,34.338574],[-119.606055,34.418018],[-119.713184,34.399658],[-119.85332,34.411963],[-120.052979,34.469287],[-120.169531,34.476465],[-120.396484,34.45957],[-120.481201,34.471631],[-120.559814,34.543896],[-120.644678,34.57998],[-120.626709,34.668945],[-120.637598,34.749365],[-120.624902,34.811963],[-120.663037,34.949268],[-120.633594,35.076465],[-120.659082,35.122412],[-120.707031,35.157666],[-120.857373,35.209668],[-120.884863,35.274951],[-120.860303,35.36543],[-120.899609,35.425098],[-121.022852,35.480762],[-121.137939,35.607129],[-121.283838,35.676318],[-121.343848,35.792236],[-121.43374,35.863867],[-121.46499,35.927393],[-121.664355,36.154053],[-121.877393,36.331055],[-121.910156,36.43291],[-121.918652,36.572363],[-121.835156,36.657471],[-121.78999,36.732275],[-121.794531,36.800977],[-121.807422,36.851221],[-121.880664,36.938916],[-122.164209,36.990967],[-122.394922,37.20752],[-122.408447,37.373145],[-122.499219,37.542627],[-122.500439,37.652783],[-122.514209,37.771973],[-122.445605,37.797998],[-122.384082,37.788525],[-122.390283,37.741064],[-122.369727,37.655859],[-122.297607,37.591846],[-122.228662,37.563916],[-122.166016,37.50166],[-122.119043,37.482812],[-122.070508,37.478271],[-122.096533,37.518213],[-122.124121,37.543799],[-122.158057,37.626465],[-122.222217,37.732031],[-122.295996,37.790332],[-122.333447,37.896582],[-122.365479,37.921191],[-122.385449,37.960596],[-122.314258,38.007324],[-122.217041,38.040625],[-122.086719,38.049609],[-121.716846,38.034082],[-121.638086,38.061279],[-121.572998,38.052393],[-121.525342,38.055908],[-121.625732,38.083936],[-121.682227,38.074805],[-121.748633,38.080469],[-121.880762,38.075],[-121.93418,38.086816],[-121.993115,38.120117],[-122.031494,38.123535],[-122.15376,38.065527],[-122.208301,38.072559],[-122.337109,38.135889],[-122.393359,38.144824],[-122.483887,38.108838],[-122.494922,37.953564],[-122.466895,37.838184],[-122.521338,37.826416],[-122.58418,37.874072],[-122.680713,37.902344],[-122.7604,37.945654],[-122.872949,38.026074],[-122.931982,38.055469],[-122.998779,37.988623],[-123.001465,38.019287],[-122.968164,38.097021],[-122.977588,38.227344],[-122.876807,38.12334],[-122.908154,38.196582],[-122.986523,38.2771],[-123.046191,38.305078],[-123.121143,38.449268],[-123.289746,38.53584],[-123.424805,38.675635],[-123.701123,38.907275],[-123.719531,39.110986],[-123.820312,39.368408],[-123.777783,39.514941],[-123.783496,39.618701],[-123.83291,39.775488],[-123.884473,39.860791],[-124.108496,40.094531],[-124.324023,40.251953],[-124.356543,40.371094],[-124.37168,40.491211],[-124.324512,40.598096],[-124.283691,40.710547],[-124.253906,40.740283],[-124.242334,40.727881],[-124.250586,40.703906],[-124.22002,40.696484],[-124.208447,40.746094],[-124.190234,40.771729],[-124.22251,40.775049],[-124.219189,40.790723],[-124.199902,40.82207],[-124.133105,40.969775],[-124.140039,41.155908],[-124.068506,41.38418],[-124.071924,41.459521],[-124.117676,41.621729],[-124.163232,41.718994],[-124.244629,41.787939],[-124.20874,41.888574],[-124.21167,41.984619],[-124.355273,42.1229],[-124.41001,42.304346],[-124.420508,42.381006],[-124.406152,42.583691],[-124.443799,42.670215],[-124.539648,42.812891],[-124.498584,42.936865],[-124.454443,43.012354],[-124.346582,43.34165],[-124.320605,43.368213],[-124.275488,43.367383],[-124.196924,43.42334],[-124.233154,43.436377],[-124.287988,43.409717],[-124.239209,43.540039],[-124.184375,43.651562],[-124.14873,43.691748],[-124.130664,44.055664],[-124.09917,44.333789],[-124.047461,44.425488],[-124.06543,44.520068],[-124.044531,44.648242],[-124.05918,44.777734],[-123.948584,45.40083],[-123.963086,45.476074],[-123.929346,45.576953],[-123.96123,45.842969],[-123.947119,46.140576],[-123.975244,46.17832],[-123.989307,46.219385],[-123.962939,46.225439],[-123.91167,46.182178],[-123.673633,46.182617],[-123.521631,46.222656],[-123.466357,46.209424],[-123.402295,46.15498],[-123.321582,46.143994],[-123.220605,46.153613],[-123.251318,46.167285],[-123.298682,46.17085],[-123.404736,46.220996],[-123.464844,46.271094],[-123.650342,46.267725],[-123.688379,46.299854],[-123.895703,46.267773],[-123.959766,46.300732],[-124.072754,46.279443],[-124.045117,46.3729],[-124.050195,46.490527],[-124.044336,46.605078],[-124.016406,46.521387],[-123.946143,46.432568],[-123.912402,46.53335],[-123.88916,46.66001],[-123.957715,46.708691],[-124.07168,46.744775],[-124.112549,46.862695],[-123.842871,46.963184],[-123.986035,46.984473],[-124.042236,47.029687],[-124.111719,47.035205],[-124.116797,47.000342],[-124.139258,46.954687],[-124.163574,47.015332],[-124.170508,47.08667],[-124.198828,47.208545],[-124.309277,47.40459],[-124.376025,47.658643],[-124.460059,47.784229],[-124.621094,47.90415],[-124.663086,47.974121],[-124.70166,48.15166],[-124.67998,48.285889],[-124.709961,48.380371],[-124.632617,48.375049],[-124.429053,48.300781],[-124.175488,48.242432],[-124.098779,48.2],[-123.975781,48.168457],[-123.294434,48.119531],[-123.249902,48.124219],[-123.161865,48.154541],[-123.124414,48.150928],[-123.024219,48.081592],[-122.973877,48.073291],[-122.908887,48.076904],[-122.860889,48.090039],[-122.778613,48.137598],[-122.767529,48.12002],[-122.769092,48.075977],[-122.739746,48.013232],[-122.679492,47.931787],[-122.656641,47.881152],[-122.778418,47.738428],[-122.801758,47.735352],[-122.805371,47.783643],[-122.821387,47.793164],[-123.050635,47.551953],[-123.131055,47.437744],[-123.139062,47.386084],[-123.136328,47.355811],[-123.104199,47.348389],[-123.030908,47.360205],[-122.922168,47.407666],[-122.916895,47.417969],[-123.018213,47.401074],[-123.066797,47.399658],[-123.060156,47.453662],[-123.048633,47.479346],[-122.982471,47.559375],[-122.912891,47.607373],[-122.814063,47.658545],[-122.757129,47.700537],[-122.717871,47.762109],[-122.608154,47.835498],[-122.587891,47.855957],[-122.592676,47.916406],[-122.585742,47.927881],[-122.532813,47.919727],[-122.510791,47.815723],[-122.523926,47.769336],[-122.618408,47.712793],[-122.630176,47.692822],[-122.613623,47.615625],[-122.628271,47.608154],[-122.664307,47.617236],[-122.675488,47.612354],[-122.58584,47.528418],[-122.557422,47.463184],[-122.553564,47.404932],[-122.577881,47.293164],[-122.603906,47.274609],[-122.648633,47.281445],[-122.707715,47.316406],[-122.720898,47.305127],[-122.767773,47.218359],[-122.783301,47.225977],[-122.812549,47.328955],[-122.828467,47.336572],[-122.919531,47.289648],[-122.956201,47.24458],[-122.987646,47.172559],[-123.027588,47.138916],[-122.91416,47.131494],[-122.811963,47.145996],[-122.729883,47.111816],[-122.701953,47.110889],[-122.627051,47.144238],[-122.60415,47.166992],[-122.542187,47.275586],[-122.511084,47.29502],[-122.464844,47.295801],[-122.420117,47.312109],[-122.353809,47.371582],[-122.351123,47.395215],[-122.375244,47.528369],[-122.368359,47.603906],[-122.380762,47.627832],[-122.410498,47.652637],[-122.406787,47.676758],[-122.383643,47.716455],[-122.381982,47.752344],[-122.401807,47.784277],[-122.392871,47.820557],[-122.330322,47.898633],[-122.318457,47.933057],[-122.241992,48.010742],[-122.261279,48.042041],[-122.31748,48.080176],[-122.352979,48.113818],[-122.388672,48.166357],[-122.41582,48.183936],[-122.424707,48.175928],[-122.386621,48.089941],[-122.394775,48.084131],[-122.494043,48.130469],[-122.516992,48.159668],[-122.52915,48.199316],[-122.520312,48.229102],[-122.467041,48.258496],[-122.403369,48.269189],[-122.408545,48.293896],[-122.488428,48.374316],[-122.54165,48.410937],[-122.582568,48.428662],[-122.637793,48.433301],[-122.6625,48.446387],[-122.668994,48.465234],[-122.657275,48.48999],[-122.627979,48.4979],[-122.542676,48.487988],[-122.496777,48.505566],[-122.501074,48.5375],[-122.514795,48.555176],[-122.512744,48.669434],[-122.545117,48.762305],[-122.562012,48.777979],[-122.580176,48.77959],[-122.599414,48.76709],[-122.653027,48.763867],[-122.685937,48.794287],[-122.722461,48.853027],[-122.78877,48.993018],[-122.686377,48.993018],[-122.26001,48.993018],[-121.833594,48.993018],[-121.407227,48.993018],[-120.980859,48.993018],[-120.554492,48.993018],[-120.128076,48.993018],[-119.701709,48.993018],[-119.275342,48.993066],[-118.848926,48.993066],[-118.422559,48.993066],[-117.996191,48.993066],[-117.569775,48.993066],[-117.143408,48.993066],[-116.717041,48.993066],[-116.290625,48.993066],[-115.864258,48.993066],[-115.437891,48.993066],[-115.011523,48.993066],[-114.585107,48.993066],[-114.15874,48.993066],[-113.732373,48.993066],[-113.305957,48.993066],[-112.87959,48.993066],[-112.453223,48.993066],[-112.026807,48.993066],[-111.600439,48.993066],[-111.174072,48.993066],[-110.747656,48.993066],[-110.321289,48.993066],[-109.894922,48.993066],[-109.468555,48.993066],[-109.042139,48.993115],[-108.615771,48.993115],[-108.189404,48.993115],[-107.762988,48.993115],[-107.336621,48.993115],[-106.910254,48.993115],[-106.483838,48.993115],[-106.057471,48.993115],[-105.631104,48.993115],[-105.204687,48.993115],[-104.77832,48.993115],[-104.351953,48.993115],[-103.925586,48.993115],[-103.49917,48.993115],[-103.072803,48.993115],[-102.646436,48.993115],[-102.22002,48.993115],[-101.793652,48.993115],[-101.367285,48.993115],[-100.940869,48.993115],[-100.514502,48.993115],[-100.088135,48.993115],[-99.661719,48.993115],[-99.235352,48.993115],[-98.808984,48.993164],[-98.382617,48.993164],[-97.956201,48.993164],[-97.529834,48.993164],[-97.103467,48.993164],[-96.677051,48.993164],[-96.250684,48.993164],[-95.824316,48.993164],[-95.3979,48.993164],[-95.162061,48.991748],[-95.158252,49.203076],[-95.155273,49.369678],[-94.939355,49.349414],[-94.874805,49.319043],[-94.854346,49.30459],[-94.8604,49.258594],[-94.842578,49.119189],[-94.803467,49.00293],[-94.712793,48.863428],[-94.712549,48.862988],[-94.705078,48.808496],[-94.675342,48.774414],[-94.620898,48.742627],[-94.41416,48.704102],[-94.055176,48.659033],[-93.851611,48.607275],[-93.803564,48.548926],[-93.707715,48.525439],[-93.564258,48.536914],[-93.463623,48.561279],[-93.377881,48.616553],[-93.257959,48.628857],[-93.155225,48.625342],[-93.051709,48.619873],[-92.99624,48.611816],[-92.836719,48.567773],[-92.732666,48.531836],[-92.583252,48.465088],[-92.500586,48.435352],[-92.460889,48.365869],[-92.4146,48.276611],[-92.348437,48.276611],[-92.298682,48.328906],[-92.171777,48.338379],[-92.005176,48.301855],[-91.858398,48.197559],[-91.647314,48.10459],[-91.518311,48.058301],[-91.387207,48.058545],[-91.220654,48.10459],[-91.043457,48.193701],[-90.916064,48.209131],[-90.840332,48.200537],[-90.797314,48.131055],[-90.744385,48.10459],[-90.60708,48.112598],[-90.320117,48.09917],[-90.091797,48.118115],[-90.039941,48.078174],[-89.993652,48.015332],[-89.901025,47.995459],[-89.775391,48.015332],[-89.550586,47.999902],[-89.455664,47.99624],[-89.273193,48.019971],[-89.185645,48.047412],[-89.062598,48.093799],[-88.898682,48.155713],[-88.611768,48.264014],[-88.378174,48.303076],[-88.160645,48.225391],[-87.987451,48.156885],[-87.920508,48.130371],[-87.743896,48.060547],[-87.494238,47.961768],[-87.208008,47.848486],[-86.921826,47.735205],[-86.672168,47.636426],[-86.495557,47.566602],[-86.428564,47.540088],[-86.234473,47.460059],[-86.040381,47.380029],[-85.846338,47.3],[-85.652246,47.219971],[-85.458203,47.139941],[-85.264111,47.059961],[-85.070068,46.979932],[-84.875977,46.899902],[-84.827051,46.766846],[-84.779395,46.637305],[-84.665771,46.543262],[-84.561768,46.457373],[-84.501562,46.461865],[-84.440479,46.498145],[-84.401709,46.515625],[-84.336719,46.518506],[-84.192187,46.549561],[-84.149463,46.542773],[-84.125195,46.527246],[-84.123193,46.50293],[-84.128125,46.483594],[-84.150488,46.444775],[-84.115186,46.370801],[-84.107764,46.288623],[-84.088379,46.226514],[-84.029199,46.147021],[-83.977783,46.084912],[-83.913037,46.0729],[-83.763184,46.109082],[-83.669287,46.122754],[-83.615967,46.116846],[-83.524756,46.058691],[-83.480127,46.02373],[-83.469482,45.994678],[-83.592676,45.817139],[-83.397314,45.729053],[-83.179297,45.632764],[-82.919336,45.517969],[-82.7604,45.447705],[-82.551074,45.347363],[-82.515234,45.204395],[-82.485059,45.08374],[-82.446582,44.915527],[-82.407373,44.743945],[-82.368262,44.572998],[-82.326807,44.391553],[-82.28125,44.192236],[-82.240771,44.015332],[-82.196582,43.822217],[-82.137842,43.570898],[-82.190381,43.474072],[-82.304785,43.263232],[-82.408203,43.072656],[-82.417236,43.017383],[-82.48833,42.739502],[-82.545312,42.624707],[-82.645117,42.558057],[-82.744189,42.493457],[-82.867773,42.385205],[-83.003711,42.331738],[-83.073145,42.300293],[-83.109521,42.250684],[-83.149658,42.141943],[-83.141943,41.975879],[-83.02998,41.832959],[-82.866211,41.753027],[-82.690039,41.675195],[-82.439062,41.674854],[-82.21333,41.778711],[-81.97417,41.888721],[-81.760937,41.986816],[-81.507324,42.103467],[-81.277637,42.20918],[-81.028223,42.247168],[-80.682617,42.299756],[-80.247559,42.366016],[-80.035742,42.441455],[-79.762012,42.538965],[-79.44624,42.651465],[-79.17373,42.748535],[-79.036719,42.802344],[-78.939258,42.863721],[-78.915088,42.909131],[-78.92085,42.935205],[-78.945996,42.961328],[-78.980762,42.980615],[-79.01167,42.997021],[-79.026172,43.017334],[-79.029053,43.061768],[-79.047998,43.087305],[-79.066064,43.106104],[-79.059229,43.278076],[-79.083057,43.331396],[-79.171875,43.466553],[-79.00249,43.527148],[-78.845557,43.58335],[-78.72041,43.624951],[-78.458252,43.631494],[-78.214795,43.630664],[-77.879248,43.629541],[-77.596533,43.628613],[-77.266699,43.62749],[-77.07334,43.626855],[-76.819971,43.628809],[-76.696484,43.784814],[-76.586133,43.924316],[-76.4646,44.057617],[-76.248535,44.214111],[-76.185791,44.242236],[-76.151172,44.303955],[-76.020215,44.362598],[-75.875928,44.416992],[-75.819336,44.468018],[-75.791943,44.49707],[-75.40127,44.772266],[-75.179395,44.899365],[-74.996143,44.970117],[-74.856641,45.003906],[-74.762451,44.999072],[-74.708887,45.003857]]],[[[-72.509766,40.986035],[-72.580859,40.921338],[-72.516602,40.914795],[-72.461328,40.933789],[-72.408984,40.972168],[-72.287451,41.024072],[-72.183887,41.046777],[-72.15127,41.051465],[-72.101904,41.015039],[-72.003955,41.044287],[-71.903223,41.060693],[-72.338965,40.894141],[-72.428076,40.875391],[-72.555566,40.825781],[-72.676074,40.790625],[-72.762842,40.777832],[-73.194287,40.654199],[-73.228516,40.651514],[-73.265527,40.663574],[-73.620898,40.599902],[-73.766748,40.592725],[-73.899561,40.570508],[-73.801318,40.621777],[-73.79917,40.640967],[-73.822656,40.655957],[-73.875195,40.651611],[-73.929004,40.598828],[-74.014893,40.581201],[-74.032031,40.638672],[-74.003369,40.683154],[-73.964551,40.725342],[-73.879248,40.79165],[-73.757227,40.833691],[-73.695215,40.87002],[-73.652246,40.838037],[-73.642822,40.88125],[-73.609766,40.906201],[-73.573828,40.919629],[-73.487402,40.919971],[-73.440869,40.926758],[-73.407227,40.941113],[-73.372705,40.943799],[-73.278174,40.924219],[-73.18584,40.929834],[-73.111279,40.956885],[-73.033789,40.965967],[-72.828809,40.97207],[-72.625098,40.991846],[-72.543652,41.027002],[-72.372559,41.125537],[-72.274121,41.153027],[-72.427393,41.038525],[-72.509766,40.986035]]],[[[-68.187256,44.332471],[-68.245459,44.312988],[-68.309277,44.321484],[-68.307959,44.268701],[-68.315088,44.249707],[-68.385791,44.276855],[-68.411719,44.294336],[-68.409473,44.364258],[-68.347021,44.430371],[-68.299414,44.456494],[-68.238037,44.438379],[-68.190918,44.364355],[-68.187256,44.332471]]],[[[-74.188135,40.522852],[-74.235889,40.518701],[-74.188184,40.6146],[-74.100488,40.658447],[-74.06875,40.649316],[-74.067383,40.61543],[-74.079687,40.586475],[-74.138525,40.541846],[-74.188135,40.522852]]],[[[-70.509912,41.376318],[-70.785303,41.327441],[-70.829199,41.358984],[-70.760498,41.373584],[-70.67373,41.448535],[-70.616016,41.457227],[-70.525342,41.414795],[-70.509912,41.376318]]],[[[-71.241406,41.491943],[-71.290918,41.4646],[-71.34624,41.469385],[-71.318164,41.506299],[-71.307471,41.560498],[-71.280176,41.62002],[-71.264453,41.638232],[-71.232031,41.654297],[-71.241406,41.491943]]],[[[-69.97793,41.265576],[-70.055078,41.249463],[-70.233057,41.286328],[-70.086621,41.317578],[-70.062695,41.328467],[-70.043604,41.374414],[-70.041211,41.397461],[-69.985596,41.298633],[-69.97793,41.265576]]],[[[-75.635693,35.855908],[-75.650781,35.835596],[-75.717187,35.946143],[-75.648877,35.9104],[-75.63667,35.880664],[-75.635693,35.855908]]],[[[-75.544141,35.240088],[-75.678271,35.212842],[-75.690088,35.221582],[-75.536377,35.278613],[-75.487891,35.479492],[-75.48125,35.572119],[-75.504297,35.7354],[-75.503516,35.769141],[-75.478516,35.716504],[-75.456445,35.56416],[-75.464746,35.448633],[-75.509326,35.280322],[-75.544141,35.240088]]],[[[-75.781934,35.190186],[-75.963672,35.118848],[-75.98418,35.123096],[-75.864941,35.174121],[-75.781934,35.190186]]],[[[-76.503662,34.642969],[-76.528564,34.631494],[-76.437012,34.756348],[-76.256201,34.914697],[-76.207373,34.938916],[-76.357715,34.803662],[-76.503662,34.642969]]],[[[-82.037207,26.453613],[-82.072852,26.427539],[-82.144971,26.44668],[-82.184375,26.480957],[-82.201367,26.548047],[-82.138574,26.477002],[-82.116064,26.460938],[-82.037207,26.453613]]],[[[-82.083789,26.552344],[-82.085205,26.493604],[-82.135596,26.591992],[-82.169141,26.700732],[-82.121143,26.665527],[-82.083789,26.552344]]],[[[-80.381836,25.142285],[-80.580566,24.954248],[-80.558545,25.001318],[-80.481055,25.101953],[-80.456006,25.149316],[-80.403662,25.179346],[-80.354932,25.233643],[-80.35127,25.296973],[-80.280469,25.34126],[-80.25708,25.347607],[-80.381836,25.142285]]],[[[-91.793701,29.500732],[-91.830859,29.486475],[-91.99624,29.573096],[-92.006641,29.610303],[-91.925049,29.643945],[-91.875244,29.640967],[-91.796484,29.596973],[-91.767676,29.584717],[-91.754297,29.566895],[-91.761914,29.539014],[-91.793701,29.500732]]],[[[-97.014355,27.901611],[-97.036035,27.89917],[-96.987646,27.981055],[-96.978662,28.013867],[-96.899316,28.11748],[-96.857422,28.13291],[-96.839746,28.088818],[-96.921338,28.016016],[-97.014355,27.901611]]],[[[-96.764404,28.152588],[-96.801123,28.148438],[-96.755615,28.202441],[-96.681641,28.229687],[-96.519336,28.333447],[-96.453125,28.340576],[-96.418652,28.376318],[-96.403564,28.381592],[-96.41333,28.337793],[-96.543896,28.275586],[-96.764404,28.152588]]],[[[-97.353613,27.300049],[-97.384814,27.242529],[-97.376221,27.328271],[-97.29502,27.523096],[-97.130029,27.77915],[-97.060547,27.822021],[-97.250879,27.541211],[-97.353613,27.300049]]],[[[-95.039697,29.145898],[-95.089648,29.136328],[-94.87168,29.290137],[-94.825977,29.341309],[-94.767627,29.339062],[-94.864941,29.252881],[-95.039697,29.145898]]],[[[-97.170703,26.159375],[-97.184521,26.112939],[-97.267334,26.329785],[-97.4021,26.820508],[-97.407178,27.100195],[-97.385986,27.196484],[-97.351221,26.801465],[-97.202246,26.299805],[-97.170703,26.159375]]],[[[-120.306592,34.024854],[-120.359717,34.022266],[-120.441553,34.03291],[-120.412939,34.056299],[-120.367725,34.073291],[-120.35332,34.060596],[-120.306592,34.024854]]],[[[-119.438037,33.217187],[-119.48252,33.215332],[-119.543652,33.224609],[-119.575195,33.27832],[-119.525146,33.282031],[-119.478809,33.274609],[-119.442041,33.232422],[-119.438037,33.217187]]],[[[-118.350391,32.827588],[-118.408594,32.818506],[-118.473193,32.838916],[-118.528906,32.935596],[-118.590186,33.011182],[-118.55708,33.032666],[-118.507471,32.959912],[-118.383203,32.849463],[-118.350391,32.827588]]],[[[-120.043555,33.918848],[-120.113916,33.904883],[-120.167139,33.918066],[-120.251904,34.013867],[-120.071826,34.026514],[-119.994385,33.984912],[-119.983936,33.97334],[-120.043555,33.918848]]],[[[-119.882373,34.079687],[-119.678857,34.028467],[-119.569141,34.052979],[-119.549268,34.028174],[-119.562207,34.006592],[-119.80957,33.967773],[-119.885498,33.994922],[-119.892432,34.032178],[-119.918066,34.067822],[-119.882373,34.079687]]],[[[-118.347949,33.385742],[-118.297461,33.312109],[-118.370215,33.32124],[-118.446289,33.31709],[-118.469336,33.357129],[-118.492041,33.412793],[-118.507324,33.427002],[-118.559424,33.431982],[-118.56333,33.437061],[-118.569434,33.46416],[-118.554834,33.4771],[-118.391699,33.415088],[-118.347949,33.385742]]],[[[-122.782129,48.672705],[-122.768848,48.650977],[-122.808984,48.629834],[-122.837598,48.626562],[-122.883105,48.660645],[-122.903027,48.664697],[-122.887012,48.612305],[-122.892529,48.594482],[-122.985645,48.626709],[-123.002832,48.652197],[-122.97666,48.67915],[-122.918018,48.706982],[-122.897705,48.710352],[-122.782129,48.672705]]],[[[-123.013135,48.500879],[-122.986768,48.468018],[-123.094434,48.489062],[-123.139941,48.507959],[-123.153418,48.526318],[-123.16958,48.586719],[-123.162158,48.606396],[-123.11416,48.613281],[-123.02417,48.538477],[-123.013135,48.500879]]],[[[-122.572754,48.156641],[-122.523828,48.025439],[-122.502832,48.080078],[-122.366748,47.985449],[-122.366602,47.938818],[-122.383154,47.923193],[-122.411426,47.917725],[-122.437598,47.931348],[-122.461621,47.964014],[-122.492285,47.981299],[-122.55752,47.99248],[-122.591357,48.029639],[-122.603174,48.055029],[-122.606299,48.128564],[-122.622656,48.151416],[-122.657275,48.156494],[-122.690381,48.173877],[-122.741504,48.225293],[-122.74873,48.239014],[-122.724512,48.280908],[-122.668994,48.351025],[-122.628613,48.384229],[-122.603516,48.380615],[-122.572461,48.35957],[-122.535547,48.321191],[-122.542432,48.293994],[-122.692139,48.241064],[-122.697021,48.228662],[-122.624414,48.21377],[-122.597607,48.200439],[-122.572754,48.156641]]],[[[-71.365332,41.485254],[-71.393066,41.466748],[-71.403418,41.515039],[-71.383984,41.570557],[-71.364307,41.571826],[-71.354492,41.542285],[-71.365332,41.485254]]],[[[-74.133203,39.680762],[-74.250488,39.529395],[-74.253174,39.558496],[-74.106738,39.746436],[-74.133203,39.680762]]],[[[-75.333057,37.888281],[-75.378516,37.87207],[-75.225977,38.072314],[-75.137402,38.240088],[-75.0979,38.298096],[-75.13623,38.180518],[-75.203223,38.072412],[-75.333057,37.888281]]],[[[-76.54624,34.654883],[-76.568506,34.652539],[-76.607812,34.663574],[-76.661963,34.684668],[-76.673926,34.700146],[-76.622266,34.694531],[-76.54624,34.654883]]],[[[-81.334814,24.650488],[-81.364795,24.629932],[-81.379053,24.636279],[-81.379053,24.66626],[-81.42168,24.732617],[-81.420068,24.75],[-81.322314,24.685059],[-81.319824,24.667627],[-81.334814,24.650488]]],[[[-80.829395,24.803662],[-80.84834,24.803662],[-80.838867,24.817871],[-80.799414,24.846289],[-80.785205,24.835254],[-80.786768,24.821045],[-80.829395,24.803662]]],[[[-80.638281,24.903174],[-80.665137,24.898438],[-80.625684,24.941113],[-80.6146,24.937939],[-80.638281,24.903174]]],[[[-81.044189,24.716797],[-81.08999,24.693115],[-81.137354,24.710498],[-81.085254,24.73418],[-80.930469,24.759473],[-80.988916,24.727881],[-81.044189,24.716797]]],[[[-81.418994,30.971436],[-81.463477,30.727783],[-81.482715,30.814062],[-81.484619,30.897852],[-81.450928,30.947412],[-81.418994,30.971436]]],[[[-81.566699,24.599902],[-81.631494,24.590039],[-81.579248,24.629395],[-81.562305,24.68916],[-81.531641,24.64248],[-81.532227,24.61416],[-81.566699,24.599902]]],[[[-80.186768,27.278418],[-80.170508,27.204785],[-80.262451,27.375586],[-80.376074,27.643408],[-80.436914,27.850537],[-80.395752,27.794531],[-80.355518,27.678613],[-80.186768,27.278418]]],[[[-81.783838,24.54458],[-81.809229,24.542334],[-81.811426,24.557812],[-81.767676,24.576709],[-81.738672,24.575439],[-81.739746,24.554492],[-81.783838,24.54458]]],[[[-88.889307,29.712598],[-88.943604,29.660254],[-88.941113,29.680225],[-88.901172,29.732617],[-88.872656,29.752979],[-88.889307,29.712598]]],[[[-88.558105,30.215918],[-88.570654,30.204785],[-88.659229,30.225586],[-88.713086,30.244922],[-88.722852,30.264258],[-88.573975,30.22915],[-88.558105,30.215918]]],[[[-88.071338,30.252344],[-88.159326,30.230908],[-88.289746,30.23291],[-88.31626,30.24043],[-88.263916,30.254736],[-88.109375,30.27373],[-88.071338,30.252344]]],[[[-89.223975,30.084082],[-89.220459,30.037598],[-89.269434,30.060742],[-89.341992,30.062842],[-89.310059,30.078711],[-89.287646,30.094189],[-89.276465,30.11084],[-89.184668,30.168652],[-89.210693,30.126221],[-89.223975,30.084082]]],[[[-88.827441,29.807715],[-88.855664,29.775879],[-88.827979,29.928369],[-88.866895,30.056738],[-88.825879,30.000391],[-88.812598,29.93335],[-88.827441,29.807715]]],[[[-84.90791,29.642627],[-85.008252,29.606641],[-85.116748,29.632812],[-85.049316,29.637793],[-85.000537,29.627197],[-84.877002,29.678662],[-84.812207,29.717627],[-84.737158,29.732422],[-84.90791,29.642627]]],[[[-122.853076,47.204736],[-122.862598,47.185059],[-122.876758,47.186133],[-122.907959,47.226123],[-122.911914,47.254346],[-122.885107,47.274707],[-122.84917,47.216309],[-122.853076,47.204736]]],[[[-122.394141,47.395264],[-122.39873,47.37251],[-122.437109,47.354785],[-122.456982,47.359326],[-122.458203,47.386133],[-122.468555,47.390234],[-122.509912,47.358008],[-122.506836,47.42168],[-122.486475,47.48877],[-122.468604,47.48999],[-122.44209,47.446143],[-122.394141,47.395264]]],[[[-122.497266,47.59458],[-122.502637,47.575439],[-122.557812,47.598291],[-122.575928,47.619482],[-122.57373,47.666846],[-122.560107,47.697754],[-122.549756,47.703955],[-122.517236,47.690576],[-122.507861,47.682666],[-122.497266,47.59458]]],[[[-122.820898,48.431348],[-122.836572,48.421533],[-122.890039,48.434668],[-122.921631,48.456934],[-122.932275,48.484766],[-122.912207,48.537988],[-122.885498,48.551611],[-122.868896,48.548633],[-122.861914,48.501855],[-122.8146,48.452344],[-122.820898,48.431348]]],[[[-68.623193,44.196045],[-68.661182,44.17627],[-68.701709,44.182666],[-68.703027,44.231982],[-68.690771,44.24873],[-68.676758,44.256201],[-68.655957,44.242334],[-68.623193,44.196045]]]]},"properties":{"kind":"land","name":"United States of America","label":[-97.482602,39.538479]}},{"type":"Feature","geometry":{"type":"MultiPolygon","coordinates":[[[[102.606445,11.676514],[102.589941,11.572168],[102.532813,11.614941],[102.546484,11.667773],[102.568945,11.691699],[102.606445,11.676514]]],[[[102.426758,11.988721],[102.42998,11.964746],[102.378125,11.982959],[102.359961,11.974414],[102.301953,11.980811],[102.27334,12.119336],[102.277441,12.151855],[102.318848,12.14165],[102.378125,12.072852],[102.408398,12.025098],[102.426758,11.988721]]],[[[98.409082,7.902051],[98.398438,7.828418],[98.357422,7.829443],[98.315625,7.782324],[98.296289,7.776074],[98.262305,7.926074],[98.301367,8.13623],[98.32207,8.166309],[98.350977,8.110645],[98.434961,8.085645],[98.398828,7.964551],[98.409082,7.902051]]],[[[100.122461,20.31665],[100.114941,20.257666],[100.139746,20.24541],[100.174121,20.272754],[100.218066,20.3396],[100.266016,20.377295],[100.317969,20.385889],[100.373145,20.340381],[100.431543,20.240723],[100.491602,20.184082],[100.519531,20.17793],[100.539941,20.132373],[100.543066,20.088672],[100.514551,19.996338],[100.466211,19.888916],[100.397656,19.756104],[100.420117,19.644482],[100.513574,19.553467],[100.625488,19.499854],[100.743945,19.514746],[100.806836,19.541943],[100.858203,19.585059],[100.906055,19.605371],[100.966504,19.610791],[101.154688,19.579199],[101.211914,19.54834],[101.220801,19.486621],[101.197559,19.32793],[101.226562,19.211523],[101.279883,19.088916],[101.286328,18.977148],[101.220508,18.792773],[101.165527,18.618311],[101.106348,18.533545],[101.060449,18.479004],[101.046973,18.441992],[101.050586,18.407031],[101.092773,18.354541],[101.1375,18.286865],[101.14873,18.222168],[101.143945,18.142627],[101.113281,18.033545],[100.999023,17.797168],[100.908496,17.583887],[100.955859,17.541113],[101.045703,17.509961],[101.105176,17.479541],[101.16748,17.499023],[101.299707,17.625],[101.413672,17.71875],[101.555078,17.812354],[101.563672,17.820508],[101.6875,17.889404],[101.744141,17.952686],[101.774805,18.033398],[101.818652,18.064648],[101.875488,18.046436],[101.947461,18.081494],[102.03457,18.169824],[102.101465,18.210645],[102.148242,18.203857],[102.231641,18.148975],[102.351855,18.045947],[102.458789,17.984619],[102.552539,17.965088],[102.598242,17.926758],[102.596094,17.869629],[102.616797,17.83335],[102.660645,17.817969],[102.680078,17.824121],[102.675195,17.851758],[102.717578,17.892236],[102.807422,17.945557],[102.898633,17.976904],[102.991406,17.98623],[103.051367,18.028516],[103.091211,18.138232],[103.148535,18.221729],[103.199707,18.259473],[103.263184,18.278467],[103.27959,18.30498],[103.248926,18.338965],[103.251758,18.373486],[103.288281,18.408398],[103.366992,18.42334],[103.487988,18.418164],[103.629687,18.382568],[103.792285,18.316504],[103.898828,18.295313],[103.949609,18.318994],[104.04873,18.216699],[104.196191,17.988379],[104.322656,17.81582],[104.428125,17.698975],[104.539258,17.609277],[104.655859,17.546729],[104.739648,17.46167],[104.816016,17.300293],[104.758984,17.077148],[104.743555,16.884375],[104.750586,16.647559],[104.819336,16.466064],[104.949902,16.339941],[105.025781,16.237988],[105.047168,16.160254],[105.14873,16.093555],[105.330664,16.037891],[105.40625,15.987451],[105.375586,15.942188],[105.373242,15.889697],[105.398926,15.829883],[105.462012,15.78042],[105.562402,15.74126],[105.62207,15.699951],[105.641016,15.656543],[105.638867,15.585938],[105.615625,15.488281],[105.57373,15.413232],[105.513184,15.360889],[105.505859,15.319629],[105.49043,15.256592],[105.49043,15.127588],[105.533398,15.041602],[105.54668,14.932471],[105.523047,14.843311],[105.500195,14.66123],[105.497363,14.590674],[105.475586,14.530127],[105.422656,14.471631],[105.342188,14.416699],[105.243652,14.367871],[105.183301,14.34624],[105.169141,14.336084],[105.125977,14.280957],[105.074121,14.227441],[105.033691,14.227393],[105.003418,14.254443],[104.982422,14.289453],[104.969727,14.366113],[104.878809,14.404004],[104.779004,14.427832],[104.575781,14.390039],[104.411621,14.36958],[104.227734,14.395508],[104.054297,14.362744],[103.981836,14.35791],[103.898633,14.362793],[103.818359,14.362158],[103.741895,14.37417],[103.600391,14.421094],[103.546387,14.417432],[103.432422,14.378613],[103.313477,14.351318],[103.199414,14.332617],[103.031055,14.252539],[102.909277,14.136719],[102.873242,14.054883],[102.812793,13.972461],[102.728906,13.841895],[102.62041,13.716943],[102.544727,13.659961],[102.565527,13.626367],[102.546875,13.585693],[102.428516,13.567578],[102.336328,13.560303],[102.319727,13.53999],[102.330762,13.288232],[102.362988,13.192969],[102.422656,13.077979],[102.461719,13.015039],[102.490723,12.82832],[102.499609,12.669971],[102.629687,12.569922],[102.70332,12.493506],[102.755664,12.42627],[102.737402,12.383398],[102.70625,12.255664],[102.736621,12.089795],[102.918066,11.73208],[102.933887,11.706689],[102.912305,11.703857],[102.883691,11.772754],[102.791602,11.888623],[102.762988,12.012451],[102.654883,12.148828],[102.594141,12.203027],[102.574805,12.157812],[102.540234,12.109229],[102.434082,12.179248],[102.343164,12.252588],[102.259082,12.394336],[102.248438,12.361426],[102.22959,12.331641],[102.13418,12.443018],[102.034375,12.531885],[101.944531,12.563672],[101.889063,12.593262],[101.835742,12.640381],[101.723633,12.689355],[101.444922,12.618945],[101.090234,12.673633],[100.953711,12.62124],[100.897754,12.653809],[100.863281,12.714502],[100.896387,12.818164],[100.903906,13.034912],[100.946094,13.187256],[100.92627,13.303027],[100.946973,13.357568],[100.962695,13.431982],[100.906543,13.462402],[100.656055,13.521289],[100.60293,13.568164],[100.536426,13.514453],[100.235645,13.484473],[100.122363,13.439551],[100.01748,13.353174],[99.990527,13.243457],[100.051074,13.17124],[100.089941,13.045654],[99.982031,12.771484],[99.963965,12.690039],[100.005664,12.354736],[99.989062,12.170801],[99.930273,12.047461],[99.837109,11.936621],[99.79873,11.748779],[99.725488,11.661768],[99.627344,11.462891],[99.561328,11.215186],[99.514355,11.100586],[99.486914,10.889551],[99.284766,10.569141],[99.237305,10.388135],[99.165039,10.319824],[99.190332,10.265869],[99.194629,10.175439],[99.169336,9.93418],[99.160742,9.734033],[99.191309,9.627148],[99.288281,9.4146],[99.265039,9.352979],[99.253906,9.265234],[99.335449,9.225439],[99.393848,9.213721],[99.723828,9.314209],[99.835547,9.288379],[99.877539,9.194629],[99.904688,9.112891],[99.960645,8.67124],[99.989551,8.589209],[100.05625,8.511133],[100.129297,8.428076],[100.154102,8.442969],[100.158887,8.473779],[100.163477,8.508398],[100.228711,8.424707],[100.279395,8.268506],[100.453516,7.442285],[100.503711,7.337305],[100.545215,7.226904],[100.439355,7.280762],[100.410742,7.464307],[100.380371,7.541504],[100.342969,7.552881],[100.283789,7.551514],[100.27998,7.584326],[100.324316,7.644189],[100.317383,7.715967],[100.256641,7.774902],[100.158203,7.728125],[100.160742,7.599268],[100.204883,7.500537],[100.371387,7.280127],[100.423535,7.187842],[100.489746,7.161377],[100.58623,7.175977],[100.70166,7.081982],[100.792578,6.994678],[101.017871,6.860937],[101.154395,6.875146],[101.301953,6.908301],[101.400879,6.899561],[101.497949,6.865283],[101.614258,6.753955],[101.799219,6.474609],[102.101074,6.242236],[102.068359,6.184668],[102.055176,6.09668],[101.936133,5.979346],[101.917188,5.911377],[101.873633,5.825293],[101.790723,5.779346],[101.719531,5.770605],[101.678418,5.778809],[101.65,5.795996],[101.601367,5.877148],[101.576758,5.902002],[101.556055,5.907764],[101.404199,5.85166],[101.257031,5.789355],[101.229785,5.733691],[101.190625,5.66875],[101.147656,5.643066],[101.113965,5.636768],[101.081738,5.674902],[101.025195,5.724512],[100.981641,5.771045],[100.992773,5.846191],[101.075586,5.956494],[101.086523,6.033691],[101.075977,6.166064],[101.053516,6.242578],[101.029395,6.245312],[100.98877,6.257666],[100.873926,6.24541],[100.816504,6.331641],[100.79375,6.426172],[100.754492,6.460059],[100.715625,6.480664],[100.629492,6.447998],[100.563867,6.467529],[100.34541,6.549902],[100.261426,6.682715],[100.216602,6.686621],[100.176758,6.671826],[100.16123,6.641602],[100.137988,6.488672],[100.119141,6.441992],[99.868652,6.749902],[99.695996,6.87666],[99.720313,7.106201],[99.667773,7.150879],[99.602441,7.155322],[99.553027,7.218799],[99.596973,7.355615],[99.529102,7.329492],[99.435156,7.334375],[99.358594,7.372217],[99.300391,7.561328],[99.263672,7.619043],[99.183398,7.718066],[99.077637,7.718066],[99.042676,7.765625],[99.051074,7.887842],[98.973926,7.962793],[98.872461,8.023926],[98.788672,8.059814],[98.703516,8.256738],[98.636328,8.305029],[98.579199,8.344287],[98.499805,8.317822],[98.474023,8.246924],[98.420996,8.178223],[98.360742,8.186963],[98.305469,8.226221],[98.238184,8.423096],[98.226953,8.543652],[98.241797,8.767871],[98.325977,8.968945],[98.371387,9.290527],[98.443164,9.492822],[98.492969,9.561426],[98.561914,9.8375],[98.702539,10.190381],[98.718457,10.266016],[98.746875,10.35083],[98.768359,10.430859],[98.775391,10.557031],[98.757227,10.623584],[98.757227,10.660937],[98.786914,10.708447],[98.887109,10.78833],[99.025391,10.919971],[99.190137,11.105273],[99.358789,11.389453],[99.442676,11.554395],[99.47793,11.6125],[99.515234,11.630664],[99.572852,11.687158],[99.6125,11.749658],[99.614746,11.781201],[99.522949,12.089648],[99.462891,12.190234],[99.432422,12.309033],[99.416309,12.394824],[99.394238,12.473633],[99.405078,12.5479],[99.371973,12.594238],[99.297363,12.652881],[99.219824,12.739746],[99.173535,12.881934],[99.173535,12.961328],[99.123926,13.030762],[99.107422,13.103516],[99.137109,13.172998],[99.176172,13.233057],[99.17168,13.496924],[99.156055,13.575781],[99.136816,13.716699],[99.08623,13.822754],[99.014648,13.947168],[98.933594,14.049854],[98.721191,14.235742],[98.57002,14.359912],[98.49502,14.4729],[98.400195,14.602979],[98.332129,14.696484],[98.245996,14.814746],[98.202148,14.975928],[98.17793,15.147412],[98.191016,15.204102],[98.232227,15.241357],[98.286133,15.271582],[98.329395,15.278564],[98.452148,15.357373],[98.537305,15.350684],[98.556934,15.367676],[98.565234,15.403564],[98.554492,15.559766],[98.558203,15.768604],[98.574023,15.938623],[98.592383,16.050684],[98.817969,16.180811],[98.865527,16.237061],[98.888477,16.298096],[98.888281,16.351904],[98.869336,16.394189],[98.835449,16.417578],[98.689258,16.30542],[98.660742,16.33042],[98.593652,16.514795],[98.564746,16.570947],[98.523145,16.638184],[98.478125,16.732227],[98.471191,16.89502],[98.438867,16.975684],[98.256543,17.147656],[98.174609,17.239893],[98.063086,17.373291],[97.929297,17.533301],[97.792969,17.68125],[97.729102,17.77583],[97.706445,17.797119],[97.698535,17.833545],[97.739941,17.935303],[97.719727,18.037402],[97.651563,18.17373],[97.622461,18.258008],[97.632227,18.290332],[97.599316,18.302979],[97.523828,18.295898],[97.450781,18.359668],[97.380664,18.494287],[97.373926,18.517969],[97.39707,18.517529],[97.484961,18.494238],[97.515137,18.497754],[97.577344,18.528711],[97.671582,18.56123],[97.727734,18.572021],[97.745898,18.588184],[97.754004,18.620801],[97.706055,18.931787],[97.71416,18.996484],[97.803906,19.130469],[97.793555,19.265869],[97.816797,19.459961],[97.916406,19.592871],[97.991211,19.653711],[98.015039,19.749512],[98.049023,19.769727],[98.111035,19.762158],[98.239062,19.690674],[98.293652,19.687256],[98.371289,19.68916],[98.45498,19.694434],[98.493848,19.701318],[98.760645,19.771094],[98.819531,19.778467],[98.875781,19.76958],[98.916699,19.7729],[98.958008,19.804932],[98.987402,19.861377],[99.020703,20.041797],[99.039746,20.073633],[99.074219,20.099365],[99.130762,20.116602],[99.196875,20.115137],[99.283691,20.08042],[99.337891,20.078906],[99.399219,20.093457],[99.451563,20.118311],[99.485938,20.149854],[99.50166,20.187744],[99.4875,20.260645],[99.447949,20.352051],[99.458887,20.363037],[99.531641,20.342822],[99.638672,20.320459],[99.720117,20.325439],[99.77334,20.341309],[99.825195,20.384473],[99.890332,20.424414],[99.954297,20.41543],[100.003613,20.37959],[100.122461,20.31665]]],[[[100.074121,9.69668],[100.064453,9.67998],[100.025684,9.711719],[99.998047,9.747607],[99.983398,9.793555],[100.043457,9.79165],[100.073047,9.749121],[100.074121,9.69668]]],[[[100.070703,9.586035],[100.075293,9.529443],[100.053711,9.461426],[99.962402,9.421631],[99.93125,9.476074],[99.939551,9.559961],[99.953613,9.581006],[100.042969,9.576855],[100.070703,9.586035]]],[[[99.663086,6.521924],[99.644043,6.516113],[99.606641,6.596826],[99.654004,6.714111],[99.701367,6.570557],[99.663086,6.521924]]],[[[98.591992,7.933936],[98.57998,7.917041],[98.529395,8.108545],[98.604297,8.057324],[98.591992,7.933936]]],[[[98.30752,9.051465],[98.250781,9.04082],[98.258398,9.09541],[98.273633,9.129883],[98.301172,9.139111],[98.3125,9.080371],[98.30752,9.051465]]],[[[99.078418,7.591846],[99.104395,7.471289],[99.067871,7.495898],[99.037695,7.548486],[99.038086,7.625732],[99.045117,7.636523],[99.078418,7.591846]]]]},"properties":{"kind":"land","name":"Thailand","label":[101.073198,15.45974]}},{"type":"Feature","geometry":{"type":"MultiPolygon","coordinates":[[[[79.969531,9.630664],[79.906836,9.619824],[79.857422,9.686377],[79.845703,9.714648],[79.858594,9.734375],[79.872266,9.744336],[79.888477,9.741162],[79.911914,9.67915],[79.969531,9.630664]]],[[[79.874805,9.050732],[79.903711,8.975],[79.821094,9.026855],[79.766797,9.069775],[79.747656,9.10459],[79.859961,9.065723],[79.874805,9.050732]]],[[[79.982324,9.812695],[80.078418,9.807471],[80.180957,9.81001],[80.252832,9.796338],[80.375977,9.642334],[80.711133,9.366357],[80.893457,9.085889],[80.910059,9.024512],[80.935449,8.971484],[80.979199,8.956934],[81.016016,8.932617],[81.198242,8.661963],[81.219238,8.608398],[81.216211,8.549414],[81.226953,8.505518],[81.274609,8.483594],[81.333984,8.47207],[81.372852,8.431445],[81.422168,8.215234],[81.422168,8.147852],[81.435938,8.118896],[81.66543,7.782471],[81.678711,7.741553],[81.67627,7.710938],[81.68291,7.684473],[81.727344,7.625],[81.79668,7.464795],[81.832031,7.428418],[81.874121,7.28833],[81.876953,7.020459],[81.861426,6.90127],[81.818555,6.756201],[81.767773,6.614307],[81.712695,6.511865],[81.637402,6.425146],[81.37998,6.240918],[81.30625,6.203857],[80.971094,6.088379],[80.724121,5.979053],[80.495801,5.949365],[80.267383,6.009766],[80.095313,6.153174],[80.007227,6.364404],[79.946973,6.584521],[79.859375,6.829297],[79.79209,7.585205],[79.759961,7.796484],[79.707812,8.065674],[79.712988,8.182324],[79.749805,8.294238],[79.749707,8.048877],[79.783496,8.018457],[79.808887,8.05],[79.831934,8.304053],[79.850879,8.411572],[79.941797,8.691504],[79.943652,8.741162],[79.92793,8.846436],[79.928906,8.899219],[80.064844,9.095654],[80.099609,9.209961],[80.118359,9.326855],[80.110938,9.453271],[80.086328,9.577832],[80.196094,9.538135],[80.256445,9.494775],[80.317969,9.46543],[80.367969,9.480469],[80.42832,9.480957],[80.385352,9.548779],[80.257617,9.611279],[80.045801,9.649902],[79.979492,9.699365],[79.954004,9.742334],[79.966992,9.792627],[79.982324,9.812695]]]]},"properties":{"kind":"land","name":"Sri Lanka","label":[80.704823,7.581097]}},{"type":"Feature","geometry":{"type":"Polygon","coordinates":[[[88.109766,27.870605],[88.150293,27.843311],[88.154297,27.798682],[88.146973,27.749219],[88.105566,27.642432],[88.067871,27.567383],[88.024121,27.408887],[87.984375,27.133936],[87.993164,27.086084],[88.111035,26.928467],[88.157227,26.807324],[88.161523,26.724805],[88.111523,26.586426],[88.054883,26.430029],[88.026953,26.39502],[87.995117,26.382373],[87.849219,26.436914],[87.748828,26.429297],[87.633398,26.399121],[87.513086,26.40498],[87.413574,26.422949],[87.287402,26.360303],[87.166797,26.394238],[87.089551,26.433203],[87.037891,26.541602],[87.016406,26.55542],[86.7625,26.441943],[86.701367,26.435059],[86.543652,26.495996],[86.414453,26.556299],[86.366113,26.574414],[86.241602,26.597998],[86.129395,26.611719],[86.007324,26.649365],[85.855664,26.600195],[85.794531,26.60415],[85.737305,26.639746],[85.707422,26.712646],[85.699902,26.781641],[85.648438,26.829004],[85.568457,26.839844],[85.456445,26.797217],[85.292969,26.741016],[85.240234,26.750342],[85.191797,26.766553],[85.174121,26.781543],[85.151563,26.846631],[85.125391,26.860986],[85.087305,26.862939],[85.020117,26.878516],[84.937207,26.926904],[84.685352,27.041016],[84.653809,27.091699],[84.654785,27.203662],[84.640723,27.249854],[84.610156,27.298682],[84.480859,27.348193],[84.229785,27.427832],[84.091016,27.491357],[84.024805,27.46167],[83.897168,27.435107],[83.828809,27.377832],[83.746973,27.395947],[83.55166,27.456348],[83.447168,27.465332],[83.383984,27.444824],[83.369434,27.410254],[83.289746,27.370996],[83.213867,27.402295],[83.064063,27.444531],[82.932813,27.467676],[82.733398,27.518994],[82.71084,27.59668],[82.677344,27.673437],[82.629883,27.687061],[82.451367,27.671826],[82.287695,27.756543],[82.111914,27.864941],[82.037012,27.900586],[81.987695,27.91377],[81.945215,27.899268],[81.896875,27.874463],[81.852637,27.86709],[81.757227,27.913818],[81.635547,27.980469],[81.486035,28.062207],[81.31084,28.176367],[81.238965,28.240869],[81.20625,28.289404],[81.168945,28.33501],[81.016602,28.40957],[80.896094,28.468555],[80.750781,28.539697],[80.726172,28.553906],[80.671289,28.59624],[80.587012,28.649609],[80.517871,28.665186],[80.495801,28.635791],[80.479102,28.604883],[80.418555,28.612012],[80.324805,28.666406],[80.226562,28.72334],[80.149609,28.776074],[80.070703,28.830176],[80.05166,28.870312],[80.08457,28.994189],[80.130469,29.100391],[80.169531,29.124316],[80.233008,29.194629],[80.255957,29.318018],[80.254883,29.42334],[80.316895,29.57207],[80.401855,29.730273],[80.549023,29.899805],[80.612891,29.955859],[80.684082,29.994336],[80.819922,30.119336],[80.848145,30.139746],[80.907617,30.171924],[80.966113,30.180029],[81.010254,30.164502],[81.055566,30.098975],[81.110352,30.036816],[81.177148,30.039893],[81.255078,30.093311],[81.417188,30.337598],[81.641895,30.3875],[81.854883,30.362402],[82.043359,30.326758],[82.098926,30.245068],[82.135352,30.158984],[82.158984,30.115186],[82.220703,30.063867],[82.486523,29.941504],[82.64082,29.831201],[82.854297,29.683398],[83.013965,29.618066],[83.155469,29.612646],[83.235156,29.55459],[83.355176,29.43916],[83.456641,29.306348],[83.583496,29.183594],[83.671094,29.187598],[83.79043,29.227441],[83.935938,29.279492],[84.021973,29.253857],[84.101367,29.219971],[84.127832,29.156299],[84.175586,29.036377],[84.228711,28.911768],[84.312109,28.868115],[84.410742,28.803906],[84.46543,28.75293],[84.650586,28.65957],[84.676758,28.621533],[84.714258,28.595557],[84.759375,28.579248],[84.796875,28.560205],[84.855078,28.553613],[85.069141,28.609668],[85.126367,28.602637],[85.159082,28.592236],[85.160156,28.571875],[85.121484,28.484277],[85.088574,28.372266],[85.122461,28.315967],[85.212109,28.292627],[85.410645,28.276025],[85.67832,28.277441],[85.759473,28.220654],[85.840234,28.135352],[85.92168,27.989697],[85.954102,27.928223],[85.994531,27.9104],[86.06416,27.934717],[86.075488,27.99458],[86.078711,28.083594],[86.137012,28.114355],[86.174219,28.091699],[86.217969,28.02207],[86.328613,27.959521],[86.408691,27.928662],[86.484961,27.939551],[86.516895,27.963525],[86.554492,28.085205],[86.614453,28.103027],[86.690527,28.094922],[86.719629,28.070654],[86.750391,28.02207],[86.842383,27.99917],[86.933789,27.968457],[87.020117,27.928662],[87.141406,27.83833],[87.290723,27.821924],[87.46416,27.823828],[87.555273,27.821826],[87.622559,27.815186],[87.682715,27.821387],[87.860742,27.886084],[87.933398,27.89082],[88.02334,27.883398],[88.109766,27.870605]]]},"properties":{"kind":"land","name":"Nepal","label":[83.639914,28.297925]}},{"type":"Feature","geometry":{"type":"Polygon","coordinates":[[[102.127441,22.379199],[102.183008,22.284033],[102.301367,22.178174],[102.442676,22.027148],[102.4875,21.957764],[102.58252,21.904297],[102.609668,21.851758],[102.63125,21.771338],[102.64082,21.711426],[102.662012,21.676025],[102.695312,21.662109],[102.738574,21.67793],[102.771094,21.709668],[102.798242,21.797949],[102.815918,21.807373],[102.845215,21.734766],[102.876172,21.722266],[102.917676,21.712939],[102.949609,21.681348],[102.95918,21.626221],[102.948633,21.569775],[102.90957,21.506348],[102.8875,21.439941],[102.872266,21.3375],[102.851172,21.265918],[102.883789,21.202588],[103.104492,20.89165],[103.210742,20.840625],[103.463574,20.779834],[103.554688,20.737842],[103.635059,20.69707],[103.714453,20.716943],[103.790527,20.809521],[103.882031,20.861426],[104.052051,20.941211],[104.101367,20.945508],[104.195312,20.913965],[104.349609,20.821094],[104.461426,20.73374],[104.530371,20.687988],[104.583203,20.64668],[104.575195,20.600244],[104.532715,20.554883],[104.478613,20.52959],[104.407813,20.485742],[104.367773,20.441406],[104.392188,20.424756],[104.496191,20.413672],[104.618848,20.374512],[104.656445,20.328516],[104.661914,20.289014],[104.676953,20.224707],[104.69873,20.205322],[104.812695,20.216846],[104.847852,20.202441],[104.888672,20.169092],[104.929199,20.082813],[104.92793,20.018115],[104.845801,19.947168],[104.815137,19.904004],[104.801758,19.836133],[104.743164,19.754736],[104.587891,19.61875],[104.546289,19.610547],[104.259863,19.685498],[104.127148,19.680859],[104.062793,19.678418],[104.032031,19.675146],[104.013477,19.646484],[104.051562,19.56416],[104.062891,19.482568],[104.027539,19.420459],[103.932031,19.366064],[103.896387,19.33999],[103.891602,19.30498],[103.918359,19.268506],[104.006348,19.230908],[104.108594,19.195557],[104.445801,18.983838],[104.517969,18.934082],[104.613281,18.860645],[104.716504,18.803418],[104.993164,18.72832],[105.115137,18.678857],[105.146484,18.650977],[105.14541,18.616797],[105.113477,18.573047],[105.087012,18.49624],[105.08584,18.450098],[105.114551,18.405273],[105.163281,18.338721],[105.273242,18.235352],[105.333496,18.189648],[105.4,18.179248],[105.458203,18.154297],[105.518555,18.077441],[105.588477,17.983691],[105.597656,17.918262],[105.627246,17.834424],[105.691406,17.737842],[105.779492,17.644434],[105.902734,17.528662],[105.973535,17.446973],[106.00625,17.415283],[106.269531,17.216797],[106.333398,17.143701],[106.425977,17.002539],[106.465332,16.981836],[106.502246,16.954102],[106.525977,16.876611],[106.533691,16.821045],[106.546191,16.650732],[106.593652,16.600098],[106.6375,16.537939],[106.656445,16.492627],[106.696094,16.458984],[106.739551,16.452539],[106.791602,16.490332],[106.832422,16.52627],[106.851074,16.515625],[106.892773,16.396533],[106.930664,16.353125],[107.001953,16.311816],[107.069727,16.279834],[107.217383,16.136328],[107.296484,16.084033],[107.350098,16.067383],[107.396387,16.043018],[107.410156,15.997852],[107.391992,15.95166],[107.360645,15.921729],[107.188867,15.838623],[107.165918,15.80249],[107.189551,15.747266],[107.232617,15.678076],[107.279395,15.618701],[107.33877,15.560498],[107.45957,15.46582],[107.564258,15.391602],[107.62168,15.309863],[107.653125,15.255225],[107.633691,15.189844],[107.589648,15.118457],[107.555273,15.057031],[107.496289,15.021436],[107.480371,14.979883],[107.504687,14.915918],[107.524512,14.871826],[107.51377,14.817383],[107.519434,14.705078],[107.465137,14.66499],[107.414746,14.562891],[107.379883,14.555322],[107.292676,14.592383],[107.262305,14.572119],[107.206641,14.4979],[107.109375,14.416699],[107.062402,14.415771],[107.030176,14.425684],[106.992187,14.391016],[106.938086,14.327344],[106.913184,14.329395],[106.819922,14.314697],[106.783496,14.335107],[106.738184,14.387744],[106.66543,14.441309],[106.599219,14.479395],[106.563672,14.505078],[106.531152,14.549414],[106.501465,14.578223],[106.446973,14.515039],[106.35498,14.454785],[106.267969,14.466211],[106.225391,14.476221],[106.190723,14.388135],[106.165234,14.372363],[106.008398,14.357178],[105.978906,14.343018],[106.004102,14.262891],[106.09668,14.1271],[106.124707,14.049121],[106.066797,13.921191],[105.904492,13.924512],[105.831445,13.976611],[105.764063,14.049072],[105.739746,14.084961],[105.531543,14.156152],[105.392676,14.10708],[105.350195,14.10957],[105.284863,14.161475],[105.245703,14.200537],[105.207031,14.259375],[105.185547,14.319092],[105.183301,14.34624],[105.243652,14.367871],[105.342188,14.416699],[105.422656,14.471631],[105.475586,14.530127],[105.497363,14.590674],[105.500195,14.66123],[105.523047,14.843311],[105.54668,14.932471],[105.533398,15.041602],[105.49043,15.127588],[105.49043,15.256592],[105.505859,15.319629],[105.513184,15.360889],[105.57373,15.413232],[105.615625,15.488281],[105.638867,15.585938],[105.641016,15.656543],[105.62207,15.699951],[105.562402,15.74126],[105.462012,15.78042],[105.398926,15.829883],[105.373242,15.889697],[105.375586,15.942188],[105.40625,15.987451],[105.330664,16.037891],[105.14873,16.093555],[105.047168,16.160254],[105.025781,16.237988],[104.949902,16.339941],[104.819336,16.466064],[104.750586,16.647559],[104.743555,16.884375],[104.758984,17.077148],[104.816016,17.300293],[104.739648,17.46167],[104.655859,17.546729],[104.539258,17.609277],[104.428125,17.698975],[104.322656,17.81582],[104.196191,17.988379],[104.04873,18.216699],[103.949609,18.318994],[103.898828,18.295313],[103.792285,18.316504],[103.629687,18.382568],[103.487988,18.418164],[103.366992,18.42334],[103.288281,18.408398],[103.251758,18.373486],[103.248926,18.338965],[103.27959,18.30498],[103.263184,18.278467],[103.199707,18.259473],[103.148535,18.221729],[103.091211,18.138232],[103.051367,18.028516],[102.991406,17.98623],[102.898633,17.976904],[102.807422,17.945557],[102.717578,17.892236],[102.675195,17.851758],[102.680078,17.824121],[102.660645,17.817969],[102.616797,17.83335],[102.596094,17.869629],[102.598242,17.926758],[102.552539,17.965088],[102.458789,17.984619],[102.351855,18.045947],[102.231641,18.148975],[102.148242,18.203857],[102.101465,18.210645],[102.03457,18.169824],[101.947461,18.081494],[101.875488,18.046436],[101.818652,18.064648],[101.774805,18.033398],[101.744141,17.952686],[101.6875,17.889404],[101.563672,17.820508],[101.555078,17.812354],[101.413672,17.71875],[101.299707,17.625],[101.16748,17.499023],[101.105176,17.479541],[101.045703,17.509961],[100.955859,17.541113],[100.908496,17.583887],[100.999023,17.797168],[101.113281,18.033545],[101.143945,18.142627],[101.14873,18.222168],[101.1375,18.286865],[101.092773,18.354541],[101.050586,18.407031],[101.046973,18.441992],[101.060449,18.479004],[101.106348,18.533545],[101.165527,18.618311],[101.220508,18.792773],[101.286328,18.977148],[101.279883,19.088916],[101.226562,19.211523],[101.197559,19.32793],[101.220801,19.486621],[101.211914,19.54834],[101.154688,19.579199],[100.966504,19.610791],[100.906055,19.605371],[100.858203,19.585059],[100.806836,19.541943],[100.743945,19.514746],[100.625488,19.499854],[100.513574,19.553467],[100.420117,19.644482],[100.397656,19.756104],[100.466211,19.888916],[100.514551,19.996338],[100.543066,20.088672],[100.539941,20.132373],[100.519531,20.17793],[100.491602,20.184082],[100.431543,20.240723],[100.373145,20.340381],[100.317969,20.385889],[100.266016,20.377295],[100.218066,20.3396],[100.174121,20.272754],[100.139746,20.24541],[100.114941,20.257666],[100.122461,20.31665],[100.129687,20.372217],[100.183887,20.589111],[100.249316,20.730273],[100.326074,20.795703],[100.407422,20.823242],[100.493359,20.812988],[100.565137,20.825098],[100.622949,20.85957],[100.617676,20.879248],[100.549316,20.884229],[100.522266,20.921924],[100.536133,20.992383],[100.566602,21.038184],[100.613672,21.059326],[100.65918,21.130371],[100.703125,21.251367],[100.756641,21.312646],[100.819531,21.314209],[100.927539,21.366211],[101.080371,21.468652],[101.138867,21.56748],[101.19668,21.52207],[101.175391,21.40752],[101.205566,21.383301],[101.219922,21.342432],[101.211816,21.278223],[101.224414,21.22373],[101.247852,21.197314],[101.281445,21.184131],[101.443555,21.230811],[101.542383,21.234277],[101.583887,21.203564],[101.62168,21.184424],[101.668555,21.169629],[101.704785,21.150146],[101.728125,21.156396],[101.783496,21.20415],[101.800586,21.212598],[101.802051,21.235986],[101.763086,21.278906],[101.722949,21.314941],[101.724219,21.39502],[101.743457,21.533838],[101.747266,21.605762],[101.743945,21.777979],[101.736523,21.826514],[101.699609,21.882471],[101.60293,21.989697],[101.575781,22.055273],[101.560254,22.120898],[101.561816,22.162402],[101.537305,22.209863],[101.524512,22.253662],[101.567871,22.276367],[101.619922,22.327441],[101.646191,22.40542],[101.671484,22.462305],[101.70752,22.486572],[101.73877,22.495264],[101.759961,22.490332],[101.841797,22.388477],[101.94541,22.439404],[102.024414,22.439209],[102.091504,22.412256],[102.127441,22.379199]]]},"properties":{"kind":"land","name":"Laos","label":[102.533912,19.431821]}},{"type":"Feature","geometry":{"type":"MultiPolygon","coordinates":[[[[68.165039,23.857324],[68.23418,23.900537],[68.28252,23.927979],[68.38125,23.950879],[68.488672,23.967236],[68.586621,23.966602],[68.724121,23.964697],[68.728125,24.265625],[68.739648,24.291992],[68.758984,24.307227],[68.781152,24.313721],[68.8,24.309082],[68.82832,24.264014],[68.863477,24.266504],[68.900781,24.292432],[68.98457,24.273096],[69.051563,24.286328],[69.119531,24.268652],[69.235059,24.268262],[69.443457,24.275391],[69.55918,24.273096],[69.63418,24.225195],[69.716211,24.172607],[69.805176,24.165234],[69.933789,24.171387],[70.021094,24.191553],[70.065137,24.240576],[70.098242,24.2875],[70.289062,24.356299],[70.489258,24.412158],[70.546777,24.418311],[70.565039,24.385791],[70.555859,24.331104],[70.579297,24.279053],[70.659473,24.246094],[70.716309,24.237988],[70.767285,24.24541],[70.805078,24.261963],[70.88623,24.34375],[70.928125,24.362354],[70.982813,24.361035],[71.044043,24.400098],[71.045313,24.42998],[71.00625,24.444336],[70.973242,24.487402],[70.979297,24.522461],[70.969824,24.571875],[70.976367,24.61875],[71.002344,24.653906],[71.047852,24.687744],[71.020703,24.757666],[70.950879,24.891602],[70.877734,25.062988],[70.800488,25.205859],[70.702539,25.331055],[70.652051,25.4229],[70.657227,25.625781],[70.648438,25.666943],[70.614844,25.691895],[70.569531,25.705957],[70.505859,25.685303],[70.448535,25.681348],[70.325195,25.685742],[70.264648,25.706543],[70.100195,25.910059],[70.078613,25.990039],[70.077734,26.071973],[70.132617,26.214795],[70.149219,26.347559],[70.156836,26.471436],[70.147656,26.506445],[70.114648,26.548047],[70.059375,26.57876],[69.911426,26.586133],[69.735938,26.627051],[69.600586,26.699121],[69.506934,26.742676],[69.48125,26.770996],[69.47002,26.804443],[69.494531,26.95415],[69.537012,27.122949],[69.567969,27.174609],[69.621582,27.228076],[69.661328,27.264502],[69.724805,27.312695],[69.896289,27.473633],[70.049805,27.694727],[70.144531,27.849023],[70.193945,27.894873],[70.244336,27.934131],[70.318457,27.981641],[70.403711,28.025049],[70.488574,28.023145],[70.569238,27.983789],[70.629102,27.937451],[70.649121,27.835352],[70.691602,27.768994],[70.737402,27.729004],[70.797949,27.709619],[70.874902,27.714453],[71.184766,27.831641],[71.290137,27.855273],[71.542969,27.869873],[71.716699,27.915088],[71.870313,27.9625],[71.888867,28.047461],[71.948047,28.177295],[72.128516,28.346338],[72.179199,28.421777],[72.233887,28.56582],[72.291992,28.697266],[72.341895,28.751904],[72.625586,28.896143],[72.90332,29.02876],[72.94873,29.088818],[73.12832,29.363916],[73.231152,29.550635],[73.257812,29.610693],[73.317285,29.772998],[73.381641,29.934375],[73.46748,29.97168],[73.658008,30.033203],[73.80918,30.093359],[73.886523,30.162012],[73.933398,30.22207],[73.924609,30.281641],[73.882715,30.352148],[73.891602,30.394043],[73.899316,30.435352],[74.008984,30.519678],[74.215625,30.768994],[74.339355,30.893555],[74.380371,30.893408],[74.509766,30.959668],[74.632812,31.034668],[74.625781,31.06875],[74.610352,31.112842],[74.539746,31.132666],[74.517676,31.185596],[74.534961,31.261377],[74.593945,31.465381],[74.581836,31.523926],[74.509961,31.712939],[74.525977,31.765137],[74.555566,31.818555],[74.635742,31.889746],[74.739453,31.948828],[75.071484,32.089355],[75.13877,32.104785],[75.254102,32.140332],[75.324707,32.215283],[75.333496,32.279199],[75.302637,32.318896],[75.233691,32.372119],[75.104102,32.420361],[74.987305,32.462207],[74.788867,32.457812],[74.685742,32.493799],[74.657813,32.518945],[74.643359,32.607715],[74.663281,32.757666],[74.632422,32.770898],[74.588281,32.753223],[74.483398,32.770996],[74.35459,32.768701],[74.305469,32.810449],[74.32998,32.86084],[74.322754,32.927979],[74.303613,32.991797],[74.283594,33.005127],[74.22207,33.020312],[74.12627,33.075439],[74.049121,33.143408],[74.003809,33.189453],[73.989844,33.221191],[73.994238,33.242188],[74.050391,33.30127],[74.117773,33.384131],[74.142578,33.455371],[74.15,33.506982],[74.13125,33.545068],[74.069727,33.591699],[74.004004,33.632422],[73.977539,33.667822],[73.976465,33.721289],[74.000977,33.788184],[74.078418,33.838672],[74.215625,33.886572],[74.250879,33.946094],[74.246484,33.990186],[74.208984,34.003418],[74.112598,34.003711],[73.949902,34.018799],[73.922363,34.043066],[73.904102,34.075684],[73.903906,34.108008],[73.938281,34.144775],[73.979492,34.191309],[73.972363,34.236621],[73.924609,34.287842],[73.809961,34.325342],[73.794531,34.378223],[73.812109,34.422363],[73.850098,34.485303],[73.883105,34.529053],[73.96123,34.653467],[74.055859,34.680664],[74.171973,34.720898],[74.300391,34.765381],[74.497949,34.732031],[74.594141,34.715771],[74.78877,34.677734],[74.951855,34.64585],[75.118457,34.636816],[75.1875,34.639014],[75.264063,34.601367],[75.452539,34.536719],[75.605566,34.502734],[75.70918,34.503076],[75.862109,34.560254],[75.938281,34.612549],[76.041016,34.669922],[76.172461,34.667725],[76.456738,34.756104],[76.509961,34.740869],[76.594434,34.73584],[76.696289,34.786914],[76.749023,34.847559],[76.75752,34.877832],[76.78291,34.900195],[76.891699,34.938721],[77.000879,34.991992],[77.030664,35.062354],[77.048633,35.109912],[77.168555,35.171533],[77.292969,35.235547],[77.423437,35.302588],[77.571582,35.37876],[77.696973,35.443262],[77.799414,35.495898],[77.802539,35.492773],[77.810938,35.484521],[77.851562,35.460791],[77.894922,35.449023],[77.945898,35.471631],[78.009473,35.490234],[78.042676,35.479785],[78.047461,35.449414],[78.00918,35.306934],[78.012207,35.251025],[78.075781,35.134912],[78.158496,34.946484],[78.236133,34.769824],[78.282031,34.653906],[78.326953,34.606396],[78.515723,34.557959],[78.670801,34.518164],[78.763086,34.45293],[78.864844,34.390332],[78.936426,34.351953],[78.970117,34.302637],[78.976953,34.258105],[78.970605,34.228223],[78.931738,34.188965],[78.753027,34.087695],[78.731738,34.055566],[78.72666,34.013379],[78.761719,33.887598],[78.783789,33.808789],[78.789941,33.650342],[78.801855,33.499707],[78.865039,33.431104],[78.916699,33.386768],[78.948438,33.346533],[79.012598,33.291455],[79.066504,33.250391],[79.1125,33.22627],[79.135156,33.171924],[79.12168,33.108105],[79.102832,33.052539],[79.108594,33.022656],[79.145508,33.001465],[79.202246,32.946045],[79.20957,32.864844],[79.205566,32.809033],[79.22793,32.758789],[79.233887,32.703076],[79.216504,32.564014],[79.219043,32.507568],[79.219336,32.501074],[79.169922,32.497217],[79.127344,32.475781],[79.066992,32.388184],[78.997656,32.365137],[78.918945,32.358203],[78.837891,32.411963],[78.771289,32.468066],[78.753516,32.499268],[78.736719,32.558398],[78.700879,32.597021],[78.631543,32.578955],[78.526367,32.570801],[78.4125,32.557715],[78.391699,32.544727],[78.389648,32.519873],[78.41748,32.466699],[78.441309,32.397363],[78.455273,32.300342],[78.486133,32.23623],[78.495898,32.215771],[78.677734,32.023047],[78.725586,31.983789],[78.735449,31.957959],[78.719727,31.887646],[78.687012,31.805518],[78.693457,31.740381],[78.753906,31.668359],[78.80293,31.618066],[78.755078,31.550293],[78.726758,31.471826],[78.758594,31.436572],[78.743555,31.323779],[78.757812,31.30249],[78.791602,31.293652],[78.844531,31.301514],[78.899512,31.331348],[78.945996,31.337207],[78.973926,31.328613],[79.011133,31.414111],[79.04375,31.426221],[79.107129,31.402637],[79.232617,31.241748],[79.33877,31.105713],[79.369629,31.079932],[79.388477,31.064209],[79.493164,30.993701],[79.56543,30.949072],[79.664258,30.965234],[79.794629,30.968262],[79.871875,30.924609],[79.916602,30.894189],[79.918555,30.889893],[79.924512,30.88877],[80.081445,30.781934],[80.149414,30.789844],[80.194336,30.759229],[80.207129,30.68374],[80.18623,30.605322],[80.191211,30.568408],[80.260938,30.561328],[80.40957,30.509473],[80.541016,30.463525],[80.608887,30.448877],[80.682129,30.414844],[80.746777,30.3604],[80.873535,30.290576],[80.985449,30.237109],[81.010254,30.164502],[80.966113,30.180029],[80.907617,30.171924],[80.848145,30.139746],[80.819922,30.119336],[80.684082,29.994336],[80.612891,29.955859],[80.549023,29.899805],[80.401855,29.730273],[80.316895,29.57207],[80.254883,29.42334],[80.255957,29.318018],[80.233008,29.194629],[80.169531,29.124316],[80.130469,29.100391],[80.08457,28.994189],[80.05166,28.870312],[80.070703,28.830176],[80.149609,28.776074],[80.226562,28.72334],[80.324805,28.666406],[80.418555,28.612012],[80.479102,28.604883],[80.495801,28.635791],[80.517871,28.665186],[80.587012,28.649609],[80.671289,28.59624],[80.726172,28.553906],[80.750781,28.539697],[80.896094,28.468555],[81.016602,28.40957],[81.168945,28.33501],[81.20625,28.289404],[81.238965,28.240869],[81.31084,28.176367],[81.486035,28.062207],[81.635547,27.980469],[81.757227,27.913818],[81.852637,27.86709],[81.896875,27.874463],[81.945215,27.899268],[81.987695,27.91377],[82.037012,27.900586],[82.111914,27.864941],[82.287695,27.756543],[82.451367,27.671826],[82.629883,27.687061],[82.677344,27.673437],[82.71084,27.59668],[82.733398,27.518994],[82.932813,27.467676],[83.064063,27.444531],[83.213867,27.402295],[83.289746,27.370996],[83.369434,27.410254],[83.383984,27.444824],[83.447168,27.465332],[83.55166,27.456348],[83.746973,27.395947],[83.828809,27.377832],[83.897168,27.435107],[84.024805,27.46167],[84.091016,27.491357],[84.229785,27.427832],[84.480859,27.348193],[84.610156,27.298682],[84.640723,27.249854],[84.654785,27.203662],[84.653809,27.091699],[84.685352,27.041016],[84.937207,26.926904],[85.020117,26.878516],[85.087305,26.862939],[85.125391,26.860986],[85.151563,26.846631],[85.174121,26.781543],[85.191797,26.766553],[85.240234,26.750342],[85.292969,26.741016],[85.456445,26.797217],[85.568457,26.839844],[85.648438,26.829004],[85.699902,26.781641],[85.707422,26.712646],[85.737305,26.639746],[85.794531,26.60415],[85.855664,26.600195],[86.007324,26.649365],[86.129395,26.611719],[86.241602,26.597998],[86.366113,26.574414],[86.414453,26.556299],[86.543652,26.495996],[86.701367,26.435059],[86.7625,26.441943],[87.016406,26.55542],[87.037891,26.541602],[87.089551,26.433203],[87.166797,26.394238],[87.287402,26.360303],[87.413574,26.422949],[87.513086,26.40498],[87.633398,26.399121],[87.748828,26.429297],[87.849219,26.436914],[87.995117,26.382373],[88.026953,26.39502],[88.054883,26.430029],[88.111523,26.586426],[88.161523,26.724805],[88.157227,26.807324],[88.111035,26.928467],[87.993164,27.086084],[87.984375,27.133936],[88.024121,27.408887],[88.067871,27.567383],[88.105566,27.642432],[88.146973,27.749219],[88.154297,27.798682],[88.150293,27.843311],[88.109766,27.870605],[88.098926,27.904541],[88.108984,27.933008],[88.141113,27.948926],[88.275195,27.968848],[88.425977,28.01167],[88.486133,28.034473],[88.531641,28.057373],[88.57793,28.093359],[88.621094,28.091846],[88.75625,28.039697],[88.803711,28.006934],[88.828613,27.907275],[88.848828,27.868652],[88.829883,27.767383],[88.749023,27.521875],[88.764844,27.429883],[88.83252,27.362842],[88.891406,27.316064],[88.881641,27.297461],[88.760352,27.218115],[88.73877,27.175586],[88.765625,27.134229],[88.813574,27.099023],[88.835156,27.065576],[88.857617,26.961475],[88.919141,26.932227],[89.040918,26.865039],[89.148242,26.816162],[89.332129,26.848633],[89.38418,26.826562],[89.474609,26.803418],[89.545117,26.79624],[89.586133,26.778955],[89.60918,26.762207],[89.606152,26.741113],[89.609961,26.719434],[89.710938,26.713916],[89.763867,26.701563],[89.943164,26.723926],[90.122949,26.75459],[90.206055,26.84751],[90.242383,26.85415],[90.345898,26.890332],[90.447656,26.850781],[90.559863,26.796582],[90.620313,26.780225],[90.739648,26.77168],[90.855762,26.777734],[91.133887,26.803418],[91.286523,26.789941],[91.426758,26.86709],[91.455859,26.866895],[91.517578,26.807324],[91.671582,26.802002],[91.753711,26.830762],[91.84209,26.852979],[91.898633,26.860059],[91.94375,26.86084],[91.99834,26.85498],[92.049707,26.874854],[92.073438,26.914844],[92.068164,26.975195],[92.030859,27.04082],[91.998633,27.079297],[91.992285,27.099902],[92.002539,27.147363],[92.031152,27.214307],[92.083398,27.290625],[92.044922,27.364697],[91.99082,27.450195],[91.950977,27.458301],[91.85127,27.438623],[91.743066,27.442529],[91.658105,27.493604],[91.594727,27.557666],[91.579297,27.611426],[91.597656,27.677002],[91.625879,27.737305],[91.631934,27.759961],[91.712598,27.759814],[91.824707,27.746436],[91.909375,27.729687],[91.977637,27.730371],[92.10127,27.807617],[92.157617,27.812256],[92.222266,27.826953],[92.250488,27.841504],[92.270117,27.830225],[92.341016,27.820752],[92.414844,27.824609],[92.480664,27.845947],[92.54668,27.879199],[92.664355,27.948926],[92.687793,27.988965],[92.6875,28.025732],[92.665625,28.049854],[92.643457,28.061523],[92.652539,28.093359],[92.701855,28.147119],[92.881836,28.228125],[93.034961,28.327637],[93.119238,28.402295],[93.157813,28.492725],[93.206543,28.59082],[93.251953,28.629492],[93.360547,28.654053],[93.664941,28.690234],[93.760742,28.729785],[93.902246,28.803223],[93.973633,28.860791],[94.013281,28.90752],[94.017676,28.959521],[94.111523,28.975879],[94.193457,29.059912],[94.293262,29.144629],[94.468066,29.216211],[94.623047,29.312402],[94.677051,29.297021],[94.733398,29.251611],[94.763086,29.20127],[94.769434,29.175879],[94.96748,29.144043],[94.998828,29.14917],[95.144727,29.104053],[95.279102,29.049561],[95.353125,29.035889],[95.389258,29.037402],[95.420215,29.054297],[95.456543,29.102295],[95.49375,29.137012],[95.516992,29.151172],[95.51582,29.206348],[95.710352,29.313818],[95.885059,29.390918],[96.035352,29.447168],[96.07959,29.424121],[96.128516,29.381396],[96.194727,29.272461],[96.234961,29.245801],[96.337207,29.260986],[96.355859,29.249072],[96.339746,29.209814],[96.270508,29.16123],[96.180859,29.117676],[96.122363,29.08208],[96.141406,28.963477],[96.137109,28.922607],[96.162207,28.909717],[96.346875,29.027441],[96.435742,29.050684],[96.46709,29.022266],[96.477148,28.959326],[96.55,28.82959],[96.580859,28.763672],[96.395605,28.606543],[96.327344,28.525391],[96.329883,28.496826],[96.326172,28.468555],[96.278906,28.428174],[96.281445,28.412061],[96.319824,28.386523],[96.366406,28.367285],[96.389063,28.36792],[96.427734,28.406006],[96.602637,28.459912],[96.652832,28.449756],[96.775781,28.367041],[96.833008,28.362402],[96.980859,28.337695],[97.075391,28.368945],[97.145117,28.340332],[97.289453,28.236816],[97.322461,28.217969],[97.310254,28.155225],[97.302734,28.085986],[97.33916,28.030859],[97.343555,27.982324],[97.335156,27.937744],[97.306152,27.90708],[97.226074,27.890039],[97.157813,27.836865],[97.049707,27.76001],[96.962793,27.698291],[96.899707,27.643848],[96.876855,27.586719],[96.883594,27.514844],[96.901953,27.4396],[97.103711,27.16333],[97.102051,27.11543],[97.038086,27.102051],[96.953418,27.133301],[96.880273,27.177832],[96.797852,27.296191],[96.731641,27.331494],[96.665723,27.339258],[96.274219,27.278369],[96.19082,27.261279],[96.061426,27.21709],[95.970898,27.128076],[95.905273,27.046631],[95.837305,27.013818],[95.738379,26.950439],[95.463867,26.756055],[95.305078,26.672266],[95.201465,26.641406],[95.128711,26.597266],[95.089453,26.525488],[95.059766,26.473975],[95.050879,26.347266],[95.068945,26.191113],[95.108398,26.091406],[95.129297,26.07041],[95.132422,26.04126],[95.092969,25.987305],[95.040723,25.941309],[95.015234,25.912939],[94.991992,25.770459],[94.945703,25.700244],[94.861133,25.597217],[94.78584,25.519336],[94.667773,25.458887],[94.622852,25.41001],[94.579883,25.319824],[94.554395,25.243457],[94.553027,25.215723],[94.566504,25.191504],[94.615625,25.1646],[94.675293,25.138574],[94.703711,25.097852],[94.707617,25.04873],[94.663281,24.931006],[94.584082,24.767236],[94.493164,24.637646],[94.399414,24.514062],[94.377246,24.47373],[94.293066,24.321875],[94.219727,24.113184],[94.170313,23.972656],[94.127637,23.876465],[94.074805,23.87207],[94.01084,23.90293],[93.855469,23.943896],[93.755859,23.976904],[93.683398,24.006543],[93.633301,24.005371],[93.564063,23.986084],[93.49375,23.972852],[93.452148,23.987402],[93.355566,24.074121],[93.32627,24.064209],[93.307324,24.021875],[93.372559,23.77417],[93.414941,23.68208],[93.408105,23.528027],[93.391309,23.33916],[93.366016,23.13252],[93.349414,23.084961],[93.308008,23.030371],[93.253516,23.015479],[93.203906,23.037012],[93.16416,23.032031],[93.150977,22.997314],[93.1625,22.907959],[93.114258,22.805713],[93.078711,22.718213],[93.088184,22.633252],[93.105078,22.547119],[93.162012,22.360205],[93.162402,22.291895],[93.151172,22.230615],[93.121484,22.205176],[93.070605,22.209424],[93.042969,22.183984],[93.021973,22.145703],[92.964551,22.00376],[92.909473,21.988916],[92.854297,22.010156],[92.771387,22.104785],[92.720996,22.132422],[92.688965,22.130957],[92.674707,22.106006],[92.652637,22.049316],[92.630371,22.011328],[92.574902,21.978076],[92.56123,22.048047],[92.531836,22.410303],[92.50957,22.525684],[92.491406,22.6854],[92.464453,22.734424],[92.430469,22.821826],[92.393164,22.897021],[92.361621,22.929004],[92.341211,23.069824],[92.333789,23.242383],[92.33418,23.323828],[92.289355,23.49248],[92.246094,23.683594],[92.187109,23.675537],[92.152344,23.721875],[92.127051,23.720996],[92.044043,23.677783],[91.978516,23.691992],[91.92959,23.685986],[91.929492,23.598242],[91.937891,23.504688],[91.919141,23.471045],[91.790039,23.361035],[91.754199,23.287305],[91.75791,23.209814],[91.773828,23.106104],[91.750977,23.053516],[91.694922,23.004834],[91.619531,22.979688],[91.553516,22.991553],[91.51123,23.033691],[91.471387,23.14126],[91.43623,23.199902],[91.399414,23.213867],[91.370605,23.197998],[91.366797,23.130469],[91.368652,23.074561],[91.359375,23.068359],[91.338867,23.077002],[91.315234,23.104395],[91.253809,23.373633],[91.165527,23.581055],[91.160449,23.660645],[91.19248,23.762891],[91.232031,23.920459],[91.336426,24.018799],[91.350195,24.060498],[91.36709,24.093506],[91.392676,24.100098],[91.526367,24.090771],[91.571387,24.106592],[91.611133,24.152832],[91.66875,24.190088],[91.726562,24.205078],[91.772461,24.210645],[91.846191,24.175293],[91.876953,24.195312],[91.899023,24.260693],[91.931055,24.325537],[91.95166,24.356738],[92.001074,24.370898],[92.06416,24.374365],[92.085059,24.386182],[92.101953,24.408057],[92.11748,24.493945],[92.198047,24.685742],[92.22666,24.770996],[92.230566,24.78623],[92.22832,24.881348],[92.25127,24.895068],[92.384961,24.848779],[92.443164,24.849414],[92.475,24.868506],[92.485449,24.90332],[92.468359,24.944141],[92.373438,25.015137],[92.204688,25.110937],[92.049707,25.169482],[91.763477,25.160645],[91.479688,25.142139],[91.39668,25.151611],[91.293164,25.177979],[91.038281,25.174072],[90.730176,25.159473],[90.613086,25.167725],[90.555273,25.166602],[90.439355,25.157715],[90.250391,25.184961],[90.119629,25.219971],[90.003809,25.25835],[89.866309,25.293164],[89.833301,25.292773],[89.814063,25.305371],[89.800879,25.336133],[89.796289,25.37583],[89.824902,25.560156],[89.799609,25.8396],[89.822949,25.941406],[89.709863,26.17124],[89.670898,26.213818],[89.619043,26.215674],[89.585742,26.186035],[89.572754,26.132324],[89.591406,26.072412],[89.549902,26.005273],[89.466895,25.983545],[89.369727,26.006104],[89.289258,26.037598],[89.186426,26.105957],[89.108301,26.202246],[89.101953,26.30835],[89.066797,26.376904],[89.018652,26.410254],[88.983398,26.419531],[88.951953,26.412109],[88.924121,26.375098],[88.948242,26.337988],[88.981543,26.286133],[88.97041,26.250879],[88.940723,26.245361],[88.896484,26.260498],[88.828027,26.252197],[88.761914,26.279395],[88.722168,26.281836],[88.682813,26.291699],[88.680664,26.352979],[88.620117,26.430664],[88.518262,26.517773],[88.418164,26.571533],[88.369922,26.564111],[88.345898,26.504785],[88.351465,26.482568],[88.38623,26.471533],[88.436719,26.437109],[88.447852,26.401025],[88.44043,26.369482],[88.378027,26.312012],[88.333984,26.25752],[88.235156,26.178076],[88.150781,26.087158],[88.129004,26.018213],[88.097363,25.956348],[88.08457,25.888232],[88.106641,25.841113],[88.147461,25.811426],[88.25293,25.789795],[88.363086,25.698193],[88.452344,25.574414],[88.502441,25.537012],[88.593457,25.495312],[88.769141,25.490479],[88.79541,25.45625],[88.820312,25.365527],[88.854785,25.333545],[88.944141,25.290771],[88.95166,25.259277],[88.929785,25.222998],[88.890137,25.194385],[88.817285,25.176221],[88.747559,25.168945],[88.677539,25.180469],[88.573828,25.187891],[88.45625,25.188428],[88.372949,24.961523],[88.313379,24.881836],[88.279492,24.881934],[88.188867,24.920605],[88.149805,24.914648],[88.045117,24.713037],[88.030273,24.664453],[88.023438,24.627832],[88.079102,24.549902],[88.145508,24.485791],[88.225,24.460645],[88.287109,24.479736],[88.3375,24.453857],[88.396973,24.389258],[88.498535,24.346631],[88.642285,24.325977],[88.723535,24.274902],[88.733594,24.230908],[88.726562,24.18623],[88.71377,24.069629],[88.699805,24.002539],[88.622559,23.826367],[88.567383,23.674414],[88.595996,23.602197],[88.616406,23.572754],[88.635742,23.55],[88.697656,23.493018],[88.74082,23.436621],[88.704004,23.292822],[88.724414,23.25498],[88.807617,23.229687],[88.89707,23.2104],[88.928125,23.186621],[88.850586,23.040527],[88.866992,22.938867],[88.899707,22.843506],[88.923438,22.687549],[88.926953,22.671143],[88.920703,22.632031],[88.971484,22.510937],[89.05,22.274609],[89.055859,22.18623],[89.051465,22.093164],[89.02793,21.937207],[88.949316,21.937939],[89.019629,21.833643],[89.041992,21.758691],[89.05166,21.654102],[88.96709,21.641357],[88.907422,21.653076],[88.85752,21.744678],[88.834375,21.661377],[88.74502,21.584375],[88.712988,21.621973],[88.694727,21.662402],[88.691211,21.733496],[88.740234,22.00542],[88.730273,22.036084],[88.708301,22.056152],[88.65957,22.066943],[88.641602,22.121973],[88.566797,21.832129],[88.599805,21.71377],[88.584668,21.659717],[88.445996,21.614258],[88.305469,21.72334],[88.2875,21.758203],[88.279199,21.696875],[88.253711,21.622314],[88.12207,21.635791],[88.056836,21.694141],[88.099414,21.793555],[88.181055,22.03291],[88.196289,22.139551],[88.087109,22.217725],[87.994434,22.265674],[87.941406,22.374316],[87.961621,22.255029],[88.010742,22.212646],[88.083008,22.182715],[88.159277,22.121729],[88.104102,22.047363],[88.050781,22.001074],[87.948437,21.825439],[87.82373,21.727344],[87.678223,21.653516],[87.200684,21.544873],[87.100684,21.500781],[86.954102,21.365332],[86.85957,21.236719],[86.842285,21.106348],[86.895801,20.965576],[86.939355,20.745068],[86.975488,20.700146],[86.924512,20.619775],[86.835938,20.534326],[86.7625,20.419141],[86.769238,20.355908],[86.750391,20.313232],[86.49873,20.171631],[86.445801,20.088916],[86.376563,20.006738],[86.293652,20.05376],[86.245215,20.053027],[86.311914,19.987793],[86.30293,19.944678],[86.279492,19.919434],[86.216211,19.895801],[85.85293,19.791748],[85.575,19.69292],[85.496875,19.696924],[85.511133,19.726904],[85.559766,19.753467],[85.555078,19.866895],[85.504102,19.887695],[85.459961,19.895898],[85.248633,19.757666],[85.162793,19.620898],[85.180762,19.594873],[85.228516,19.601318],[85.370898,19.678906],[85.436914,19.656885],[85.441602,19.626562],[85.225586,19.50835],[84.770996,19.125391],[84.749805,19.050098],[84.69082,18.964697],[84.609375,18.884326],[84.462793,18.689746],[84.181738,18.400586],[84.104102,18.292676],[83.654297,18.069873],[83.572266,18.003613],[83.387988,17.78667],[83.19834,17.608984],[82.976855,17.461816],[82.593164,17.273926],[82.35957,17.096191],[82.286523,16.978076],[82.281934,16.936084],[82.307227,16.878564],[82.35,16.825195],[82.359766,16.782813],[82.338672,16.706543],[82.327148,16.664355],[82.258789,16.559863],[82.141504,16.485352],[81.761914,16.329492],[81.711719,16.334473],[81.401855,16.365234],[81.286133,16.337061],[81.238574,16.263965],[81.132129,15.961768],[81.030078,15.881445],[80.993457,15.80874],[80.978711,15.75835],[80.917773,15.759668],[80.864746,15.782227],[80.825977,15.765918],[80.781836,15.867334],[80.707812,15.888086],[80.646582,15.89502],[80.384863,15.792773],[80.293457,15.710742],[80.101074,15.323633],[80.053418,15.074023],[80.098633,14.798242],[80.16543,14.577832],[80.178711,14.47832],[80.170117,14.349414],[80.13623,14.286572],[80.111719,14.212207],[80.143652,14.058936],[80.224414,13.858203],[80.244141,13.773486],[80.245801,13.68584],[80.306543,13.485059],[80.265625,13.521289],[80.233398,13.605762],[80.15625,13.71377],[80.062109,13.60625],[80.114258,13.528711],[80.290332,13.436719],[80.342383,13.361328],[80.229102,12.690332],[80.143066,12.452002],[80.0375,12.295801],[79.981738,12.235449],[79.858496,11.98877],[79.771387,11.690234],[79.754102,11.575293],[79.793359,11.44668],[79.748926,11.370605],[79.693164,11.312549],[79.799023,11.338672],[79.835254,11.268848],[79.848633,11.196875],[79.850195,10.768848],[79.838184,10.322559],[79.756934,10.304346],[79.667383,10.299707],[79.588574,10.312354],[79.531641,10.329639],[79.390527,10.305957],[79.314551,10.256689],[79.253613,10.174805],[79.257812,10.035205],[78.996289,9.683105],[78.939941,9.565771],[78.919141,9.452881],[78.953125,9.393799],[79.019922,9.33335],[79.107031,9.308936],[79.275488,9.284619],[79.356348,9.252148],[79.411426,9.192383],[79.212891,9.256006],[78.97959,9.268555],[78.421484,9.105029],[78.274512,8.990186],[78.19248,8.890869],[78.136035,8.663379],[78.126367,8.511328],[78.060156,8.38457],[77.770312,8.189844],[77.587207,8.129883],[77.517578,8.07832],[77.301465,8.145313],[77.065918,8.315918],[76.966895,8.407275],[76.617285,8.84707],[76.553418,8.902783],[76.48291,9.090771],[76.471777,9.16084],[76.452344,9.18877],[76.419043,9.207812],[76.403125,9.236816],[76.324609,9.4521],[76.292383,9.676465],[76.242383,9.9271],[76.284668,9.909863],[76.343066,9.827344],[76.372266,9.707373],[76.375586,9.539893],[76.419531,9.520459],[76.458789,9.53623],[76.346484,9.922119],[76.24873,10.017969],[76.222754,10.024268],[76.195605,10.086133],[76.192676,10.16377],[76.201465,10.200635],[76.12334,10.327002],[76.096094,10.402246],[75.922559,10.784082],[75.844629,11.057568],[75.723828,11.361768],[75.646094,11.468408],[75.524512,11.703125],[75.422656,11.812207],[75.314648,11.958447],[75.229785,12.02334],[75.19668,12.05752],[74.945508,12.564551],[74.868262,12.84458],[74.80293,12.976855],[74.770508,13.077344],[74.682324,13.506934],[74.681641,13.58374],[74.670898,13.667627],[74.608496,13.849658],[74.498535,14.046338],[74.466699,14.168848],[74.466992,14.216504],[74.397168,14.407422],[74.382227,14.494727],[74.335059,14.575439],[74.280371,14.649512],[74.223047,14.708887],[74.08877,14.902197],[74.040625,14.949365],[73.949219,15.074756],[73.884277,15.306445],[73.800781,15.396973],[73.931934,15.396973],[73.851953,15.482471],[73.813867,15.538574],[73.771777,15.573047],[73.832813,15.659375],[73.732813,15.656934],[73.679883,15.708887],[73.607715,15.871094],[73.476074,16.054248],[73.453711,16.1521],[73.337598,16.459863],[73.23916,17.198535],[73.149023,17.527441],[73.156055,17.621924],[73.047168,17.906738],[72.993945,18.097705],[72.97207,18.259277],[72.943164,18.365625],[72.917187,18.576123],[72.875488,18.642822],[72.870898,18.683057],[72.89873,18.778955],[72.976855,18.927197],[73.005566,19.021094],[72.97207,19.15332],[72.900684,19.014502],[72.834668,18.975586],[72.803027,19.079297],[72.802734,19.21875],[72.794531,19.2521],[72.811621,19.298926],[72.987207,19.277441],[72.787891,19.362988],[72.763965,19.413184],[72.756445,19.450537],[72.799414,19.519824],[72.726563,19.578271],[72.697461,19.757129],[72.675977,19.797949],[72.667773,19.830957],[72.708984,20.078027],[72.881152,20.563184],[72.89375,20.672754],[72.878906,20.828516],[72.840527,20.95249],[72.824316,21.083594],[72.813867,21.117188],[72.751562,21.12915],[72.692383,21.177637],[72.623828,21.371973],[72.686523,21.435742],[72.734766,21.470801],[72.668359,21.455908],[72.613281,21.461816],[72.717578,21.55127],[72.810547,21.619922],[73.022461,21.699609],[73.1125,21.750439],[72.979102,21.704688],[72.839746,21.687256],[72.543066,21.696582],[72.59248,21.877588],[72.644043,21.937988],[72.700195,21.971924],[72.61748,21.961719],[72.522266,21.976221],[72.553027,22.159961],[72.62793,22.199609],[72.708789,22.207178],[72.80918,22.233301],[72.701953,22.263623],[72.590137,22.278125],[72.455957,22.248096],[72.332617,22.270215],[72.182813,22.269727],[72.242578,22.245166],[72.306445,22.189209],[72.274414,22.089746],[72.244336,22.027637],[72.161719,21.984814],[72.094434,21.919971],[72.075586,21.862988],[72.037207,21.823047],[72.10293,21.79458],[72.170898,21.774316],[72.210352,21.728223],[72.256641,21.66123],[72.254004,21.531006],[72.076563,21.224072],[72.015234,21.155713],[71.571094,20.970557],[71.396484,20.869775],[71.024609,20.738867],[70.879687,20.714502],[70.719336,20.74043],[70.485059,20.840186],[70.127344,21.094678],[70.034375,21.178809],[69.748438,21.505713],[69.541992,21.678564],[69.385449,21.839551],[69.191699,21.991504],[69.008789,22.196777],[68.969922,22.290283],[68.983496,22.3854],[69.05166,22.437305],[69.131348,22.41626],[69.194238,22.336084],[69.238867,22.300195],[69.276563,22.285498],[69.549219,22.408398],[69.655176,22.403516],[69.727539,22.465186],[69.819043,22.451758],[70.005859,22.547705],[70.08418,22.553516],[70.177246,22.572754],[70.327734,22.815771],[70.44043,22.970312],[70.513477,23.00249],[70.509375,23.040137],[70.489258,23.089502],[70.43457,23.0771],[70.396289,23.030127],[70.367969,22.973486],[70.339453,22.939746],[70.251172,22.970898],[70.191699,22.965674],[70.118262,22.947021],[69.849805,22.856445],[69.739648,22.775195],[69.664648,22.759082],[69.235937,22.848535],[68.81709,23.053711],[68.640723,23.189941],[68.529199,23.364063],[68.41748,23.571484],[68.453809,23.629492],[68.627148,23.75415],[68.776758,23.8521],[68.642383,23.808496],[68.496875,23.747998],[68.424902,23.705566],[68.343359,23.616846],[68.234961,23.596973],[68.191992,23.728906],[68.165039,23.857324]]],[[[93.890039,6.831055],[93.828809,6.748682],[93.709277,7.000684],[93.658008,7.016064],[93.656348,7.13623],[93.68418,7.183594],[93.822461,7.236621],[93.858984,7.206836],[93.92959,6.973486],[93.890039,6.831055]]],[[[93.733594,7.356494],[93.638477,7.261865],[93.597266,7.31875],[93.614258,7.358105],[93.654688,7.379932],[93.69248,7.410596],[93.733594,7.356494]]],[[[93.140723,8.249512],[93.170605,8.212061],[93.115234,8.218506],[93.064258,8.274951],[93.077539,8.327881],[93.096973,8.349365],[93.140723,8.249512]]],[[[93.442578,7.877832],[93.365039,7.876562],[93.341992,7.919336],[93.309375,7.964014],[93.334473,8.006934],[93.375488,8.01792],[93.433691,7.948389],[93.447363,7.899121],[93.442578,7.877832]]],[[[93.536914,8.056641],[93.490039,8.019434],[93.478223,8.024463],[93.471777,8.052686],[93.469727,8.072656],[93.46123,8.108594],[93.456445,8.171875],[93.494043,8.224658],[93.531641,8.21377],[93.511621,8.159766],[93.536914,8.056641]]],[[[92.7875,9.13667],[92.743555,9.130957],[92.716602,9.165088],[92.713281,9.204883],[92.738574,9.230664],[92.762109,9.243896],[92.785742,9.240527],[92.809277,9.173389],[92.7875,9.13667]]],[[[92.502832,10.554883],[92.472656,10.520752],[92.369531,10.547412],[92.377148,10.650586],[92.352832,10.751123],[92.370703,10.793506],[92.447852,10.865527],[92.510352,10.897461],[92.554004,10.799805],[92.574316,10.704248],[92.502832,10.554883]]],[[[92.693164,11.381152],[92.644531,11.361328],[92.595703,11.386426],[92.633887,11.426758],[92.640234,11.509131],[92.690039,11.463428],[92.687207,11.41123],[92.693164,11.381152]]],[[[92.722754,11.536084],[92.700781,11.512549],[92.668359,11.538721],[92.575586,11.718213],[92.559668,11.833447],[92.533887,11.873389],[92.566504,11.930518],[92.60752,11.949512],[92.631836,12.013867],[92.640625,12.112207],[92.676465,12.192383],[92.694727,12.214697],[92.769238,12.215576],[92.788281,12.225781],[92.777637,12.302539],[92.734082,12.335938],[92.718945,12.357324],[92.720703,12.54126],[92.732031,12.615625],[92.75918,12.669092],[92.740039,12.779639],[92.753125,12.820898],[92.807031,12.878906],[92.830859,13.002637],[92.808984,13.0396],[92.860156,13.230566],[92.857324,13.358105],[92.924609,13.48584],[93.029395,13.543848],[93.062305,13.545459],[93.066699,13.436475],[93.07666,13.400684],[93.016016,13.336182],[93.073828,13.2521],[93.066113,13.221582],[93.042969,13.154883],[93.004687,13.089355],[92.951367,13.0625],[92.909961,12.975195],[92.88623,12.942285],[92.965039,12.850488],[92.990234,12.538525],[92.932617,12.453076],[92.863672,12.436035],[92.879492,12.22793],[92.867188,12.181445],[92.798828,12.079248],[92.78623,12.034668],[92.747656,11.992773],[92.763965,11.94043],[92.796777,11.917529],[92.797559,11.874658],[92.766992,11.764648],[92.764648,11.63916],[92.722754,11.536084]]],[[[93.017383,12.036816],[93.062109,11.899414],[92.981738,11.959473],[92.955371,12.002441],[92.995801,12.031787],[93.017383,12.036816]]],[[[92.717578,12.864893],[92.685742,12.799951],[92.679688,12.939258],[92.694434,12.956787],[92.710645,12.961572],[92.730859,12.948535],[92.717578,12.864893]]],[[[72.780371,11.20249],[72.773047,11.196094],[72.772461,11.214258],[72.781836,11.243311],[72.792676,11.262744],[72.795898,11.260449],[72.792871,11.241553],[72.787891,11.215918],[72.780371,11.20249]]],[[[73.067383,8.269092],[73.05332,8.256689],[73.038867,8.251953],[73.028516,8.253516],[73.023438,8.265918],[73.026074,8.275293],[73.038965,8.264844],[73.055859,8.274561],[73.075195,8.306348],[73.079492,8.316504],[73.083594,8.311035],[73.079785,8.293066],[73.067383,8.269092]]]]},"properties":{"kind":"land","name":"India","label":[79.358105,22.686852]}},{"type":"Feature","geometry":{"type":"MultiPolygon","coordinates":[[[[118.183008,24.496289],[118.149512,24.436133],[118.090527,24.446143],[118.08877,24.488867],[118.076758,24.501416],[118.092969,24.541211],[118.103809,24.552344],[118.170703,24.518506],[118.183008,24.496289]]],[[[121.862695,31.492285],[121.780469,31.46377],[121.519922,31.549609],[121.336426,31.64375],[121.226855,31.758105],[121.211133,31.805371],[121.338965,31.797363],[121.46416,31.756445],[121.491797,31.693652],[121.542285,31.673926],[121.576563,31.637305],[121.808301,31.552148],[121.843652,31.526367],[121.862695,31.492285]]],[[[122.295898,29.963428],[122.281543,29.943848],[122.157813,30.00127],[122.024023,30.01333],[121.977832,30.063818],[121.969434,30.143115],[122.110547,30.139746],[122.284473,30.068018],[122.322266,30.031396],[122.295898,29.963428]]],[[[122.172559,29.679004],[122.169043,29.660254],[122.083789,29.725342],[122.042676,29.735937],[122.062305,29.772754],[122.119629,29.782227],[122.165039,29.700781],[122.172559,29.679004]]],[[[122.403906,29.892383],[122.394043,29.846094],[122.367578,29.852686],[122.331836,29.934961],[122.350977,29.955225],[122.401563,29.950244],[122.403906,29.892383]]],[[[119.820898,25.456982],[119.74668,25.410693],[119.700293,25.432715],[119.699414,25.494727],[119.723047,25.550586],[119.695996,25.590869],[119.722559,25.638818],[119.77793,25.653174],[119.797461,25.623242],[119.828711,25.607373],[119.838379,25.591064],[119.838672,25.559668],[119.809082,25.507812],[119.832422,25.47959],[119.820898,25.456982]]],[[[110.385156,21.093164],[110.422363,21.058594],[110.521582,21.083105],[110.539551,21.039014],[110.538867,21.018457],[110.503906,20.967725],[110.421875,21.006885],[110.339941,20.997754],[110.280957,21.001172],[110.264648,21.025195],[110.309863,21.074756],[110.385156,21.093164]]],[[[121.251367,28.086426],[121.164258,28.0625],[121.131543,28.062598],[121.133984,28.135254],[121.205469,28.204395],[121.234375,28.181299],[121.250977,28.145215],[121.251367,28.086426]]],[[[113.555273,22.804199],[113.563672,22.75791],[113.485645,22.82832],[113.463379,22.832373],[113.426074,22.858594],[113.404395,22.902832],[113.464941,22.904541],[113.520508,22.852051],[113.555273,22.804199]]],[[[112.790234,21.601855],[112.771094,21.581836],[112.741992,21.618066],[112.733496,21.669922],[112.712695,21.697949],[112.760547,21.733252],[112.782031,21.772266],[112.839063,21.764502],[112.862598,21.752637],[112.812598,21.712158],[112.800684,21.694873],[112.790234,21.601855]]],[[[112.64375,21.639648],[112.545605,21.618506],[112.525,21.623047],[112.558984,21.674756],[112.647656,21.710254],[112.64375,21.639648]]],[[[107.972656,21.507959],[107.908398,21.5604],[107.802051,21.645166],[107.759277,21.655029],[107.641016,21.613916],[107.471387,21.59834],[107.433496,21.642285],[107.351172,21.608887],[107.27207,21.710645],[107.178516,21.71709],[107.061621,21.794189],[107.019824,21.834863],[107.006445,21.893408],[106.970996,21.923926],[106.925195,21.920117],[106.874512,21.95127],[106.794141,21.981982],[106.729492,22.000342],[106.697656,21.986182],[106.663574,21.978906],[106.657715,22.018213],[106.660059,22.136475],[106.654199,22.241455],[106.636523,22.288623],[106.593164,22.324512],[106.553613,22.341699],[106.536328,22.39541],[106.550391,22.501367],[106.582422,22.573242],[106.633105,22.586035],[106.701563,22.637744],[106.736328,22.710938],[106.780273,22.778906],[106.624023,22.874268],[106.541797,22.90835],[106.450879,22.893896],[106.338086,22.863477],[106.279004,22.857471],[106.249414,22.869434],[106.183984,22.955127],[106.148438,22.970068],[106.068457,22.975537],[106.000977,22.974756],[105.962305,22.937451],[105.902637,22.924951],[105.842969,22.922803],[105.782324,22.969336],[105.691211,23.029932],[105.548145,23.072656],[105.530859,23.121973],[105.494531,23.180859],[105.440137,23.235352],[105.350488,23.307666],[105.275391,23.345215],[105.23877,23.322119],[105.189063,23.281055],[104.995703,23.194336],[104.910156,23.160547],[104.864746,23.136377],[104.826563,23.100195],[104.814746,23.010791],[104.795703,22.911133],[104.740039,22.860498],[104.687305,22.822217],[104.631738,22.818213],[104.577539,22.82002],[104.526855,22.804102],[104.371777,22.704053],[104.29834,22.712012],[104.238281,22.768506],[104.2125,22.809424],[104.143066,22.800146],[104.053906,22.752295],[104.012695,22.666357],[103.99082,22.586133],[103.971387,22.550488],[103.941504,22.540088],[103.915039,22.538232],[103.637305,22.77002],[103.620215,22.782031],[103.570703,22.734424],[103.525391,22.611572],[103.492969,22.587988],[103.470996,22.597412],[103.356055,22.754688],[103.32666,22.769775],[103.300586,22.764404],[103.266309,22.713525],[103.193359,22.638525],[103.137598,22.592969],[103.136328,22.542236],[103.075879,22.49751],[103.005371,22.452979],[102.981934,22.448242],[102.935156,22.466162],[102.874219,22.525391],[102.830078,22.587158],[102.720996,22.648486],[102.598535,22.700391],[102.517188,22.741016],[102.470898,22.750928],[102.42793,22.732812],[102.406445,22.708008],[102.375781,22.646631],[102.302246,22.545996],[102.237012,22.466016],[102.175977,22.414648],[102.127441,22.379199],[102.091504,22.412256],[102.024414,22.439209],[101.94541,22.439404],[101.841797,22.388477],[101.759961,22.490332],[101.73877,22.495264],[101.70752,22.486572],[101.671484,22.462305],[101.646191,22.40542],[101.619922,22.327441],[101.567871,22.276367],[101.524512,22.253662],[101.537305,22.209863],[101.561816,22.162402],[101.560254,22.120898],[101.575781,22.055273],[101.60293,21.989697],[101.699609,21.882471],[101.736523,21.826514],[101.743945,21.777979],[101.747266,21.605762],[101.743457,21.533838],[101.724219,21.39502],[101.722949,21.314941],[101.763086,21.278906],[101.802051,21.235986],[101.800586,21.212598],[101.783496,21.20415],[101.728125,21.156396],[101.704785,21.150146],[101.668555,21.169629],[101.62168,21.184424],[101.583887,21.203564],[101.542383,21.234277],[101.443555,21.230811],[101.281445,21.184131],[101.247852,21.197314],[101.224414,21.22373],[101.211816,21.278223],[101.219922,21.342432],[101.205566,21.383301],[101.175391,21.40752],[101.19668,21.52207],[101.138867,21.56748],[101.147266,21.581641],[101.128125,21.705127],[101.130859,21.735547],[101.120703,21.746094],[101.079785,21.755859],[101.019336,21.736377],[100.835156,21.655176],[100.677148,21.504932],[100.60459,21.471777],[100.531348,21.458105],[100.445703,21.484082],[100.350586,21.501025],[100.214746,21.462988],[100.147656,21.480518],[100.116797,21.511182],[100.089258,21.55791],[100.105762,21.617041],[100.095508,21.660645],[100.041211,21.682764],[99.978223,21.701611],[99.940723,21.75874],[99.925586,21.820801],[99.94043,21.901611],[99.947852,21.98833],[99.917676,22.028027],[99.825391,22.049707],[99.592676,22.08916],[99.388672,22.110791],[99.303125,22.100635],[99.233398,22.110156],[99.192969,22.125977],[99.173438,22.15332],[99.172363,22.19248],[99.205371,22.282568],[99.243066,22.370361],[99.337695,22.498047],[99.343164,22.586523],[99.338281,22.688672],[99.385156,22.825098],[99.466797,22.927295],[99.507129,22.959131],[99.497266,23.00459],[99.464551,23.04624],[99.418066,23.069238],[99.34082,23.095898],[99.220313,23.10332],[99.055078,23.130566],[98.86377,23.19126],[98.885547,23.307471],[98.882617,23.380322],[98.858887,23.440088],[98.819727,23.48252],[98.797852,23.52041],[98.832227,23.624365],[98.787695,23.737842],[98.735059,23.783105],[98.680859,23.841797],[98.676758,23.905078],[98.701563,23.964062],[98.833984,24.090576],[98.835059,24.121191],[98.802344,24.118701],[98.764355,24.116064],[98.583398,24.069824],[98.56416,24.098828],[98.499414,24.115674],[98.367285,24.119043],[98.2125,24.110645],[98.016895,24.06543],[97.837695,23.986279],[97.755664,23.931885],[97.686035,23.898096],[97.629687,23.887158],[97.564551,23.911035],[97.568262,23.988477],[97.690625,24.130811],[97.708203,24.22876],[97.670703,24.312744],[97.666602,24.37998],[97.623633,24.422949],[97.563281,24.443848],[97.531445,24.491699],[97.529395,24.631201],[97.583301,24.774805],[97.670703,24.820117],[97.723828,24.841992],[97.737891,24.869873],[97.710742,24.970361],[97.714941,25.034326],[97.767383,25.158057],[97.819531,25.251855],[97.917969,25.236133],[97.962012,25.259326],[98.010742,25.292529],[98.064063,25.348975],[98.099609,25.415723],[98.142871,25.571094],[98.172559,25.594531],[98.296582,25.568848],[98.333789,25.586768],[98.40166,25.677979],[98.465527,25.788867],[98.558398,25.823242],[98.625391,25.826709],[98.65625,25.863574],[98.654688,25.917773],[98.591016,26.003711],[98.564063,26.072412],[98.571973,26.114062],[98.663184,26.139453],[98.685547,26.189355],[98.671875,26.298535],[98.709473,26.429688],[98.731836,26.583398],[98.739355,26.698145],[98.738477,26.785742],[98.729492,26.877393],[98.716504,27.044922],[98.674805,27.190625],[98.682422,27.245312],[98.676758,27.421924],[98.651172,27.572461],[98.599805,27.598828],[98.504492,27.647656],[98.452539,27.657227],[98.408887,27.639453],[98.392383,27.587061],[98.350488,27.538086],[98.298828,27.550098],[98.274219,27.599072],[98.241016,27.663184],[98.130469,27.967578],[98.118359,28.055225],[98.098926,28.142285],[98.061621,28.185889],[98.022266,28.211523],[97.934082,28.313818],[97.887598,28.356494],[97.864941,28.363574],[97.816504,28.356348],[97.769043,28.356152],[97.730078,28.407129],[97.694629,28.469336],[97.658887,28.5],[97.599219,28.517041],[97.537891,28.510205],[97.502148,28.456348],[97.477734,28.425635],[97.431445,28.353906],[97.356445,28.254492],[97.322461,28.217969],[97.289453,28.236816],[97.145117,28.340332],[97.075391,28.368945],[96.980859,28.337695],[96.833008,28.362402],[96.775781,28.367041],[96.652832,28.449756],[96.602637,28.459912],[96.427734,28.406006],[96.389063,28.36792],[96.366406,28.367285],[96.319824,28.386523],[96.281445,28.412061],[96.278906,28.428174],[96.326172,28.468555],[96.329883,28.496826],[96.327344,28.525391],[96.395605,28.606543],[96.580859,28.763672],[96.55,28.82959],[96.477148,28.959326],[96.46709,29.022266],[96.435742,29.050684],[96.346875,29.027441],[96.162207,28.909717],[96.137109,28.922607],[96.141406,28.963477],[96.122363,29.08208],[96.180859,29.117676],[96.270508,29.16123],[96.339746,29.209814],[96.355859,29.249072],[96.337207,29.260986],[96.234961,29.245801],[96.194727,29.272461],[96.128516,29.381396],[96.07959,29.424121],[96.035352,29.447168],[95.885059,29.390918],[95.710352,29.313818],[95.51582,29.206348],[95.516992,29.151172],[95.49375,29.137012],[95.456543,29.102295],[95.420215,29.054297],[95.389258,29.037402],[95.353125,29.035889],[95.279102,29.049561],[95.144727,29.104053],[94.998828,29.14917],[94.96748,29.144043],[94.769434,29.175879],[94.763086,29.20127],[94.733398,29.251611],[94.677051,29.297021],[94.623047,29.312402],[94.468066,29.216211],[94.293262,29.144629],[94.193457,29.059912],[94.111523,28.975879],[94.017676,28.959521],[94.013281,28.90752],[93.973633,28.860791],[93.902246,28.803223],[93.760742,28.729785],[93.664941,28.690234],[93.360547,28.654053],[93.251953,28.629492],[93.206543,28.59082],[93.157813,28.492725],[93.119238,28.402295],[93.034961,28.327637],[92.881836,28.228125],[92.701855,28.147119],[92.652539,28.093359],[92.643457,28.061523],[92.665625,28.049854],[92.6875,28.025732],[92.687793,27.988965],[92.664355,27.948926],[92.54668,27.879199],[92.480664,27.845947],[92.414844,27.824609],[92.341016,27.820752],[92.270117,27.830225],[92.250488,27.841504],[92.222266,27.826953],[92.157617,27.812256],[92.10127,27.807617],[91.977637,27.730371],[91.909375,27.729687],[91.824707,27.746436],[91.712598,27.759814],[91.631934,27.759961],[91.629395,27.800879],[91.641895,27.923242],[91.605566,27.951709],[91.493359,27.981787],[91.367578,28.021631],[91.306836,28.064014],[91.273047,28.078369],[91.225879,28.07124],[91.149902,28.026758],[91.077734,27.974463],[91.020801,27.970068],[90.9625,27.99458],[90.906641,28.026514],[90.715723,28.071729],[90.630078,28.078564],[90.477344,28.07085],[90.352734,28.080225],[90.333105,28.093994],[90.333789,28.119141],[90.352148,28.168164],[90.362988,28.216504],[90.348242,28.243945],[90.220801,28.277734],[90.104492,28.302051],[89.981055,28.311182],[89.897852,28.294141],[89.816895,28.256299],[89.749805,28.188184],[89.652734,28.158301],[89.536914,28.107422],[89.480664,28.059961],[89.395898,27.958154],[89.272656,27.833154],[89.160449,27.711279],[89.102344,27.592578],[89.025488,27.517871],[88.947559,27.464014],[88.891406,27.316064],[88.83252,27.362842],[88.764844,27.429883],[88.749023,27.521875],[88.829883,27.767383],[88.848828,27.868652],[88.828613,27.907275],[88.803711,28.006934],[88.75625,28.039697],[88.621094,28.091846],[88.57793,28.093359],[88.531641,28.057373],[88.486133,28.034473],[88.425977,28.01167],[88.275195,27.968848],[88.141113,27.948926],[88.108984,27.933008],[88.098926,27.904541],[88.109766,27.870605],[88.02334,27.883398],[87.933398,27.89082],[87.860742,27.886084],[87.682715,27.821387],[87.622559,27.815186],[87.555273,27.821826],[87.46416,27.823828],[87.290723,27.821924],[87.141406,27.83833],[87.020117,27.928662],[86.933789,27.968457],[86.842383,27.99917],[86.750391,28.02207],[86.719629,28.070654],[86.690527,28.094922],[86.614453,28.103027],[86.554492,28.085205],[86.516895,27.963525],[86.484961,27.939551],[86.408691,27.928662],[86.328613,27.959521],[86.217969,28.02207],[86.174219,28.091699],[86.137012,28.114355],[86.078711,28.083594],[86.075488,27.99458],[86.06416,27.934717],[85.994531,27.9104],[85.954102,27.928223],[85.92168,27.989697],[85.840234,28.135352],[85.759473,28.220654],[85.67832,28.277441],[85.410645,28.276025],[85.212109,28.292627],[85.122461,28.315967],[85.088574,28.372266],[85.121484,28.484277],[85.160156,28.571875],[85.159082,28.592236],[85.126367,28.602637],[85.069141,28.609668],[84.855078,28.553613],[84.796875,28.560205],[84.759375,28.579248],[84.714258,28.595557],[84.676758,28.621533],[84.650586,28.65957],[84.46543,28.75293],[84.410742,28.803906],[84.312109,28.868115],[84.228711,28.911768],[84.175586,29.036377],[84.127832,29.156299],[84.101367,29.219971],[84.021973,29.253857],[83.935938,29.279492],[83.79043,29.227441],[83.671094,29.187598],[83.583496,29.183594],[83.456641,29.306348],[83.355176,29.43916],[83.235156,29.55459],[83.155469,29.612646],[83.013965,29.618066],[82.854297,29.683398],[82.64082,29.831201],[82.486523,29.941504],[82.220703,30.063867],[82.158984,30.115186],[82.135352,30.158984],[82.098926,30.245068],[82.043359,30.326758],[81.854883,30.362402],[81.641895,30.3875],[81.417188,30.337598],[81.255078,30.093311],[81.177148,30.039893],[81.110352,30.036816],[81.055566,30.098975],[81.010254,30.164502],[80.985449,30.237109],[80.873535,30.290576],[80.746777,30.3604],[80.682129,30.414844],[80.608887,30.448877],[80.541016,30.463525],[80.40957,30.509473],[80.260938,30.561328],[80.191211,30.568408],[80.18623,30.605322],[80.207129,30.68374],[80.194336,30.759229],[80.149414,30.789844],[80.081445,30.781934],[79.924512,30.88877],[79.918555,30.889893],[79.916602,30.894189],[79.871875,30.924609],[79.794629,30.968262],[79.664258,30.965234],[79.56543,30.949072],[79.493164,30.993701],[79.388477,31.064209],[79.369629,31.079932],[79.33877,31.105713],[79.232617,31.241748],[79.107129,31.402637],[79.04375,31.426221],[79.011133,31.414111],[78.973926,31.328613],[78.945996,31.337207],[78.899512,31.331348],[78.844531,31.301514],[78.791602,31.293652],[78.757812,31.30249],[78.743555,31.323779],[78.758594,31.436572],[78.726758,31.471826],[78.755078,31.550293],[78.80293,31.618066],[78.753906,31.668359],[78.693457,31.740381],[78.687012,31.805518],[78.719727,31.887646],[78.735449,31.957959],[78.725586,31.983789],[78.677734,32.023047],[78.495898,32.215771],[78.486133,32.23623],[78.455273,32.300342],[78.441309,32.397363],[78.41748,32.466699],[78.389648,32.519873],[78.391699,32.544727],[78.4125,32.557715],[78.526367,32.570801],[78.631543,32.578955],[78.700879,32.597021],[78.736719,32.558398],[78.753516,32.499268],[78.771289,32.468066],[78.837891,32.411963],[78.918945,32.358203],[78.997656,32.365137],[79.066992,32.388184],[79.127344,32.475781],[79.169922,32.497217],[79.219336,32.501074],[79.219043,32.507568],[79.216504,32.564014],[79.233887,32.703076],[79.22793,32.758789],[79.205566,32.809033],[79.20957,32.864844],[79.202246,32.946045],[79.145508,33.001465],[79.108594,33.022656],[79.102832,33.052539],[79.12168,33.108105],[79.135156,33.171924],[79.1125,33.22627],[79.066504,33.250391],[79.012598,33.291455],[78.948438,33.346533],[78.916699,33.386768],[78.865039,33.431104],[78.801855,33.499707],[78.789941,33.650342],[78.783789,33.808789],[78.761719,33.887598],[78.72666,34.013379],[78.731738,34.055566],[78.753027,34.087695],[78.931738,34.188965],[78.970605,34.228223],[78.976953,34.258105],[78.970117,34.302637],[78.936426,34.351953],[78.864844,34.390332],[78.763086,34.45293],[78.670801,34.518164],[78.515723,34.557959],[78.326953,34.606396],[78.282031,34.653906],[78.236133,34.769824],[78.158496,34.946484],[78.075781,35.134912],[78.012207,35.251025],[78.00918,35.306934],[78.047461,35.449414],[78.042676,35.479785],[78.009473,35.490234],[77.945898,35.471631],[77.894922,35.449023],[77.851562,35.460791],[77.810938,35.484521],[77.802539,35.492773],[77.799414,35.495898],[77.724023,35.480566],[77.572559,35.471826],[77.52002,35.473437],[77.446484,35.475586],[77.294824,35.508154],[77.090039,35.552051],[76.878906,35.613281],[76.766895,35.661719],[76.727539,35.678662],[76.631836,35.729395],[76.563477,35.772998],[76.55127,35.887061],[76.502051,35.878223],[76.385742,35.837158],[76.25166,35.810937],[76.177832,35.810547],[76.147852,35.829004],[76.10332,35.949219],[76.070898,35.983008],[76.010449,35.996338],[75.945117,36.017578],[75.912305,36.048975],[75.904883,36.088477],[75.934082,36.133936],[75.968652,36.168848],[75.974414,36.382422],[75.951855,36.458105],[75.933008,36.521582],[75.884961,36.600732],[75.840234,36.649707],[75.772168,36.694922],[75.667188,36.741992],[75.57373,36.759326],[75.460254,36.725049],[75.424219,36.738232],[75.376855,36.883691],[75.34668,36.913477],[75.145215,36.973242],[75.053906,36.987158],[74.949121,36.968359],[74.889258,36.952441],[74.841211,36.979102],[74.766016,37.012744],[74.692188,37.035742],[74.600586,37.03667],[74.541406,37.022168],[74.526465,37.030664],[74.497949,37.057227],[74.376172,37.137354],[74.372168,37.157715],[74.558984,37.236621],[74.668945,37.266699],[74.72666,37.290723],[74.738965,37.285645],[74.767383,37.24917],[74.840234,37.225049],[74.891309,37.231641],[74.918164,37.25],[75.008398,37.293555],[75.079004,37.344043],[75.11875,37.385693],[75.097461,37.45127],[74.986426,37.530371],[74.91582,37.572803],[74.894238,37.601416],[74.912305,37.687305],[74.938281,37.77251],[74.921289,37.80498],[74.900293,37.832715],[74.89082,37.925781],[74.84248,38.038086],[74.789648,38.103613],[74.775098,38.191895],[74.77207,38.274756],[74.835938,38.404297],[74.812305,38.460303],[74.74502,38.51001],[74.514063,38.6],[74.277441,38.659766],[74.187305,38.65752],[74.131348,38.661182],[74.065332,38.608496],[74.025586,38.539844],[73.97002,38.533691],[73.869141,38.562891],[73.80166,38.606885],[73.754102,38.698926],[73.716797,38.817236],[73.696094,38.854297],[73.706836,38.88623],[73.72998,38.914697],[73.794531,38.941309],[73.805273,38.968652],[73.795605,39.002148],[73.74375,39.044531],[73.69043,39.104541],[73.607324,39.229199],[73.623145,39.297852],[73.636328,39.39668],[73.631641,39.448877],[73.715723,39.462256],[73.822949,39.488965],[73.872754,39.533301],[73.907129,39.578516],[73.914648,39.606494],[73.88252,39.714551],[73.839746,39.762842],[73.835352,39.800146],[73.85625,39.828662],[73.88457,39.87793],[73.93877,39.978809],[73.991602,40.043115],[74.020508,40.059375],[74.085156,40.074316],[74.242676,40.092041],[74.411914,40.137207],[74.613086,40.272168],[74.679883,40.310596],[74.767773,40.329883],[74.830469,40.328516],[74.841797,40.344971],[74.80127,40.428516],[74.811133,40.458789],[74.835156,40.482617],[74.865625,40.493506],[75.004492,40.449512],[75.111328,40.454102],[75.241016,40.480273],[75.520801,40.627539],[75.555566,40.625195],[75.583496,40.605322],[75.617383,40.516602],[75.655957,40.329248],[75.677148,40.305811],[75.871973,40.303223],[76.004297,40.371436],[76.062305,40.387549],[76.156641,40.376465],[76.206055,40.408398],[76.258301,40.430762],[76.318555,40.352246],[76.396387,40.389795],[76.480176,40.449512],[76.520898,40.51123],[76.57793,40.577881],[76.622168,40.662354],[76.639844,40.742236],[76.661133,40.779639],[76.708398,40.818115],[76.824023,40.982324],[76.907715,41.02417],[76.986621,41.03916],[77.182031,41.010742],[77.283984,41.014355],[77.581738,40.992773],[77.719336,41.024316],[77.815234,41.055615],[77.956445,41.050684],[78.123438,41.075635],[78.346289,41.281445],[78.348828,41.325195],[78.362402,41.371631],[78.442871,41.417529],[78.543164,41.45957],[78.742578,41.560059],[79.148438,41.719141],[79.293555,41.782812],[79.354395,41.781055],[79.503906,41.820996],[79.766113,41.898877],[79.84043,41.995752],[79.909668,42.01499],[80.216211,42.032422],[80.235156,42.043457],[80.246191,42.059814],[80.229199,42.129834],[80.209375,42.190039],[80.233008,42.207812],[80.259082,42.2354],[80.255078,42.27417],[80.205762,42.399414],[80.179297,42.518359],[80.161914,42.625537],[80.165039,42.665527],[80.202246,42.734473],[80.250293,42.797266],[80.424023,42.855762],[80.538965,42.873486],[80.54375,42.911719],[80.450684,42.935547],[80.383398,42.973779],[80.371289,42.995605],[80.374512,43.02041],[80.390234,43.043115],[80.507031,43.085791],[80.616992,43.128271],[80.751172,43.10249],[80.777734,43.118945],[80.785742,43.161572],[80.757031,43.204346],[80.729785,43.274268],[80.667773,43.310059],[80.66543,43.352979],[80.703809,43.427051],[80.650781,43.56416],[80.593457,43.685107],[80.495996,43.89209],[80.431543,43.951758],[80.395801,44.047168],[80.355273,44.097266],[80.358984,44.171289],[80.365332,44.223291],[80.354883,44.326514],[80.336328,44.438379],[80.355078,44.552002],[80.391016,44.626807],[80.381445,44.65542],[80.400586,44.676904],[80.455469,44.684082],[80.481543,44.714648],[80.455469,44.746094],[80.36084,44.770312],[80.255078,44.808105],[80.127832,44.80376],[79.997168,44.797217],[79.932129,44.825195],[79.875293,44.86084],[79.871875,44.883789],[79.950195,44.944092],[80.05918,45.006445],[80.228223,45.033984],[80.414941,45.075098],[80.50918,45.10498],[80.634766,45.126514],[80.780078,45.135547],[80.85332,45.129297],[81.040332,45.169141],[81.334766,45.246191],[81.602051,45.31084],[81.691992,45.349365],[81.758887,45.31084],[81.789648,45.226025],[81.86748,45.18208],[81.944922,45.16084],[81.989258,45.161865],[82.122754,45.194873],[82.266602,45.219092],[82.323438,45.205859],[82.39668,45.162451],[82.478711,45.123584],[82.521484,45.125488],[82.558984,45.15542],[82.596973,45.215967],[82.621094,45.293115],[82.625781,45.374414],[82.611621,45.424268],[82.58252,45.442578],[82.45166,45.471973],[82.32666,45.519922],[82.312207,45.563721],[82.315234,45.594922],[82.348145,45.671533],[82.429688,45.811914],[82.511719,46.005811],[82.555078,46.158691],[82.692187,46.38667],[82.8,46.624463],[82.974902,46.966016],[83.004102,47.033496],[83.020117,47.141455],[83.029492,47.185937],[83.090332,47.209375],[83.193066,47.186572],[83.443555,47.108643],[83.634082,47.043213],[83.713965,47.021045],[83.832617,46.997852],[84.016016,46.970508],[84.12207,46.978613],[84.215137,46.994727],[84.338867,46.996143],[84.532422,46.975781],[84.592285,46.974951],[84.666602,46.972363],[84.719531,46.939355],[84.745996,46.864355],[84.786133,46.830713],[84.858203,46.843164],[85.012207,46.909229],[85.110547,46.96123],[85.233496,47.036377],[85.355371,47.046729],[85.484766,47.063525],[85.529688,47.100781],[85.577246,47.188477],[85.656641,47.254639],[85.669824,47.338379],[85.641797,47.397412],[85.586621,47.493652],[85.588281,47.558496],[85.561621,47.746484],[85.525977,47.915625],[85.562305,48.051855],[85.626367,48.204004],[85.651563,48.250537],[85.692187,48.311816],[85.749414,48.385059],[85.829883,48.408057],[86.056152,48.42373],[86.265625,48.454541],[86.372559,48.48623],[86.483301,48.505371],[86.549414,48.528613],[86.66377,48.635547],[86.717969,48.697168],[86.757812,48.860742],[86.728613,48.939355],[86.753125,49.008838],[86.808301,49.049707],[86.885938,49.090576],[86.937988,49.097559],[87.048535,49.109912],[87.22998,49.105859],[87.322852,49.085791],[87.416699,49.076611],[87.476172,49.091455],[87.51582,49.122412],[87.576563,49.132373],[87.668359,49.147217],[87.7625,49.16582],[87.814258,49.162305],[87.825195,49.116309],[87.816309,49.080273],[87.834668,49.031934],[87.872168,49.000146],[87.859863,48.965527],[87.806836,48.945508],[87.754687,48.918555],[87.743164,48.881641],[87.80918,48.835742],[87.831836,48.79165],[87.942187,48.765283],[88.02793,48.735596],[88.060059,48.707178],[88.050195,48.675049],[88.010645,48.64043],[87.972266,48.60332],[87.967383,48.581055],[87.979688,48.555127],[88.062598,48.537842],[88.158203,48.509082],[88.309961,48.47207],[88.413965,48.403418],[88.51709,48.384473],[88.566797,48.317432],[88.575977,48.220166],[88.681836,48.170557],[88.838281,48.101709],[88.917773,48.089014],[88.971094,48.049951],[89.047656,48.002539],[89.115625,47.987695],[89.196289,47.980908],[89.329883,48.024854],[89.479199,48.029053],[89.560938,48.003955],[89.638477,47.909082],[89.693164,47.87915],[89.725586,47.85249],[89.778125,47.827002],[89.831348,47.823291],[89.910449,47.844336],[89.958691,47.886328],[90.02793,47.877686],[90.053906,47.850488],[90.066602,47.803564],[90.103223,47.74541],[90.191016,47.7021],[90.313281,47.676172],[90.330664,47.655176],[90.347461,47.596973],[90.380664,47.556641],[90.425195,47.504102],[90.46748,47.408154],[90.476465,47.328809],[90.496191,47.285156],[90.55293,47.214014],[90.643359,47.100293],[90.715527,47.003857],[90.799023,46.985156],[90.869922,46.954492],[90.910547,46.883252],[90.985742,46.749023],[90.997852,46.661084],[91.004297,46.595752],[91.028906,46.566064],[91.033887,46.529004],[90.971484,46.387988],[90.918262,46.324268],[90.911523,46.270654],[90.947559,46.177295],[90.996777,46.10498],[91.001758,46.035791],[90.959766,45.985059],[90.887109,45.921631],[90.852441,45.8854],[90.795898,45.853516],[90.709668,45.730811],[90.670703,45.595166],[90.661816,45.525244],[90.694434,45.474658],[90.749609,45.418945],[90.763184,45.370654],[90.853223,45.262891],[90.877246,45.196094],[90.913965,45.193945],[90.953613,45.215918],[91.05,45.217432],[91.137695,45.193945],[91.221777,45.144531],[91.312109,45.118115],[91.441016,45.124756],[91.510059,45.098242],[91.584375,45.076514],[91.737793,45.068945],[91.852832,45.069336],[92.029785,45.068506],[92.172656,45.035254],[92.423828,45.008936],[92.578906,45.010986],[92.787891,45.035742],[92.916016,45.020166],[93.294336,44.983154],[93.516211,44.944482],[93.656445,44.900977],[93.755273,44.831934],[93.868164,44.724219],[93.95791,44.674951],[94.199316,44.645166],[94.364746,44.519482],[94.494336,44.47251],[94.712012,44.35083],[94.866016,44.30332],[95.049805,44.259424],[95.350293,44.278076],[95.366797,44.261523],[95.343652,44.19541],[95.325586,44.104883],[95.325586,44.039355],[95.356445,44.005957],[95.471289,43.986182],[95.525586,43.953955],[95.567187,43.892236],[95.591211,43.853613],[95.687305,43.664062],[95.841992,43.383691],[95.85957,43.275977],[95.9125,43.206494],[96.080273,43.096143],[96.168457,43.014502],[96.299512,42.928711],[96.34248,42.849316],[96.352344,42.746777],[96.385449,42.720361],[96.625293,42.743848],[96.833008,42.760254],[97.205664,42.789795],[97.718945,42.736279],[98.248242,42.684521],[98.716309,42.638721],[98.946875,42.616211],[99.467871,42.568213],[99.757422,42.629443],[99.983789,42.677344],[100.086328,42.670752],[100.519043,42.616797],[100.772559,42.587793],[101.091992,42.551318],[101.31377,42.537891],[101.495313,42.53877],[101.579102,42.523535],[101.659961,42.500049],[101.713867,42.46582],[101.879883,42.292334],[101.972949,42.215869],[102.156641,42.158105],[102.575195,42.09209],[102.806836,42.052002],[103.072852,42.005957],[103.247852,41.936572],[103.449707,41.855859],[103.711133,41.751318],[103.997266,41.796973],[104.305176,41.846143],[104.498242,41.877002],[104.498242,41.658691],[104.773633,41.641162],[104.860352,41.64375],[104.982031,41.595508],[105.050586,41.615918],[105.11543,41.663281],[105.19707,41.738037],[105.314355,41.770898],[105.51709,41.854736],[105.566406,41.875098],[105.867578,41.993994],[106.317187,42.140576],[106.51875,42.211572],[106.579102,42.227344],[106.693164,42.263574],[106.77002,42.288721],[106.906055,42.308887],[107.090723,42.321533],[107.292383,42.349268],[107.74873,42.400977],[107.805957,42.405859],[108.062305,42.427197],[108.171191,42.447314],[108.333984,42.436768],[108.546484,42.429297],[108.687305,42.416113],[108.874512,42.426465],[109.131641,42.440576],[109.339844,42.438379],[109.443164,42.455957],[109.595508,42.510547],[109.698047,42.553809],[109.858789,42.60625],[110.058008,42.660596],[110.196875,42.71001],[110.288867,42.742725],[110.400391,42.773682],[110.42959,42.813574],[110.461719,42.844141],[110.520898,42.895264],[110.627539,42.990527],[110.708594,43.073877],[110.748535,43.110791],[110.839551,43.194092],[110.913281,43.256885],[111.007227,43.341406],[111.086523,43.36875],[111.186816,43.391992],[111.451074,43.474902],[111.503516,43.492773],[111.547363,43.496289],[111.64082,43.563184],[111.719727,43.621143],[111.771094,43.6646],[111.878125,43.680176],[111.933203,43.711426],[111.942871,43.752441],[111.931738,43.814941],[111.880273,43.878906],[111.836914,43.934668],[111.683789,44.041113],[111.602637,44.107129],[111.519727,44.191895],[111.48623,44.271631],[111.42959,44.322363],[111.402246,44.367285],[111.410937,44.419189],[111.489453,44.511572],[111.514746,44.569824],[111.547461,44.6729],[111.621289,44.827148],[111.681445,44.89917],[111.751074,44.969531],[111.898047,45.064062],[112.032617,45.081641],[112.112891,45.062939],[112.29209,45.063037],[112.411328,45.058203],[112.499316,45.010937],[112.596777,44.917676],[112.706738,44.883447],[113.049414,44.810352],[113.196094,44.794824],[113.300977,44.79165],[113.455664,44.767432],[113.50791,44.762354],[113.587012,44.745703],[113.652637,44.763477],[113.752148,44.825928],[113.877051,44.896191],[113.930859,44.912305],[114.030273,44.942578],[114.080273,44.971143],[114.167383,45.049854],[114.281055,45.110889],[114.419141,45.202588],[114.487305,45.271729],[114.502246,45.316309],[114.517188,45.3646],[114.560156,45.38999],[114.644336,45.413281],[114.73877,45.419629],[114.919238,45.378271],[115.162598,45.390234],[115.21748,45.396191],[115.439453,45.419971],[115.539453,45.439502],[115.681055,45.458252],[115.78916,45.534814],[115.93418,45.626172],[116.039551,45.676953],[116.109863,45.686719],[116.197656,45.739355],[116.240625,45.795996],[116.229102,45.845752],[116.212988,45.886914],[116.264551,45.963037],[116.357617,46.096582],[116.444824,46.158789],[116.516699,46.209082],[116.562598,46.289795],[116.619336,46.313086],[116.688867,46.321973],[116.787012,46.37666],[116.859082,46.387939],[116.978809,46.361768],[117.155957,46.355078],[117.269043,46.352246],[117.333398,46.362012],[117.356934,46.391309],[117.356348,46.43667],[117.392188,46.537598],[117.405566,46.570898],[117.438086,46.58623],[117.546875,46.588281],[117.620508,46.552002],[117.671094,46.52207],[117.741211,46.518164],[117.813477,46.537695],[117.910449,46.619336],[118.071289,46.666602],[118.156836,46.678564],[118.308691,46.717041],[118.404395,46.703174],[118.580469,46.691895],[118.64873,46.70166],[118.722949,46.691895],[118.790332,46.74707],[118.843945,46.760205],[118.957129,46.734863],[119.028516,46.692187],[119.162109,46.638672],[119.331836,46.613818],[119.474023,46.62666],[119.620215,46.603955],[119.706641,46.606006],[119.747461,46.627197],[119.867188,46.672168],[119.895898,46.732861],[119.88418,46.791455],[119.897852,46.857812],[119.862695,46.906592],[119.788477,46.978809],[119.759863,47.027002],[119.757227,47.090039],[119.711133,47.15],[119.600195,47.222461],[119.526953,47.255908],[119.37666,47.380859],[119.325977,47.410156],[119.308594,47.430713],[119.29082,47.472656],[119.235254,47.492578],[119.162402,47.525195],[119.122949,47.558496],[119.097266,47.61626],[119.081934,47.65415],[119.017578,47.685352],[118.953125,47.70293],[118.880273,47.725098],[118.759961,47.757617],[118.690527,47.822266],[118.567773,47.943262],[118.498438,47.983984],[118.239648,47.999512],[118.14707,48.028906],[118.041895,48.018945],[117.979199,47.999609],[117.84043,47.999854],[117.768359,47.987891],[117.67666,47.908301],[117.555371,47.804688],[117.455078,47.741357],[117.383984,47.675732],[117.350781,47.652197],[117.285937,47.666357],[117.19707,47.740283],[117.069727,47.806396],[116.95166,47.836572],[116.901172,47.853076],[116.760547,47.869775],[116.651953,47.864502],[116.513477,47.839551],[116.378223,47.844043],[116.317187,47.859863],[116.231152,47.858203],[116.074805,47.789551],[115.993848,47.711328],[115.898242,47.686914],[115.811719,47.738232],[115.711719,47.798926],[115.616406,47.874805],[115.557617,47.94502],[115.525098,48.130859],[115.639453,48.18623],[115.785547,48.248242],[115.796582,48.346338],[115.791699,48.455713],[115.820508,48.577246],[115.953809,48.689355],[116.025488,48.782275],[116.034375,48.840039],[116.098242,48.936133],[116.159668,49.037451],[116.243359,49.170361],[116.402148,49.406201],[116.589746,49.684814],[116.683301,49.823779],[116.888965,49.737793],[117.02168,49.692969],[117.245605,49.624854],[117.477148,49.609424],[117.698438,49.53584],[117.812598,49.513525],[117.873438,49.513477],[118.186621,49.692773],[118.451563,49.844482],[118.755957,49.962842],[118.979492,49.978857],[119.147461,50.013379],[119.259863,50.066406],[119.326074,50.154932],[119.346289,50.278955],[119.301562,50.353906],[119.191895,50.379834],[119.163672,50.406006],[119.216699,50.43252],[119.255859,50.48418],[119.280664,50.560986],[119.344043,50.633887],[119.445703,50.702832],[119.501758,50.779248],[119.512305,50.863135],[119.573438,50.946777],[119.684961,51.030127],[119.745996,51.107715],[119.756641,51.179492],[119.813184,51.267041],[119.966992,51.422119],[120.066895,51.600684],[120.237012,51.722998],[120.510547,51.848535],[120.681445,51.973047],[120.749805,52.096533],[120.744531,52.205469],[120.66543,52.299902],[120.650391,52.395898],[120.699219,52.493604],[120.656152,52.56665],[120.521094,52.615039],[120.360059,52.627002],[120.172754,52.60249],[120.067578,52.63291],[120.044336,52.718213],[120.094531,52.787207],[120.218164,52.839893],[120.421289,52.968066],[120.704102,53.171826],[120.985449,53.28457],[121.405469,53.317041],[121.743945,53.383594],[122.088867,53.451465],[122.337793,53.48501],[122.380176,53.4625],[122.51582,53.456982],[122.744727,53.468506],[122.957617,53.497705],[123.154102,53.54458],[123.30957,53.555615],[123.424023,53.530762],[123.489453,53.529443],[123.534766,53.526465],[123.559766,53.52666],[123.607813,53.546533],[123.740918,53.510986],[123.994727,53.405615],[124.154297,53.358691],[124.219922,53.370117],[124.291406,53.340869],[124.369141,53.270947],[124.465918,53.229639],[124.639844,53.210645],[124.812305,53.133838],[124.882129,53.129736],[124.906641,53.172656],[124.970898,53.197314],[125.075,53.203662],[125.225586,53.16582],[125.422461,53.08374],[125.545996,53.047607],[125.595996,53.057471],[125.649023,53.042285],[125.691699,53.003711],[125.695312,52.956299],[125.680762,52.930811],[125.728125,52.890723],[125.782813,52.890723],[125.871875,52.871533],[125.941602,52.800684],[126.004297,52.767871],[126.048145,52.739453],[126.056055,52.715869],[126.060156,52.691992],[126.04707,52.673486],[126.023242,52.643018],[126.016016,52.610205],[126.045898,52.57334],[126.156641,52.546631],[126.194434,52.519141],[126.20293,52.483838],[126.237598,52.444824],[126.312891,52.399756],[126.341699,52.362012],[126.324219,52.331641],[126.346289,52.30625],[126.383496,52.286523],[126.391504,52.214502],[126.394824,52.172998],[126.455566,52.126465],[126.468066,52.031299],[126.510547,51.92583],[126.653711,51.781299],[126.700781,51.703027],[126.688672,51.609912],[126.70918,51.566309],[126.774512,51.545068],[126.805469,51.505664],[126.801758,51.448047],[126.827344,51.412256],[126.847754,51.37417],[126.833789,51.314893],[126.854395,51.261377],[126.887695,51.230127],[126.911523,51.172314],[126.924805,51.100146],[127.02041,50.985889],[127.198242,50.829443],[127.307031,50.707959],[127.346875,50.621338],[127.347168,50.550098],[127.308203,50.494189],[127.306055,50.453516],[127.34082,50.428076],[127.351172,50.393604],[127.337207,50.350146],[127.395313,50.298584],[127.590234,50.208984],[127.512305,50.07168],[127.491797,49.975049],[127.502441,49.873437],[127.550781,49.801807],[127.636719,49.760205],[127.690137,49.716748],[127.711133,49.671533],[127.814258,49.622119],[127.999609,49.568604],[128.237109,49.559277],[128.526758,49.594238],[128.704004,49.600146],[128.769043,49.576953],[128.791016,49.541846],[128.770313,49.494727],[128.819336,49.46377],[128.938281,49.448926],[129.020313,49.419238],[129.065137,49.374658],[129.120117,49.362061],[129.185156,49.381396],[129.248438,49.378662],[129.309863,49.353857],[129.350098,49.362354],[129.384668,49.389453],[129.440723,49.389453],[129.498145,49.388818],[129.533691,49.323437],[129.591406,49.28667],[129.671094,49.278516],[129.792578,49.198877],[130.037109,48.972266],[130.195996,48.89165],[130.355273,48.866357],[130.553125,48.861182],[130.617188,48.773193],[130.565625,48.680127],[130.552148,48.60249],[130.597266,48.574658],[130.65918,48.483398],[130.746875,48.430371],[130.763477,48.388428],[130.804297,48.341504],[130.787207,48.25459],[130.712109,48.127637],[130.732617,48.019238],[130.848633,47.929443],[130.91543,47.84292],[130.932813,47.759814],[130.961914,47.709326],[131.002734,47.691455],[131.121875,47.697656],[131.319336,47.727832],[131.464258,47.722607],[131.556738,47.682031],[131.785254,47.680518],[132.149805,47.717969],[132.380176,47.729492],[132.47627,47.71499],[132.561914,47.768506],[132.636914,47.890088],[132.707227,47.947266],[132.772852,47.940088],[132.877148,47.979102],[133.020117,48.064404],[133.144043,48.105664],[133.301172,48.101514],[133.468359,48.097168],[133.573242,48.133008],[133.671777,48.207715],[133.842188,48.27373],[134.205859,48.359912],[134.293359,48.373437],[134.334961,48.368848],[134.456152,48.355322],[134.563574,48.321729],[134.665234,48.253906],[134.680859,48.210449],[134.669336,48.15332],[134.647266,48.120166],[134.605371,48.08291],[134.566016,48.02251],[134.591309,47.975195],[134.650293,47.874268],[134.698633,47.801416],[134.752344,47.71543],[134.728125,47.684473],[134.695801,47.624854],[134.596191,47.523877],[134.541895,47.485156],[134.483496,47.447363],[134.38252,47.438232],[134.339453,47.429492],[134.29082,47.413574],[134.260059,47.377734],[134.225195,47.352637],[134.167676,47.302197],[134.162988,47.25874],[134.189258,47.194238],[134.202148,47.128076],[134.136914,47.068994],[134.086426,46.978125],[134.071387,46.950781],[134.045996,46.881982],[134.038574,46.858154],[134.022656,46.713184],[133.95752,46.614258],[133.866602,46.499121],[133.886719,46.430566],[133.902734,46.366943],[133.880273,46.336035],[133.874805,46.309082],[133.861328,46.247754],[133.832813,46.224268],[133.750195,46.185937],[133.700684,46.139746],[133.711133,46.069629],[133.685742,46.008936],[133.647852,45.955225],[133.608008,45.920312],[133.551172,45.897803],[133.513086,45.878809],[133.484668,45.810449],[133.475781,45.757666],[133.449121,45.705078],[133.465625,45.651221],[133.436426,45.604687],[133.355469,45.572217],[133.30957,45.553076],[133.266992,45.545264],[133.186035,45.494824],[133.113379,45.321436],[133.096875,45.220459],[133.113477,45.130713],[133.011719,45.074561],[132.936035,45.029932],[132.88877,45.046045],[132.838672,45.061133],[132.723145,45.080566],[132.665625,45.093701],[132.549023,45.122803],[132.362988,45.159961],[132.181348,45.203271],[132.067383,45.225977],[131.977539,45.243994],[131.909277,45.27373],[131.851855,45.326855],[131.794922,45.305273],[131.74209,45.242627],[131.654004,45.205371],[131.613965,45.136572],[131.578711,45.083643],[131.4875,45.013135],[131.446875,44.984033],[131.268262,44.936133],[131.22793,44.920166],[131.082324,44.91001],[131.033008,44.888867],[130.981641,44.844336],[130.967773,44.799951],[131.003906,44.753223],[131.060645,44.659668],[131.086914,44.595654],[131.125781,44.469189],[131.255273,44.071582],[131.213281,44.00293],[131.174219,43.704736],[131.183594,43.650879],[131.180078,43.56709],[131.182422,43.505566],[131.20918,43.49043],[131.243945,43.469043],[131.261816,43.433057],[131.257324,43.378076],[131.239355,43.337646],[131.211914,43.257764],[131.175586,43.142187],[131.135547,43.097607],[131.108984,43.062451],[131.086133,43.038086],[131.083496,42.956299],[131.068555,42.902246],[131.005566,42.883105],[130.942871,42.851758],[130.868555,42.86333],[130.80332,42.856836],[130.722461,42.83584],[130.577246,42.811621],[130.492969,42.779102],[130.452734,42.75542],[130.424805,42.727051],[130.419922,42.699854],[130.439258,42.685547],[130.520605,42.674316],[130.576563,42.623242],[130.584473,42.567334],[130.526953,42.5354],[130.498242,42.570508],[130.450293,42.581689],[130.360742,42.630859],[130.295605,42.684961],[130.24668,42.744824],[130.248828,42.872607],[130.240332,42.891797],[130.15127,42.917969],[130.124805,42.956006],[130.082617,42.97417],[130.022266,42.962598],[129.976953,42.974854],[129.941211,42.995654],[129.898242,42.998145],[129.861035,42.965088],[129.841504,42.894238],[129.779199,42.776562],[129.773438,42.705469],[129.746484,42.603809],[129.719727,42.475],[129.697852,42.448145],[129.62793,42.444287],[129.603906,42.435889],[129.567578,42.39209],[129.52373,42.384668],[129.484863,42.410303],[129.423633,42.435889],[129.36582,42.439209],[129.313672,42.413574],[129.252539,42.357861],[129.217773,42.312695],[129.205371,42.270557],[129.195508,42.218457],[129.133691,42.168506],[129.077246,42.142383],[128.960645,42.068799],[128.923438,42.038232],[128.839844,42.037842],[128.749023,42.040674],[128.626758,42.02085],[128.427246,42.010742],[128.307813,42.025635],[128.160156,42.011621],[128.045215,41.9875],[128.028711,41.951611],[128.03291,41.898486],[128.056055,41.86377],[128.08418,41.840576],[128.131934,41.769141],[128.181738,41.700049],[128.257812,41.655371],[128.289258,41.607422],[128.290918,41.562793],[128.254883,41.506543],[128.200293,41.433008],[128.149414,41.387744],[128.11123,41.389258],[128.052734,41.415625],[128.013086,41.448682],[127.918652,41.461133],[127.687695,41.43999],[127.572168,41.454736],[127.516992,41.481738],[127.420313,41.483789],[127.270801,41.519824],[127.179688,41.531348],[127.136719,41.554541],[127.128418,41.607422],[127.085352,41.643799],[127.061328,41.687354],[127.006934,41.742041],[126.954785,41.769482],[126.903516,41.781055],[126.847266,41.747998],[126.787695,41.718213],[126.743066,41.724854],[126.721582,41.716553],[126.696973,41.691895],[126.60127,41.640967],[126.57832,41.594336],[126.540137,41.495557],[126.513574,41.393994],[126.49043,41.358057],[126.451465,41.351855],[126.411816,41.321338],[126.328711,41.225684],[126.253613,41.137793],[126.144531,41.078271],[126.093164,41.023682],[126.066797,40.974072],[125.989062,40.904639],[125.874902,40.892236],[125.783984,40.872021],[125.72832,40.866699],[125.688281,40.838672],[125.65918,40.795898],[125.645117,40.778955],[125.593848,40.778955],[125.542578,40.742578],[125.416895,40.659912],[125.314453,40.644629],[125.185938,40.589404],[125.072949,40.547461],[125.025977,40.523877],[125.013379,40.497852],[124.996875,40.464746],[124.942285,40.458154],[124.889355,40.459814],[124.771973,40.38374],[124.712402,40.319238],[124.481055,40.181641],[124.386621,40.104248],[124.362109,40.004053],[124.35,40.011572],[124.26748,39.92417],[124.105762,39.841016],[123.760156,39.822412],[123.650879,39.881592],[123.61123,39.84082],[123.580664,39.786133],[123.490039,39.767871],[123.348145,39.762939],[123.268945,39.726904],[123.226562,39.686621],[123.032227,39.673535],[122.960938,39.619922],[122.840039,39.60083],[122.334863,39.366113],[122.225,39.267334],[122.120898,39.151904],[122.047656,39.093799],[121.982324,39.053174],[121.922656,39.036523],[121.864355,38.996484],[121.805176,38.991406],[121.744824,39.009668],[121.677246,39.003418],[121.632812,38.954834],[121.67041,38.891797],[121.649902,38.865088],[121.517188,38.830762],[121.320117,38.808203],[121.236328,38.766943],[121.207422,38.743506],[121.163574,38.731641],[121.12168,38.813281],[121.106738,38.920801],[121.188281,38.94668],[121.263281,38.960254],[121.679883,39.108691],[121.627637,39.220166],[121.664551,39.26875],[121.757812,39.347559],[121.818457,39.386523],[121.785449,39.40083],[121.5125,39.374854],[121.355664,39.376807],[121.275488,39.384766],[121.299805,39.452197],[121.286328,39.519434],[121.26748,39.544678],[121.406445,39.62124],[121.469531,39.640137],[121.517578,39.638965],[121.514258,39.685254],[121.474219,39.754883],[121.517383,39.844824],[121.800977,39.950537],[121.868945,40.046387],[121.982813,40.13584],[122.190918,40.358252],[122.20332,40.396045],[122.263867,40.500195],[122.275,40.541846],[122.178711,40.602734],[122.14043,40.688184],[121.858789,40.84209],[121.834863,40.974268],[121.808594,40.968506],[121.765625,40.875879],[121.729297,40.846143],[121.598926,40.843408],[121.537109,40.878418],[121.174512,40.90127],[121.085938,40.841602],[121.00293,40.749121],[120.922266,40.683105],[120.841309,40.649219],[120.770703,40.589062],[120.479102,40.230957],[120.368945,40.203857],[119.850391,39.987451],[119.591113,39.902637],[119.391113,39.75249],[119.322363,39.661621],[119.261328,39.560889],[119.224609,39.408057],[119.040137,39.222363],[118.976953,39.182568],[118.912305,39.166406],[118.826465,39.172119],[118.752441,39.160498],[118.626367,39.176855],[118.471973,39.118018],[118.297852,39.06709],[118.147852,39.195068],[118.040918,39.226758],[117.865723,39.19126],[117.784668,39.134473],[117.616699,38.852881],[117.553809,38.691455],[117.557813,38.625146],[117.656055,38.424219],[117.766699,38.31167],[118.014941,38.183398],[118.543262,38.094922],[118.66709,38.126367],[118.8,38.12666],[118.940039,38.042773],[119.027539,37.904004],[119.035645,37.80918],[119.038477,37.776514],[119.070312,37.748584],[119.08916,37.700732],[119.033496,37.661035],[118.99082,37.641357],[118.954883,37.494092],[118.952637,37.331152],[118.998145,37.2771],[119.111816,37.201172],[119.287402,37.138281],[119.449902,37.124756],[119.760547,37.155078],[119.8875,37.253369],[119.87998,37.295801],[119.88291,37.35083],[120.155859,37.49502],[120.311523,37.622705],[120.287109,37.656494],[120.257227,37.679004],[120.284668,37.69209],[120.370117,37.701025],[120.75,37.833936],[121.049023,37.725195],[121.219531,37.600146],[121.388086,37.578955],[121.505273,37.515039],[121.640234,37.460352],[121.816406,37.456641],[121.964844,37.445312],[122.010156,37.495752],[122.056641,37.528906],[122.10957,37.522314],[122.169141,37.456152],[122.337695,37.405273],[122.493262,37.407959],[122.602344,37.426416],[122.666992,37.402832],[122.57334,37.31792],[122.587305,37.181104],[122.515527,37.137842],[122.44668,37.068115],[122.487402,37.022266],[122.523438,37.002637],[122.519727,36.946826],[122.457031,36.915137],[122.340918,36.832227],[122.274219,36.833838],[122.242285,36.849854],[122.219727,36.879541],[122.203223,36.927197],[122.162402,36.958643],[122.049512,36.970752],[121.932715,36.959473],[121.669629,36.836377],[121.413086,36.738379],[121.144043,36.660449],[121.053809,36.611377],[120.989941,36.597949],[120.878516,36.635156],[120.81084,36.632812],[120.79668,36.607227],[120.882617,36.538916],[120.90498,36.485303],[120.895801,36.444141],[120.84707,36.426074],[120.776172,36.456299],[120.711523,36.413281],[120.682227,36.340723],[120.680957,36.168359],[120.637891,36.129932],[120.519336,36.108691],[120.393066,36.053857],[120.348242,36.079199],[120.330273,36.110107],[120.343457,36.189453],[120.327734,36.228174],[120.270117,36.226172],[120.183301,36.202441],[120.116992,36.150293],[120.094141,36.118896],[120.181445,36.01748],[120.264746,36.007227],[120.284766,35.984424],[120.219043,35.934912],[120.054688,35.861133],[120.027441,35.799365],[119.978711,35.740234],[119.911719,35.693213],[119.866211,35.643652],[119.810547,35.617725],[119.719727,35.588721],[119.608398,35.469873],[119.526465,35.358594],[119.429688,35.301416],[119.352832,35.113818],[119.21582,35.011768],[119.165332,34.848828],[119.200977,34.748437],[119.351367,34.749414],[119.426758,34.71416],[119.58291,34.582227],[119.769727,34.496191],[119.963672,34.447803],[120.201465,34.325684],[120.266699,34.274023],[120.322656,34.168994],[120.425684,33.866309],[120.499805,33.716455],[120.504785,33.638184],[120.615625,33.490527],[120.734473,33.236621],[120.871094,33.016504],[120.897363,32.843213],[120.853027,32.764111],[120.853223,32.661377],[120.989941,32.567041],[121.293359,32.457324],[121.341699,32.425049],[121.400977,32.371924],[121.403906,32.20625],[121.450781,32.15332],[121.490527,32.121094],[121.674219,32.051025],[121.751074,31.992871],[121.832422,31.899756],[121.856348,31.816455],[121.866309,31.703564],[121.763574,31.699512],[121.680859,31.712158],[121.351953,31.858789],[121.266406,31.862695],[121.145801,31.842334],[120.973535,31.869385],[120.791699,32.031738],[120.660547,32.081055],[120.520117,32.105859],[120.184082,31.966162],[120.09873,31.975977],[120.073926,31.960254],[120.035937,31.936279],[120.191602,31.906348],[120.347461,31.9521],[120.497168,32.019824],[120.715527,31.98374],[120.752246,31.922852],[120.787793,31.819775],[120.9375,31.750195],[121.055371,31.719434],[121.204883,31.628076],[121.350977,31.485352],[121.660645,31.319727],[121.785937,31.162891],[121.834473,31.061621],[121.87793,30.916992],[121.769434,30.870361],[121.675195,30.86377],[121.527539,30.840967],[121.418945,30.789795],[121.309961,30.699707],[120.997656,30.558252],[120.938281,30.469727],[120.897461,30.392627],[120.821484,30.354639],[120.62998,30.390869],[120.449805,30.387842],[120.245508,30.283545],[120.194629,30.241309],[120.228516,30.249561],[120.260547,30.263037],[120.352539,30.247412],[120.494531,30.303076],[120.633398,30.133154],[120.904492,30.160645],[121.159375,30.301758],[121.258008,30.304102],[121.340625,30.282373],[121.432715,30.22666],[121.67793,29.979102],[121.812305,29.952148],[121.944336,29.894092],[122.017285,29.887695],[122.08291,29.870361],[121.905762,29.779687],[121.676562,29.583789],[121.574609,29.537012],[121.50625,29.48457],[121.69043,29.510986],[121.821875,29.604639],[121.887988,29.627783],[121.941211,29.605908],[121.968359,29.490625],[121.917773,29.13501],[121.853516,29.128906],[121.79082,29.225684],[121.71748,29.256348],[121.655957,29.236133],[121.533691,29.236719],[121.487109,29.193164],[121.447656,29.131348],[121.520898,29.118457],[121.664941,29.010596],[121.679688,28.953125],[121.641016,28.915918],[121.540039,28.931885],[121.6625,28.851416],[121.630078,28.76792],[121.590332,28.734814],[121.519141,28.713672],[121.475195,28.641406],[121.538086,28.521094],[121.602051,28.366602],[121.609961,28.292139],[121.509961,28.324268],[121.35459,28.229883],[121.272266,28.222119],[121.216797,28.346191],[121.145703,28.32666],[121.098437,28.290527],[121.035449,28.157275],[120.958594,28.037012],[120.89248,28.003906],[120.812988,28.013379],[120.747656,28.009961],[120.763477,27.977441],[120.833008,27.937793],[120.833008,27.891455],[120.685156,27.74458],[120.661328,27.687891],[120.664844,27.639453],[120.5875,27.580762],[120.629102,27.482129],[120.60752,27.412402],[120.539844,27.318359],[120.468652,27.25625],[120.38457,27.155518],[120.278711,27.09707],[120.138574,26.886133],[120.097461,26.780664],[120.086719,26.671582],[120.042969,26.633838],[119.967773,26.586377],[119.882227,26.610449],[119.879492,26.683008],[119.842383,26.689307],[119.821289,26.736914],[119.815137,26.797607],[119.824219,26.846387],[119.788672,26.831494],[119.766699,26.774707],[119.710449,26.728662],[119.651563,26.747266],[119.588184,26.784961],[119.589941,26.730469],[119.623633,26.675879],[119.638184,26.621191],[119.725977,26.609424],[119.784766,26.546631],[119.831152,26.450195],[119.840332,26.41416],[119.876465,26.370947],[119.881055,26.33418],[119.797266,26.300146],[119.692676,26.236426],[119.56709,26.127344],[119.463086,26.054688],[119.369727,26.054053],[119.313086,26.062549],[119.232129,26.104395],[119.139453,26.121777],[119.26377,25.974805],[119.332031,25.94873],[119.417773,25.954346],[119.500879,26.00918],[119.61875,26.003564],[119.648242,25.918701],[119.616895,25.8229],[119.552832,25.698682],[119.539453,25.59126],[119.619141,25.437451],[119.622461,25.391162],[119.592773,25.368018],[119.499219,25.408643],[119.421777,25.459619],[119.34375,25.446289],[119.263086,25.468018],[119.180078,25.449805],[119.146289,25.414307],[119.169336,25.355713],[119.243555,25.307031],[119.285547,25.232227],[119.235547,25.205957],[119.024609,25.223438],[118.977539,25.209277],[118.914453,25.126807],[118.955664,25.004785],[118.909082,24.928906],[118.82207,24.911133],[118.70752,24.849805],[118.636914,24.835547],[118.640234,24.809082],[118.691797,24.782324],[118.719141,24.746143],[118.657031,24.621436],[118.560352,24.580371],[118.412012,24.600732],[118.295313,24.572754],[118.194531,24.62583],[118.087109,24.627002],[118.013867,24.559912],[118.005957,24.481982],[117.935059,24.474219],[117.896875,24.479834],[117.842676,24.474316],[117.848242,24.432471],[117.879004,24.395898],[118.024219,24.379639],[118.050586,24.327148],[118.056055,24.246094],[117.904102,24.106445],[117.839453,24.012305],[117.741699,24.014795],[117.667871,23.939258],[117.628223,23.836719],[117.579199,23.856982],[117.466406,23.840576],[117.433105,23.791699],[117.45957,23.771484],[117.462207,23.73623],[117.416992,23.620996],[117.367676,23.588623],[117.34668,23.635742],[117.330762,23.708789],[117.29082,23.714355],[117.225,23.647021],[117.148145,23.598779],[117.08252,23.57876],[117.032813,23.623437],[116.910645,23.64668],[116.860938,23.453076],[116.75957,23.38252],[116.712109,23.360498],[116.629395,23.353857],[116.682324,23.327393],[116.698828,23.277783],[116.669141,23.228174],[116.586426,23.218262],[116.538281,23.179688],[116.519824,23.006592],[116.470703,22.945898],[116.345508,22.941064],[116.251855,22.981348],[116.22207,22.949561],[116.206348,22.918652],[116.157422,22.887451],[116.062598,22.879102],[115.852148,22.801563],[115.755859,22.823926],[115.64043,22.853418],[115.561133,22.824707],[115.534668,22.765186],[115.49834,22.718848],[115.38252,22.718848],[115.289941,22.775977],[115.195801,22.817285],[115.091504,22.781689],[115.012109,22.708936],[114.914453,22.684619],[114.896387,22.639502],[114.853809,22.616797],[114.750391,22.626318],[114.711133,22.738721],[114.65166,22.755273],[114.592773,22.698437],[114.571973,22.654053],[114.544434,22.620605],[114.554199,22.528906],[114.496191,22.527051],[114.420117,22.583252],[114.340625,22.593213],[114.266016,22.540967],[114.228223,22.553955],[114.188184,22.56499],[114.122852,22.56499],[114.097852,22.55127],[114.050391,22.542969],[114.018262,22.514453],[114.01543,22.511914],[113.931152,22.531055],[113.82832,22.607227],[113.754492,22.733643],[113.661133,22.80166],[113.619629,22.861426],[113.603418,22.968896],[113.586328,23.02002],[113.592188,23.076953],[113.620508,23.12749],[113.519727,23.1021],[113.445312,23.055078],[113.460352,22.995703],[113.441895,22.940576],[113.331055,22.912012],[113.337793,22.888818],[113.344824,22.8646],[113.432031,22.789404],[113.449805,22.726123],[113.484766,22.692383],[113.553027,22.594043],[113.551465,22.40415],[113.588867,22.350488],[113.576465,22.297266],[113.549121,22.225195],[113.546777,22.224121],[113.527051,22.245947],[113.494141,22.241553],[113.481055,22.21748],[113.478906,22.195557],[113.473437,22.194434],[113.415723,22.178369],[113.367383,22.164844],[113.327734,22.14541],[113.266406,22.08877],[113.149023,22.075],[113.08877,22.207959],[113.008203,22.119336],[112.983789,21.938232],[112.953906,21.907324],[112.903809,21.881445],[112.808594,21.944629],[112.725391,21.902344],[112.660742,21.859473],[112.634082,21.819873],[112.586328,21.776855],[112.494727,21.818311],[112.421289,21.880615],[112.439453,21.927344],[112.429297,21.958105],[112.396094,21.981348],[112.359668,21.978027],[112.377441,21.91748],[112.389746,21.801221],[112.356445,21.767578],[112.30498,21.741699],[112.193359,21.763135],[112.117188,21.806494],[112.025195,21.843018],[111.943945,21.849658],[111.926465,21.77627],[111.873438,21.717139],[111.824609,21.709766],[111.775977,21.719238],[111.711914,21.655225],[111.681641,21.608496],[111.602734,21.559082],[111.392383,21.535107],[111.319141,21.486133],[111.220605,21.493896],[111.144238,21.482227],[111.100586,21.484717],[111.061133,21.510986],[111.016895,21.511719],[110.996777,21.430273],[110.878027,21.395947],[110.771094,21.386523],[110.652148,21.279102],[110.567187,21.214062],[110.504297,21.207422],[110.458008,21.230566],[110.43457,21.326904],[110.410937,21.338135],[110.397461,21.247705],[110.374609,21.172363],[110.331152,21.131348],[110.193555,21.037646],[110.154004,20.944629],[110.180371,20.858594],[110.36543,20.837598],[110.388477,20.790527],[110.370508,20.752051],[110.326172,20.719922],[110.313086,20.67168],[110.511523,20.518262],[110.517578,20.46001],[110.486914,20.426855],[110.449512,20.35542],[110.344727,20.294824],[110.123145,20.263721],[109.938477,20.295117],[109.88252,20.364063],[109.88584,20.413135],[109.931641,20.398877],[109.983887,20.403271],[109.968359,20.448145],[109.946387,20.474365],[109.861035,20.514307],[109.791992,20.621875],[109.805273,20.711475],[109.767383,20.780713],[109.72627,20.83877],[109.684766,20.873633],[109.662598,20.916895],[109.704492,21.052734],[109.68125,21.131641],[109.760156,21.228369],[109.77959,21.337451],[109.921094,21.376465],[109.930762,21.480566],[109.82959,21.483594],[109.759375,21.560059],[109.743359,21.527979],[109.686914,21.524609],[109.594336,21.671973],[109.566406,21.690576],[109.521484,21.693408],[109.544043,21.537939],[109.435547,21.479492],[109.34668,21.453955],[109.22041,21.443408],[109.148633,21.425537],[109.081543,21.440283],[109.098145,21.487354],[109.133496,21.543604],[109.101758,21.590479],[109.030566,21.626514],[108.921777,21.624414],[108.846387,21.634473],[108.77168,21.630469],[108.743945,21.65127],[108.674512,21.724658],[108.61582,21.770459],[108.589355,21.815967],[108.61582,21.868896],[108.59375,21.901025],[108.479883,21.904639],[108.480859,21.828809],[108.492578,21.739404],[108.525684,21.671387],[108.502148,21.633447],[108.444336,21.607324],[108.382812,21.679199],[108.35459,21.696924],[108.324805,21.693506],[108.302148,21.621924],[108.246289,21.558398],[108.145605,21.565186],[108.067383,21.525977],[107.972656,21.507959]]],[[[110.88877,19.991943],[110.938281,19.947559],[110.970703,19.883301],[110.997656,19.764697],[111.013672,19.655469],[110.912695,19.586084],[110.822266,19.55791],[110.640918,19.291211],[110.603125,19.207031],[110.572168,19.171875],[110.5625,19.135156],[110.566016,19.098535],[110.519336,18.970215],[110.477637,18.812598],[110.45127,18.747949],[110.399512,18.69834],[110.333691,18.673291],[110.29082,18.669531],[110.251758,18.655762],[110.15625,18.569824],[110.048535,18.505225],[110.066406,18.475635],[110.067383,18.447559],[110.020215,18.41626],[109.967676,18.42207],[109.815625,18.39668],[109.759766,18.348291],[109.702734,18.259131],[109.681055,18.247119],[109.589551,18.226318],[109.519336,18.218262],[109.400098,18.281104],[109.340918,18.299609],[109.183203,18.325146],[109.029883,18.367773],[108.922266,18.416113],[108.701563,18.535254],[108.676074,18.750244],[108.638086,18.866309],[108.635645,18.907715],[108.65,19.265039],[108.665527,19.304102],[108.693555,19.338281],[108.791016,19.418164],[108.902832,19.481348],[109.062891,19.613574],[109.179102,19.674121],[109.27666,19.761133],[109.219531,19.757471],[109.177441,19.768457],[109.218945,19.842822],[109.263477,19.882666],[109.314844,19.904395],[109.418164,19.888818],[109.513672,19.904248],[109.584277,19.970312],[109.651367,19.984375],[109.90625,19.962744],[110.083008,19.99292],[110.171582,20.053711],[110.213379,20.056055],[110.343945,20.038818],[110.392285,19.975586],[110.387988,20.018018],[110.393555,20.059229],[110.417578,20.054736],[110.588184,19.976367],[110.58877,20.072461],[110.59834,20.097607],[110.651758,20.137744],[110.678516,20.137061],[110.744531,20.059473],[110.809082,20.014404],[110.88877,19.991943]]]]},"properties":{"kind":"land","name":"People's Republic of China","label":[106.337289,32.498178]}},{"type":"Feature","geometry":{"type":"MultiPolygon","coordinates":[[[[103.045117,11.285059],[103.027344,11.275488],[103.010547,11.275781],[102.993359,11.29043],[102.99502,11.348096],[103.00752,11.383301],[103.036816,11.389941],[103.045117,11.285059]]],[[[103.317773,10.718506],[103.28125,10.679688],[103.222949,10.75957],[103.223437,10.781982],[103.317773,10.718506]]],[[[107.519434,14.705078],[107.535254,14.649951],[107.493164,14.545752],[107.448438,14.451221],[107.364453,14.368701],[107.360352,14.307861],[107.331445,14.126611],[107.342578,14.068896],[107.362109,14.019482],[107.389453,13.993018],[107.462305,13.815625],[107.528613,13.654199],[107.593945,13.52168],[107.605469,13.437793],[107.545508,13.225439],[107.475391,13.030371],[107.481543,12.933105],[107.511523,12.835742],[107.543555,12.705908],[107.555469,12.53999],[107.538086,12.431787],[107.506445,12.364551],[107.445996,12.295703],[107.393359,12.260498],[107.330078,12.319043],[107.279688,12.321582],[107.212109,12.304004],[107.158984,12.277051],[107.050684,12.175879],[106.930664,12.07749],[106.764648,12.052344],[106.700098,11.979297],[106.630957,11.969189],[106.499609,11.965527],[106.413867,11.948437],[106.417773,11.911719],[106.410742,11.738379],[106.4125,11.697803],[106.399219,11.687012],[106.339844,11.681836],[106.23916,11.70835],[106.10293,11.75127],[106.006055,11.758008],[105.95625,11.682471],[105.926562,11.65293],[105.889844,11.648389],[105.851465,11.63501],[105.838477,11.601318],[105.835352,11.559131],[105.854004,11.487061],[105.860938,11.372412],[105.856055,11.294287],[105.891602,11.244824],[106.099512,11.078662],[106.160937,11.037109],[106.167969,11.012305],[106.131543,10.921973],[106.163965,10.794922],[106.098828,10.797266],[105.990137,10.851807],[105.938184,10.885156],[105.875195,10.858496],[105.85332,10.863574],[105.810742,10.926074],[105.755078,10.98999],[105.697754,10.994043],[105.576563,10.968896],[105.452734,10.951416],[105.405762,10.951611],[105.386523,10.940088],[105.314648,10.845166],[105.284277,10.861475],[105.159473,10.897559],[105.045703,10.911377],[105.022266,10.886865],[105.036133,10.809375],[105.061133,10.733789],[105.046387,10.70166],[104.983887,10.661914],[104.90127,10.590234],[104.850586,10.534473],[104.81543,10.520801],[104.689648,10.523242],[104.564258,10.515967],[104.514063,10.46333],[104.466992,10.422363],[104.426367,10.41123],[104.262402,10.54126],[103.937109,10.586621],[103.901758,10.643945],[103.870508,10.655127],[103.840527,10.580566],[103.661914,10.508936],[103.587109,10.552197],[103.532227,10.604639],[103.54043,10.668701],[103.59209,10.721045],[103.680859,10.758594],[103.721875,10.890137],[103.654297,11.058691],[103.59502,11.107764],[103.532422,11.14668],[103.466699,11.083984],[103.411328,10.976758],[103.353613,10.921582],[103.272168,10.909277],[103.152832,10.913721],[103.106445,11.073779],[103.091113,11.211084],[103.107422,11.367773],[103.125488,11.460645],[103.010547,11.588672],[103.004199,11.710596],[102.948633,11.773486],[102.932324,11.741699],[102.933887,11.706689],[102.918066,11.73208],[102.736621,12.089795],[102.70625,12.255664],[102.737402,12.383398],[102.755664,12.42627],[102.70332,12.493506],[102.629687,12.569922],[102.499609,12.669971],[102.490723,12.82832],[102.461719,13.015039],[102.422656,13.077979],[102.362988,13.192969],[102.330762,13.288232],[102.319727,13.53999],[102.336328,13.560303],[102.428516,13.567578],[102.546875,13.585693],[102.565527,13.626367],[102.544727,13.659961],[102.62041,13.716943],[102.728906,13.841895],[102.812793,13.972461],[102.873242,14.054883],[102.909277,14.136719],[103.031055,14.252539],[103.199414,14.332617],[103.313477,14.351318],[103.432422,14.378613],[103.546387,14.417432],[103.600391,14.421094],[103.741895,14.37417],[103.818359,14.362158],[103.898633,14.362793],[103.981836,14.35791],[104.054297,14.362744],[104.227734,14.395508],[104.411621,14.36958],[104.575781,14.390039],[104.779004,14.427832],[104.878809,14.404004],[104.969727,14.366113],[104.982422,14.289453],[105.003418,14.254443],[105.033691,14.227393],[105.074121,14.227441],[105.125977,14.280957],[105.169141,14.336084],[105.183301,14.34624],[105.185547,14.319092],[105.207031,14.259375],[105.245703,14.200537],[105.284863,14.161475],[105.350195,14.10957],[105.392676,14.10708],[105.531543,14.156152],[105.739746,14.084961],[105.764063,14.049072],[105.831445,13.976611],[105.904492,13.924512],[106.066797,13.921191],[106.124707,14.049121],[106.09668,14.1271],[106.004102,14.262891],[105.978906,14.343018],[106.008398,14.357178],[106.165234,14.372363],[106.190723,14.388135],[106.225391,14.476221],[106.267969,14.466211],[106.35498,14.454785],[106.446973,14.515039],[106.501465,14.578223],[106.531152,14.549414],[106.563672,14.505078],[106.599219,14.479395],[106.66543,14.441309],[106.738184,14.387744],[106.783496,14.335107],[106.819922,14.314697],[106.913184,14.329395],[106.938086,14.327344],[106.992187,14.391016],[107.030176,14.425684],[107.062402,14.415771],[107.109375,14.416699],[107.206641,14.4979],[107.262305,14.572119],[107.292676,14.592383],[107.379883,14.555322],[107.414746,14.562891],[107.465137,14.66499],[107.519434,14.705078]]]]},"properties":{"kind":"land","name":"Cambodia","label":[104.50487,12.647584]}},{"type":"Feature","geometry":{"type":"MultiPolygon","coordinates":[[[[100.122461,20.31665],[100.003613,20.37959],[99.954297,20.41543],[99.890332,20.424414],[99.825195,20.384473],[99.77334,20.341309],[99.720117,20.325439],[99.638672,20.320459],[99.531641,20.342822],[99.458887,20.363037],[99.447949,20.352051],[99.4875,20.260645],[99.50166,20.187744],[99.485938,20.149854],[99.451563,20.118311],[99.399219,20.093457],[99.337891,20.078906],[99.283691,20.08042],[99.196875,20.115137],[99.130762,20.116602],[99.074219,20.099365],[99.039746,20.073633],[99.020703,20.041797],[98.987402,19.861377],[98.958008,19.804932],[98.916699,19.7729],[98.875781,19.76958],[98.819531,19.778467],[98.760645,19.771094],[98.493848,19.701318],[98.45498,19.694434],[98.371289,19.68916],[98.293652,19.687256],[98.239062,19.690674],[98.111035,19.762158],[98.049023,19.769727],[98.015039,19.749512],[97.991211,19.653711],[97.916406,19.592871],[97.816797,19.459961],[97.793555,19.265869],[97.803906,19.130469],[97.71416,18.996484],[97.706055,18.931787],[97.754004,18.620801],[97.745898,18.588184],[97.727734,18.572021],[97.671582,18.56123],[97.577344,18.528711],[97.515137,18.497754],[97.484961,18.494238],[97.39707,18.517529],[97.373926,18.517969],[97.380664,18.494287],[97.450781,18.359668],[97.523828,18.295898],[97.599316,18.302979],[97.632227,18.290332],[97.622461,18.258008],[97.651563,18.17373],[97.719727,18.037402],[97.739941,17.935303],[97.698535,17.833545],[97.706445,17.797119],[97.729102,17.77583],[97.792969,17.68125],[97.929297,17.533301],[98.063086,17.373291],[98.174609,17.239893],[98.256543,17.147656],[98.438867,16.975684],[98.471191,16.89502],[98.478125,16.732227],[98.523145,16.638184],[98.564746,16.570947],[98.593652,16.514795],[98.660742,16.33042],[98.689258,16.30542],[98.835449,16.417578],[98.869336,16.394189],[98.888281,16.351904],[98.888477,16.298096],[98.865527,16.237061],[98.817969,16.180811],[98.592383,16.050684],[98.574023,15.938623],[98.558203,15.768604],[98.554492,15.559766],[98.565234,15.403564],[98.556934,15.367676],[98.537305,15.350684],[98.452148,15.357373],[98.329395,15.278564],[98.286133,15.271582],[98.232227,15.241357],[98.191016,15.204102],[98.17793,15.147412],[98.202148,14.975928],[98.245996,14.814746],[98.332129,14.696484],[98.400195,14.602979],[98.49502,14.4729],[98.57002,14.359912],[98.721191,14.235742],[98.933594,14.049854],[99.014648,13.947168],[99.08623,13.822754],[99.136816,13.716699],[99.156055,13.575781],[99.17168,13.496924],[99.176172,13.233057],[99.137109,13.172998],[99.107422,13.103516],[99.123926,13.030762],[99.173535,12.961328],[99.173535,12.881934],[99.219824,12.739746],[99.297363,12.652881],[99.371973,12.594238],[99.405078,12.5479],[99.394238,12.473633],[99.416309,12.394824],[99.432422,12.309033],[99.462891,12.190234],[99.522949,12.089648],[99.614746,11.781201],[99.6125,11.749658],[99.572852,11.687158],[99.515234,11.630664],[99.47793,11.6125],[99.442676,11.554395],[99.358789,11.389453],[99.190137,11.105273],[99.025391,10.919971],[98.887109,10.78833],[98.786914,10.708447],[98.757227,10.660937],[98.757227,10.623584],[98.775391,10.557031],[98.768359,10.430859],[98.746875,10.35083],[98.718457,10.266016],[98.702539,10.190381],[98.658008,10.179053],[98.562598,10.034961],[98.521289,10.107227],[98.496875,10.18252],[98.523047,10.353125],[98.464941,10.67583],[98.500977,10.718945],[98.535645,10.740674],[98.598828,10.864404],[98.675586,10.986914],[98.682617,11.133105],[98.744727,11.240381],[98.730078,11.32998],[98.733301,11.435254],[98.746387,11.521289],[98.741406,11.591699],[98.790723,11.665088],[98.875977,11.719727],[98.840234,11.739258],[98.804785,11.779248],[98.693652,11.718359],[98.636328,11.738379],[98.624902,11.801465],[98.639063,11.869141],[98.644922,11.910303],[98.689453,11.956738],[98.686328,12.047119],[98.663867,12.126709],[98.696289,12.225244],[98.630566,12.225488],[98.600293,12.245312],[98.619141,12.3],[98.678711,12.348486],[98.624414,12.440723],[98.664648,12.539941],[98.663184,12.662402],[98.635645,12.770508],[98.637109,12.848242],[98.595117,12.986035],[98.575977,13.161914],[98.487109,13.293066],[98.421289,13.483789],[98.24541,13.733496],[98.248438,13.840381],[98.238965,13.934473],[98.200391,13.980176],[98.149512,13.647607],[98.110645,13.712891],[98.098242,13.89834],[98.072656,13.986475],[98.100195,14.161523],[97.998438,14.335303],[97.976562,14.461475],[97.909766,14.652686],[97.929297,14.695557],[98.01875,14.652588],[97.936523,14.763916],[97.869141,14.738721],[97.812305,14.858936],[97.799805,15.184912],[97.74375,15.306787],[97.774219,15.430957],[97.710352,15.875537],[97.584277,16.01958],[97.609277,16.143848],[97.640625,16.253857],[97.633691,16.457666],[97.664648,16.520459],[97.725977,16.568555],[97.668457,16.551611],[97.619629,16.537207],[97.505078,16.525293],[97.375879,16.522949],[97.331055,16.671777],[97.26748,16.743115],[97.211719,16.892578],[97.17832,17.062012],[97.200195,17.09541],[97.100195,17.164551],[97.074512,17.206934],[96.970117,17.317334],[96.851465,17.401025],[96.877734,17.342187],[96.909766,17.304834],[96.850879,17.20293],[96.908594,17.030957],[96.858008,16.921191],[96.810645,16.778369],[96.76543,16.710352],[96.622461,16.563916],[96.506641,16.514355],[96.431152,16.504932],[96.364355,16.520508],[96.282227,16.595996],[96.262109,16.659131],[96.248926,16.765332],[96.220313,16.780566],[96.189063,16.768311],[96.237695,16.63125],[96.236719,16.567432],[96.324316,16.444434],[96.293066,16.410059],[96.135059,16.342529],[96.080957,16.353369],[96.042871,16.339941],[96.032129,16.284619],[96.012305,16.253711],[95.763281,16.169043],[95.711426,16.073389],[95.679492,15.976758],[95.555664,15.837842],[95.389551,15.722754],[95.348437,15.729297],[95.301465,15.756152],[95.307813,15.88042],[95.364746,15.985449],[95.346777,16.097607],[95.333008,16.033252],[95.225879,15.876807],[95.176953,15.825684],[95.07832,15.83916],[94.942578,15.818262],[94.891211,15.979102],[94.892188,16.038184],[94.882227,16.087939],[94.897852,16.14082],[94.893164,16.182812],[94.860156,16.102441],[94.847754,16.032861],[94.798145,15.971094],[94.661523,15.904395],[94.65625,15.98877],[94.651367,16.064844],[94.680762,16.133301],[94.676562,16.242041],[94.719922,16.39873],[94.716602,16.45249],[94.70332,16.511914],[94.679004,16.425586],[94.665234,16.336133],[94.637695,16.309082],[94.5875,16.288818],[94.495703,16.186133],[94.441602,16.094385],[94.299023,16.007617],[94.223828,16.016455],[94.214258,16.126611],[94.271289,16.517285],[94.327344,16.572168],[94.353418,16.639941],[94.4,16.868164],[94.452441,16.954492],[94.473145,17.135449],[94.494336,17.166553],[94.564453,17.308545],[94.588965,17.569336],[94.560059,17.698975],[94.494336,17.824609],[94.430762,18.20166],[94.26582,18.507227],[94.252148,18.60918],[94.170703,18.732422],[94.245703,18.741162],[94.091309,18.849219],[94.07002,18.893408],[94.038965,19.146191],[94.044922,19.287402],[94.022461,19.268799],[94.001563,19.181787],[93.941016,19.146094],[93.968066,18.995068],[93.961328,18.958398],[93.929199,18.899658],[93.800098,18.960596],[93.705469,19.026904],[93.598145,19.188477],[93.493066,19.369482],[93.530566,19.397559],[93.578613,19.401172],[93.728027,19.266504],[93.824902,19.238477],[93.886133,19.271924],[93.962012,19.329346],[93.998145,19.440869],[93.960742,19.481689],[93.887891,19.503906],[93.839551,19.534131],[93.769922,19.60957],[93.761035,19.648047],[93.739551,19.697266],[93.66875,19.731982],[93.611719,19.776074],[93.659863,19.85415],[93.707031,19.912158],[93.581836,19.90957],[93.439063,20.009424],[93.40957,20.03833],[93.362305,20.058301],[93.25,20.070117],[93.156641,20.040771],[93.199023,19.89834],[93.190625,19.851221],[93.129492,19.858008],[93.001953,20.074854],[93.040332,20.129785],[93.095508,20.181348],[93.068359,20.188672],[93.015137,20.185254],[93.066797,20.377637],[93.035352,20.406152],[93.01875,20.346045],[92.990723,20.287988],[92.882129,20.152148],[92.82832,20.177588],[92.791211,20.211426],[92.843555,20.282617],[92.87168,20.301758],[92.891113,20.340332],[92.850684,20.414844],[92.786914,20.469043],[92.735645,20.562695],[92.708984,20.563965],[92.732617,20.453369],[92.722852,20.295605],[92.608008,20.469873],[92.37832,20.717578],[92.324121,20.791846],[92.311914,20.864453],[92.28623,20.931592],[92.268457,21.004688],[92.264453,21.061475],[92.214746,21.112695],[92.191992,21.202246],[92.17959,21.293115],[92.208203,21.357861],[92.279688,21.427588],[92.330566,21.439795],[92.372656,21.409033],[92.471875,21.362988],[92.53916,21.319824],[92.568555,21.26333],[92.599805,21.270166],[92.631641,21.306201],[92.625293,21.350732],[92.593457,21.467334],[92.584277,21.609033],[92.582812,21.940332],[92.574902,21.978076],[92.630371,22.011328],[92.652637,22.049316],[92.674707,22.106006],[92.688965,22.130957],[92.720996,22.132422],[92.771387,22.104785],[92.854297,22.010156],[92.909473,21.988916],[92.964551,22.00376],[93.021973,22.145703],[93.042969,22.183984],[93.070605,22.209424],[93.121484,22.205176],[93.151172,22.230615],[93.162402,22.291895],[93.162012,22.360205],[93.105078,22.547119],[93.088184,22.633252],[93.078711,22.718213],[93.114258,22.805713],[93.1625,22.907959],[93.150977,22.997314],[93.16416,23.032031],[93.203906,23.037012],[93.253516,23.015479],[93.308008,23.030371],[93.349414,23.084961],[93.366016,23.13252],[93.391309,23.33916],[93.408105,23.528027],[93.414941,23.68208],[93.372559,23.77417],[93.307324,24.021875],[93.32627,24.064209],[93.355566,24.074121],[93.452148,23.987402],[93.49375,23.972852],[93.564063,23.986084],[93.633301,24.005371],[93.683398,24.006543],[93.755859,23.976904],[93.855469,23.943896],[94.01084,23.90293],[94.074805,23.87207],[94.127637,23.876465],[94.170313,23.972656],[94.219727,24.113184],[94.293066,24.321875],[94.377246,24.47373],[94.399414,24.514062],[94.493164,24.637646],[94.584082,24.767236],[94.663281,24.931006],[94.707617,25.04873],[94.703711,25.097852],[94.675293,25.138574],[94.615625,25.1646],[94.566504,25.191504],[94.553027,25.215723],[94.554395,25.243457],[94.579883,25.319824],[94.622852,25.41001],[94.667773,25.458887],[94.78584,25.519336],[94.861133,25.597217],[94.945703,25.700244],[94.991992,25.770459],[95.015234,25.912939],[95.040723,25.941309],[95.092969,25.987305],[95.132422,26.04126],[95.129297,26.07041],[95.108398,26.091406],[95.068945,26.191113],[95.050879,26.347266],[95.059766,26.473975],[95.089453,26.525488],[95.128711,26.597266],[95.201465,26.641406],[95.305078,26.672266],[95.463867,26.756055],[95.738379,26.950439],[95.837305,27.013818],[95.905273,27.046631],[95.970898,27.128076],[96.061426,27.21709],[96.19082,27.261279],[96.274219,27.278369],[96.665723,27.339258],[96.731641,27.331494],[96.797852,27.296191],[96.880273,27.177832],[96.953418,27.133301],[97.038086,27.102051],[97.102051,27.11543],[97.103711,27.16333],[96.901953,27.4396],[96.883594,27.514844],[96.876855,27.586719],[96.899707,27.643848],[96.962793,27.698291],[97.049707,27.76001],[97.157813,27.836865],[97.226074,27.890039],[97.306152,27.90708],[97.335156,27.937744],[97.343555,27.982324],[97.33916,28.030859],[97.302734,28.085986],[97.310254,28.155225],[97.322461,28.217969],[97.356445,28.254492],[97.431445,28.353906],[97.477734,28.425635],[97.502148,28.456348],[97.537891,28.510205],[97.599219,28.517041],[97.658887,28.5],[97.694629,28.469336],[97.730078,28.407129],[97.769043,28.356152],[97.816504,28.356348],[97.864941,28.363574],[97.887598,28.356494],[97.934082,28.313818],[98.022266,28.211523],[98.061621,28.185889],[98.098926,28.142285],[98.118359,28.055225],[98.130469,27.967578],[98.241016,27.663184],[98.274219,27.599072],[98.298828,27.550098],[98.350488,27.538086],[98.392383,27.587061],[98.408887,27.639453],[98.452539,27.657227],[98.504492,27.647656],[98.599805,27.598828],[98.651172,27.572461],[98.676758,27.421924],[98.682422,27.245312],[98.674805,27.190625],[98.716504,27.044922],[98.729492,26.877393],[98.738477,26.785742],[98.739355,26.698145],[98.731836,26.583398],[98.709473,26.429688],[98.671875,26.298535],[98.685547,26.189355],[98.663184,26.139453],[98.571973,26.114062],[98.564063,26.072412],[98.591016,26.003711],[98.654688,25.917773],[98.65625,25.863574],[98.625391,25.826709],[98.558398,25.823242],[98.465527,25.788867],[98.40166,25.677979],[98.333789,25.586768],[98.296582,25.568848],[98.172559,25.594531],[98.142871,25.571094],[98.099609,25.415723],[98.064063,25.348975],[98.010742,25.292529],[97.962012,25.259326],[97.917969,25.236133],[97.819531,25.251855],[97.767383,25.158057],[97.714941,25.034326],[97.710742,24.970361],[97.737891,24.869873],[97.723828,24.841992],[97.670703,24.820117],[97.583301,24.774805],[97.529395,24.631201],[97.531445,24.491699],[97.563281,24.443848],[97.623633,24.422949],[97.666602,24.37998],[97.670703,24.312744],[97.708203,24.22876],[97.690625,24.130811],[97.568262,23.988477],[97.564551,23.911035],[97.629687,23.887158],[97.686035,23.898096],[97.755664,23.931885],[97.837695,23.986279],[98.016895,24.06543],[98.2125,24.110645],[98.367285,24.119043],[98.499414,24.115674],[98.56416,24.098828],[98.583398,24.069824],[98.764355,24.116064],[98.802344,24.118701],[98.835059,24.121191],[98.833984,24.090576],[98.701563,23.964062],[98.676758,23.905078],[98.680859,23.841797],[98.735059,23.783105],[98.787695,23.737842],[98.832227,23.624365],[98.797852,23.52041],[98.819727,23.48252],[98.858887,23.440088],[98.882617,23.380322],[98.885547,23.307471],[98.86377,23.19126],[99.055078,23.130566],[99.220313,23.10332],[99.34082,23.095898],[99.418066,23.069238],[99.464551,23.04624],[99.497266,23.00459],[99.507129,22.959131],[99.466797,22.927295],[99.385156,22.825098],[99.338281,22.688672],[99.343164,22.586523],[99.337695,22.498047],[99.243066,22.370361],[99.205371,22.282568],[99.172363,22.19248],[99.173438,22.15332],[99.192969,22.125977],[99.233398,22.110156],[99.303125,22.100635],[99.388672,22.110791],[99.592676,22.08916],[99.825391,22.049707],[99.917676,22.028027],[99.947852,21.98833],[99.94043,21.901611],[99.925586,21.820801],[99.940723,21.75874],[99.978223,21.701611],[100.041211,21.682764],[100.095508,21.660645],[100.105762,21.617041],[100.089258,21.55791],[100.116797,21.511182],[100.147656,21.480518],[100.214746,21.462988],[100.350586,21.501025],[100.445703,21.484082],[100.531348,21.458105],[100.60459,21.471777],[100.677148,21.504932],[100.835156,21.655176],[101.019336,21.736377],[101.079785,21.755859],[101.120703,21.746094],[101.130859,21.735547],[101.128125,21.705127],[101.147266,21.581641],[101.138867,21.56748],[101.080371,21.468652],[100.927539,21.366211],[100.819531,21.314209],[100.756641,21.312646],[100.703125,21.251367],[100.65918,21.130371],[100.613672,21.059326],[100.566602,21.038184],[100.536133,20.992383],[100.522266,20.921924],[100.549316,20.884229],[100.617676,20.879248],[100.622949,20.85957],[100.565137,20.825098],[100.493359,20.812988],[100.407422,20.823242],[100.326074,20.795703],[100.249316,20.730273],[100.183887,20.589111],[100.129687,20.372217],[100.122461,20.31665]]],[[[98.209766,10.952734],[98.293457,10.779687],[98.284375,10.753125],[98.271484,10.739893],[98.251758,10.744434],[98.218164,10.837744],[98.155371,10.897949],[98.080469,10.886621],[98.142578,10.963135],[98.167285,10.980322],[98.209766,10.952734]]],[[[98.182617,9.933447],[98.134375,9.875391],[98.118066,9.877881],[98.140234,9.974658],[98.220703,10.045215],[98.291699,10.051318],[98.283398,10.007617],[98.23125,9.953955],[98.182617,9.933447]]],[[[98.22168,11.478223],[98.216211,11.455762],[98.209375,11.456543],[98.187305,11.472412],[98.201074,11.567187],[98.239062,11.644727],[98.278125,11.758398],[98.299609,11.783008],[98.30752,11.7229],[98.283789,11.594092],[98.263281,11.523633],[98.22168,11.478223]]],[[[98.516016,11.905029],[98.474316,11.899414],[98.454492,12.061279],[98.466211,12.084277],[98.525293,12.005176],[98.60957,11.956641],[98.576465,11.925098],[98.516016,11.905029]]],[[[98.553809,11.744873],[98.528418,11.538672],[98.464844,11.567187],[98.434766,11.56709],[98.396875,11.683545],[98.399512,11.714844],[98.376465,11.791504],[98.523535,11.804932],[98.553809,11.744873]]],[[[98.413965,12.597949],[98.436426,12.570508],[98.468262,12.571338],[98.459473,12.47373],[98.380859,12.353662],[98.334473,12.336182],[98.313867,12.335986],[98.331445,12.511426],[98.302539,12.611572],[98.312109,12.678174],[98.396484,12.647119],[98.413965,12.597949]]],[[[98.136719,12.150439],[98.125098,12.144873],[98.108496,12.148096],[98.075391,12.164453],[98.037305,12.232471],[98.057324,12.280078],[98.071387,12.291797],[98.104883,12.287793],[98.122461,12.278711],[98.128418,12.26123],[98.118457,12.223389],[98.120117,12.191309],[98.136719,12.150439]]],[[[94.476758,15.945947],[94.411914,15.848389],[94.387891,15.994141],[94.49375,16.075342],[94.545996,16.152832],[94.60127,16.205518],[94.618652,16.141309],[94.566113,16.019287],[94.476758,15.945947]]],[[[97.575,16.253223],[97.537207,16.240137],[97.480371,16.305713],[97.469141,16.461035],[97.516406,16.496875],[97.541992,16.505078],[97.579004,16.486035],[97.593262,16.460791],[97.599609,16.429541],[97.589355,16.397363],[97.575,16.253223]]],[[[93.69082,18.684277],[93.674023,18.675684],[93.569922,18.75957],[93.4875,18.867529],[93.618262,18.888818],[93.744727,18.865527],[93.745508,18.808057],[93.718359,18.715723],[93.69082,18.684277]]],[[[93.491797,19.892578],[93.513281,19.754785],[93.444629,19.806445],[93.419531,19.877588],[93.412891,19.950342],[93.491797,19.892578]]],[[[93.714844,19.558252],[93.829492,19.475293],[93.874707,19.481055],[93.945703,19.428613],[93.947461,19.408154],[93.933984,19.36543],[93.901953,19.332031],[93.815234,19.298682],[93.755859,19.325684],[93.732324,19.416309],[93.662207,19.458936],[93.644043,19.495068],[93.688379,19.544434],[93.714844,19.558252]]],[[[98.541699,10.961523],[98.518945,10.959375],[98.498047,10.964258],[98.477441,10.979736],[98.526563,11.086963],[98.541699,10.961523]]],[[[98.075488,11.692383],[98.083594,11.636816],[98.021094,11.695898],[98.010352,11.860254],[98.05957,11.756689],[98.080762,11.733203],[98.075488,11.692383]]],[[[98.066113,12.389795],[98.060352,12.353516],[98.002344,12.279004],[97.951758,12.322314],[97.938672,12.346094],[97.990234,12.393799],[98.045117,12.387012],[98.059863,12.397852],[98.066113,12.389795]]],[[[98.31543,13.099072],[98.30918,12.934717],[98.259277,13.014014],[98.250781,13.104395],[98.25459,13.188574],[98.265332,13.202246],[98.268555,13.189355],[98.298633,13.15166],[98.31543,13.099072]]],[[[94.804883,15.819336],[94.784375,15.793848],[94.743359,15.812109],[94.733496,15.823047],[94.828027,15.933008],[94.838184,15.89209],[94.804883,15.819336]]],[[[93.010156,19.923926],[93.023242,19.828857],[92.975195,19.868018],[92.912695,19.999805],[92.914648,20.086475],[92.95957,20.046191],[93.010156,19.923926]]]]},"properties":{"kind":"land","name":"Myanmar","label":[95.804497,21.573855]}},{"type":"Feature","geometry":{"type":"Polygon","coordinates":[[[91.631934,27.759961],[91.625879,27.737305],[91.597656,27.677002],[91.579297,27.611426],[91.594727,27.557666],[91.658105,27.493604],[91.743066,27.442529],[91.85127,27.438623],[91.950977,27.458301],[91.99082,27.450195],[92.044922,27.364697],[92.083398,27.290625],[92.031152,27.214307],[92.002539,27.147363],[91.992285,27.099902],[91.998633,27.079297],[92.030859,27.04082],[92.068164,26.975195],[92.073438,26.914844],[92.049707,26.874854],[91.99834,26.85498],[91.94375,26.86084],[91.898633,26.860059],[91.84209,26.852979],[91.753711,26.830762],[91.671582,26.802002],[91.517578,26.807324],[91.455859,26.866895],[91.426758,26.86709],[91.286523,26.789941],[91.133887,26.803418],[90.855762,26.777734],[90.739648,26.77168],[90.620313,26.780225],[90.559863,26.796582],[90.447656,26.850781],[90.345898,26.890332],[90.242383,26.85415],[90.206055,26.84751],[90.122949,26.75459],[89.943164,26.723926],[89.763867,26.701563],[89.710938,26.713916],[89.609961,26.719434],[89.606152,26.741113],[89.60918,26.762207],[89.586133,26.778955],[89.545117,26.79624],[89.474609,26.803418],[89.38418,26.826562],[89.332129,26.848633],[89.148242,26.816162],[89.040918,26.865039],[88.919141,26.932227],[88.857617,26.961475],[88.835156,27.065576],[88.813574,27.099023],[88.765625,27.134229],[88.73877,27.175586],[88.760352,27.218115],[88.881641,27.297461],[88.891406,27.316064],[88.947559,27.464014],[89.025488,27.517871],[89.102344,27.592578],[89.160449,27.711279],[89.272656,27.833154],[89.395898,27.958154],[89.480664,28.059961],[89.536914,28.107422],[89.652734,28.158301],[89.749805,28.188184],[89.816895,28.256299],[89.897852,28.294141],[89.981055,28.311182],[90.104492,28.302051],[90.220801,28.277734],[90.348242,28.243945],[90.362988,28.216504],[90.352148,28.168164],[90.333789,28.119141],[90.333105,28.093994],[90.352734,28.080225],[90.477344,28.07085],[90.630078,28.078564],[90.715723,28.071729],[90.906641,28.026514],[90.9625,27.99458],[91.020801,27.970068],[91.077734,27.974463],[91.149902,28.026758],[91.225879,28.07124],[91.273047,28.078369],[91.306836,28.064014],[91.367578,28.021631],[91.493359,27.981787],[91.605566,27.951709],[91.641895,27.923242],[91.629395,27.800879],[91.631934,27.759961]]]},"properties":{"kind":"land","name":"Bhutan","label":[90.040294,27.536685]}},{"type":"Feature","geometry":{"type":"MultiPolygon","coordinates":[[[[89.051465,22.093164],[89.055859,22.18623],[89.05,22.274609],[88.971484,22.510937],[88.920703,22.632031],[88.926953,22.671143],[88.923438,22.687549],[88.899707,22.843506],[88.866992,22.938867],[88.850586,23.040527],[88.928125,23.186621],[88.89707,23.2104],[88.807617,23.229687],[88.724414,23.25498],[88.704004,23.292822],[88.74082,23.436621],[88.697656,23.493018],[88.635742,23.55],[88.616406,23.572754],[88.595996,23.602197],[88.567383,23.674414],[88.622559,23.826367],[88.699805,24.002539],[88.71377,24.069629],[88.726562,24.18623],[88.733594,24.230908],[88.723535,24.274902],[88.642285,24.325977],[88.498535,24.346631],[88.396973,24.389258],[88.3375,24.453857],[88.287109,24.479736],[88.225,24.460645],[88.145508,24.485791],[88.079102,24.549902],[88.023438,24.627832],[88.030273,24.664453],[88.045117,24.713037],[88.149805,24.914648],[88.188867,24.920605],[88.279492,24.881934],[88.313379,24.881836],[88.372949,24.961523],[88.45625,25.188428],[88.573828,25.187891],[88.677539,25.180469],[88.747559,25.168945],[88.817285,25.176221],[88.890137,25.194385],[88.929785,25.222998],[88.95166,25.259277],[88.944141,25.290771],[88.854785,25.333545],[88.820312,25.365527],[88.79541,25.45625],[88.769141,25.490479],[88.593457,25.495312],[88.502441,25.537012],[88.452344,25.574414],[88.363086,25.698193],[88.25293,25.789795],[88.147461,25.811426],[88.106641,25.841113],[88.08457,25.888232],[88.097363,25.956348],[88.129004,26.018213],[88.150781,26.087158],[88.235156,26.178076],[88.333984,26.25752],[88.378027,26.312012],[88.44043,26.369482],[88.447852,26.401025],[88.436719,26.437109],[88.38623,26.471533],[88.351465,26.482568],[88.345898,26.504785],[88.369922,26.564111],[88.418164,26.571533],[88.518262,26.517773],[88.620117,26.430664],[88.680664,26.352979],[88.682813,26.291699],[88.722168,26.281836],[88.761914,26.279395],[88.828027,26.252197],[88.896484,26.260498],[88.940723,26.245361],[88.97041,26.250879],[88.981543,26.286133],[88.948242,26.337988],[88.924121,26.375098],[88.951953,26.412109],[88.983398,26.419531],[89.018652,26.410254],[89.066797,26.376904],[89.101953,26.30835],[89.108301,26.202246],[89.186426,26.105957],[89.289258,26.037598],[89.369727,26.006104],[89.466895,25.983545],[89.549902,26.005273],[89.591406,26.072412],[89.572754,26.132324],[89.585742,26.186035],[89.619043,26.215674],[89.670898,26.213818],[89.709863,26.17124],[89.822949,25.941406],[89.799609,25.8396],[89.824902,25.560156],[89.796289,25.37583],[89.800879,25.336133],[89.814063,25.305371],[89.833301,25.292773],[89.866309,25.293164],[90.003809,25.25835],[90.119629,25.219971],[90.250391,25.184961],[90.439355,25.157715],[90.555273,25.166602],[90.613086,25.167725],[90.730176,25.159473],[91.038281,25.174072],[91.293164,25.177979],[91.39668,25.151611],[91.479688,25.142139],[91.763477,25.160645],[92.049707,25.169482],[92.204688,25.110937],[92.373438,25.015137],[92.468359,24.944141],[92.485449,24.90332],[92.475,24.868506],[92.443164,24.849414],[92.384961,24.848779],[92.25127,24.895068],[92.22832,24.881348],[92.230566,24.78623],[92.22666,24.770996],[92.198047,24.685742],[92.11748,24.493945],[92.101953,24.408057],[92.085059,24.386182],[92.06416,24.374365],[92.001074,24.370898],[91.95166,24.356738],[91.931055,24.325537],[91.899023,24.260693],[91.876953,24.195312],[91.846191,24.175293],[91.772461,24.210645],[91.726562,24.205078],[91.66875,24.190088],[91.611133,24.152832],[91.571387,24.106592],[91.526367,24.090771],[91.392676,24.100098],[91.36709,24.093506],[91.350195,24.060498],[91.336426,24.018799],[91.232031,23.920459],[91.19248,23.762891],[91.160449,23.660645],[91.165527,23.581055],[91.253809,23.373633],[91.315234,23.104395],[91.338867,23.077002],[91.359375,23.068359],[91.368652,23.074561],[91.366797,23.130469],[91.370605,23.197998],[91.399414,23.213867],[91.43623,23.199902],[91.471387,23.14126],[91.51123,23.033691],[91.553516,22.991553],[91.619531,22.979688],[91.694922,23.004834],[91.750977,23.053516],[91.773828,23.106104],[91.75791,23.209814],[91.754199,23.287305],[91.790039,23.361035],[91.919141,23.471045],[91.937891,23.504688],[91.929492,23.598242],[91.92959,23.685986],[91.978516,23.691992],[92.044043,23.677783],[92.127051,23.720996],[92.152344,23.721875],[92.187109,23.675537],[92.246094,23.683594],[92.289355,23.49248],[92.33418,23.323828],[92.333789,23.242383],[92.341211,23.069824],[92.361621,22.929004],[92.393164,22.897021],[92.430469,22.821826],[92.464453,22.734424],[92.491406,22.6854],[92.50957,22.525684],[92.531836,22.410303],[92.56123,22.048047],[92.574902,21.978076],[92.582812,21.940332],[92.584277,21.609033],[92.593457,21.467334],[92.625293,21.350732],[92.631641,21.306201],[92.599805,21.270166],[92.568555,21.26333],[92.53916,21.319824],[92.471875,21.362988],[92.372656,21.409033],[92.330566,21.439795],[92.279688,21.427588],[92.208203,21.357861],[92.17959,21.293115],[92.191992,21.202246],[92.214746,21.112695],[92.264453,21.061475],[92.268457,21.004688],[92.28623,20.931592],[92.311914,20.864453],[92.324121,20.791846],[92.307813,20.79043],[92.248145,20.883594],[92.194629,20.984277],[92.056055,21.174805],[92.010938,21.51626],[92.008008,21.684766],[91.913184,21.883057],[91.85,22.157373],[91.824805,22.228662],[91.857813,22.317334],[91.863379,22.350488],[91.84541,22.343115],[91.79707,22.297461],[91.734082,22.406689],[91.692969,22.504785],[91.529688,22.707666],[91.482129,22.797412],[91.480078,22.884814],[91.40957,22.797021],[91.31377,22.735156],[91.216211,22.642236],[91.151367,22.614063],[90.945605,22.597021],[90.826758,22.721387],[90.65625,23.025488],[90.633594,23.094238],[90.656055,23.273047],[90.615625,23.442334],[90.616113,23.531641],[90.604004,23.591357],[90.573438,23.578125],[90.561621,23.537109],[90.568066,23.474268],[90.555664,23.421533],[90.408008,23.431885],[90.269141,23.455859],[90.391504,23.366943],[90.522754,23.346143],[90.590918,23.266406],[90.599219,23.20415],[90.595117,23.133936],[90.527734,23.084961],[90.466016,23.053906],[90.477539,22.986768],[90.552246,22.904883],[90.461621,22.881787],[90.436914,22.828174],[90.435059,22.751904],[90.480664,22.684668],[90.498438,22.634814],[90.487402,22.588721],[90.531738,22.539307],[90.595508,22.43584],[90.616113,22.362158],[90.589453,22.258447],[90.552832,22.218164],[90.494141,22.178906],[90.355762,22.048242],[90.288184,21.899414],[90.230566,21.829785],[90.158789,21.816846],[90.130762,21.847412],[90.071191,21.887256],[90.07002,21.959912],[90.087891,22.01748],[90.20957,22.156592],[90.143457,22.137891],[90.068555,22.098193],[89.954199,22.022852],[89.918066,22.116162],[89.894043,22.202588],[89.893848,22.308398],[89.985156,22.466406],[89.881836,22.387598],[89.853223,22.288965],[89.86582,22.173047],[89.852539,22.090918],[89.811914,21.983496],[89.756836,21.919043],[89.667773,21.877686],[89.628125,21.81416],[89.568555,21.767432],[89.566602,21.860596],[89.547461,21.983691],[89.483203,22.275537],[89.469336,22.212939],[89.502539,22.031885],[89.500586,21.914355],[89.451953,21.821094],[89.353711,21.721094],[89.278613,21.706982],[89.234277,21.722363],[89.16709,21.784277],[89.093945,21.872754],[89.081641,22.014941],[89.051465,22.093164]]],[[[91.150781,22.175195],[91.044727,22.105176],[91.079492,22.519727],[91.158301,22.36543],[91.178223,22.283008],[91.150781,22.175195]]],[[[91.556738,22.382227],[91.510449,22.352783],[91.466895,22.378418],[91.411328,22.475684],[91.438867,22.598828],[91.456055,22.616504],[91.483984,22.576562],[91.523047,22.490723],[91.54834,22.425391],[91.556738,22.382227]]],[[[90.777637,22.089307],[90.603613,22.054199],[90.515039,22.065137],[90.680469,22.32749],[90.674902,22.444971],[90.649219,22.540674],[90.564941,22.617627],[90.560352,22.672559],[90.522559,22.74751],[90.50293,22.835352],[90.596484,22.863525],[90.672266,22.813184],[90.683008,22.785303],[90.699219,22.713525],[90.736914,22.638721],[90.868164,22.484863],[90.86582,22.390576],[90.829883,22.159961],[90.777637,22.089307]]],[[[91.873828,21.832129],[91.837598,21.750244],[91.819727,21.809814],[91.835156,21.885352],[91.850684,21.927051],[91.861328,21.92666],[91.88252,21.883643],[91.873828,21.832129]]],[[[91.949219,21.508057],[91.888867,21.50332],[91.859473,21.532959],[91.873242,21.574414],[91.857031,21.708789],[91.907715,21.722949],[91.933984,21.722168],[91.948633,21.682568],[91.961914,21.609766],[91.949219,21.508057]]],[[[90.641797,22.962988],[90.65957,22.92002],[90.603906,22.945557],[90.562305,22.975439],[90.536328,23.014893],[90.579883,23.035449],[90.641797,22.962988]]]]},"properties":{"kind":"land","name":"Bangladesh","label":[89.684963,24.214956]}},{"type":"Feature","geometry":{"type":"MultiLineString","coordinates":[[[83.857652,21.520134],[83.713165,21.673148],[83.63596,21.728235],[83.577979,21.7364],[83.528473,21.716737],[83.487545,21.669246],[83.425223,21.657903],[83.29965,21.695162]]]},"properties":{"kind":"river","name":"Mah\u00e4na Nad\u00ef","label":null}},{"type":"Feature","geometry":{"type":"MultiLineString","coordinates":[[[81.294707,30.791661],[81.199313,30.852096]],[[76.764648,31.408626],[76.743564,31.333643],[76.714832,31.298452],[76.67132,31.277988],[76.595976,31.306358],[76.435056,31.422268]]]},"properties":{"kind":"river","name":"Sutlej","label":null}},{"type":"Feature","geometry":{"type":"MultiLineString","coordinates":[[[97.51904,25.701016],[97.507981,25.689647],[97.514906,25.667943],[97.505708,25.589756],[97.448967,25.416743],[97.393776,25.336955],[97.34024,25.350443],[97.292077,25.310032],[97.249289,25.215722],[97.249703,25.152496],[97.293214,25.120353],[97.289804,25.099812],[97.239367,25.090924],[97.216113,25.064104],[97.219937,25.019352],[97.195649,24.981008],[97.116998,24.932975],[97.055451,24.835306],[97.055089,24.754923],[97.095397,24.659244],[97.117101,24.55168],[97.120098,24.432204],[97.142474,24.34699],[97.184074,24.295933],[97.197768,24.251543],[97.183402,24.213716],[97.114465,24.178163],[96.990907,24.144806],[96.892412,24.168706],[96.818721,24.249838],[96.737072,24.307199],[96.647259,24.340788],[96.561269,24.343941],[96.479104,24.316656],[96.402209,24.251285],[96.330792,24.14788],[96.291363,24.058635],[96.280356,23.946084],[96.085226,23.65282],[96.006368,23.358549],[95.978669,22.965575],[95.948903,22.753599],[95.917174,22.722696],[95.923479,22.662751],[95.968024,22.573765],[95.98363,22.495113],[95.970401,22.426693],[95.976034,22.377342],[96.000477,22.347008],[96.019907,22.229755],[96.03417,22.025555],[96.009365,21.906673],[95.945648,21.873032],[95.87945,21.875048],[95.810824,21.91272],[95.710365,21.928016],[95.578073,21.920988],[95.480715,21.871378],[95.41829,21.779188],[95.372866,21.66581],[95.344393,21.531193],[95.314937,21.457554],[95.269152,21.438433],[95.173499,21.345028],[95.061051,21.286505],[94.899924,21.231728],[94.819618,21.146358],[94.820135,21.030345],[94.793573,20.932728],[94.739933,20.853508],[94.761121,20.701631],[94.857135,20.477097],[94.907468,20.304704],[94.912119,20.184453],[94.956096,20.070817],[95.081153,19.910361],[95.140374,19.844887],[95.169416,19.710348],[95.187916,19.484935],[95.176754,19.277118],[95.135723,19.086871],[95.139754,18.945201],[95.18864,18.85208],[95.179803,18.770896],[95.11314,18.701649],[95.075623,18.640723],[95.067252,18.588065],[95.143009,18.479027],[95.302896,18.313508],[95.399686,18.181345],[95.433483,18.082514],[95.452293,17.95632],[95.454877,17.856094],[95.45622,17.802764],[95.472498,17.743672],[95.485056,17.698067],[95.538696,17.642179],[95.561123,17.585697],[95.552338,17.52862],[95.58014,17.479786],[95.644736,17.43922],[95.654968,17.389843],[95.610836,17.331656],[95.60324,17.254399],[95.632075,17.158074],[95.625099,17.086167],[95.582311,17.038624],[95.573836,16.977155],[95.599571,16.901734],[95.54314,16.8375],[95.481438,16.813909],[95.404337,16.784428],[95.330647,16.720969],[95.321965,16.647098],[95.236285,16.520336],[94.992373,16.250791],[94.95222,16.209812],[94.893154,16.182837]]]},"properties":{"kind":"river","name":"Ayeyarwady","label":null}},{"type":"Feature","geometry":{"type":"MultiLineString","coordinates":[[[89.739257,24.330195],[89.713832,24.135142],[89.707941,23.962414],[89.744424,23.858673],[89.867518,23.720258],[89.993918,23.621039],[90.074378,23.573419],[90.266976,23.459395]],[[89.739257,24.330195],[89.80871,24.171807],[89.922915,24.082096],[90.115668,23.971147],[90.214111,23.869086],[90.218142,23.775939],[90.243929,23.73465],[90.291368,23.745269],[90.355446,23.708682],[90.476266,23.582979],[90.561635,23.537091]],[[95.396482,28.002916],[95.443766,27.883621],[95.369197,27.805745],[95.188536,27.729471],[95.116499,27.698284],[95.10358,27.683401],[95.108541,27.678466],[95.122081,27.675779],[95.137273,27.665573],[95.138514,27.644049],[95.083737,27.615059],[94.972322,27.586017],[94.877961,27.543229],[94.80055,27.486617],[94.725206,27.412927],[94.651722,27.322105],[94.630431,27.278025],[94.597461,27.234049],[94.567024,27.188883],[94.558859,27.130541],[94.517673,27.072301],[94.443362,27.014191],[94.335048,26.951895],[94.192732,26.885388],[94.119506,26.867223],[94.023026,26.867353],[93.751622,26.732038],[93.403271,26.738678],[93.245192,26.717543],[93.161167,26.670827],[93.008514,26.635635],[92.787029,26.612045],[92.655926,26.579567],[92.615102,26.538225],[92.54384,26.521431],[92.442141,26.529285],[92.312433,26.494921],[92.154716,26.418388],[92.071104,26.360924],[92.061699,26.322502],[91.965787,26.270464],[91.643843,26.163881],[91.546795,26.14781],[91.436259,26.150652],[91.250379,26.183208],[91.1524,26.204706],[91.052251,26.191528],[90.917169,26.150807],[90.759763,26.155045],[90.579929,26.204292],[90.356067,26.174346],[90.088176,26.065231],[89.8901,25.901262],[89.761839,25.68236],[89.698949,25.490124],[89.701429,25.324553],[89.680139,25.168412],[89.621228,25.026328],[89.612649,24.948374],[89.619574,24.894863],[89.729128,24.649297],[89.749902,24.41143],[89.739257,24.330195]]]},"properties":{"kind":"river","name":"Brahmaputra","label":null}},{"type":"Feature","geometry":{"type":"MultiLineString","coordinates":[[[103.850747,28.668044],[103.942317,28.62678],[104.093729,28.620656],[104.335472,28.635901],[104.492155,28.678715],[104.563675,28.74915],[104.620364,28.779355],[104.650491,28.795374],[104.752759,28.81744],[104.833426,28.81558],[104.892544,28.789793],[104.939466,28.793049],[104.985354,28.790465],[105.011606,28.777675],[105.042664,28.745739],[105.091343,28.724371],[105.127981,28.732148],[105.152579,28.769045],[105.208648,28.786486],[105.296188,28.784522],[105.351017,28.805064],[105.373031,28.848162],[105.423777,28.877075],[105.503049,28.891829],[105.547077,28.91467],[105.576533,28.921853],[105.619476,28.905885],[105.673271,28.897668],[105.741277,28.918028],[105.784685,28.906091],[105.803392,28.861753],[105.828921,28.838705],[105.861063,28.836948],[105.881579,28.852193],[105.890364,28.884335],[105.875739,28.914721],[105.837809,28.943247],[105.834295,28.979989],[105.865197,29.024844],[105.945761,29.058097],[106.075882,29.079698],[106.146317,29.125199],[106.156963,29.194652],[106.252977,29.274079],[106.434155,29.363479],[106.518129,29.426215],[106.504797,29.462388],[106.522728,29.516467],[106.571821,29.588504],[106.617503,29.611552],[106.659671,29.58561],[106.721114,29.577833],[106.801833,29.588168],[106.894282,29.649973],[106.998358,29.763248],[107.083676,29.787071],[107.150132,29.721494],[107.23731,29.698601],[107.345107,29.718341],[107.418798,29.770948],[107.458278,29.856369],[107.530109,29.890476],[107.634185,29.873267],[107.841718,30.043386],[108.308149,30.579529],[108.391245,30.691848],[108.418323,30.755436],[108.417238,30.807681],[108.443076,30.853363],[108.495838,30.89243],[108.7567,30.936484],[109.460017,31.01002],[109.54549,31.034488],[109.598096,31.031259],[109.646362,31.008495],[109.74155,31.016195],[109.883867,31.054358],[109.984119,31.06136],[110.042513,31.037124],[110.142662,31.031853],[110.284669,31.045496],[110.47365,31.019657],[110.827582,30.921705],[110.970932,30.852226],[111.045036,30.834914],[111.097746,30.846696],[111.158931,30.828558],[111.228488,30.78055],[111.308586,30.673218],[111.399227,30.506562],[111.465269,30.41773],[111.506713,30.406749],[111.520459,30.384347],[111.506507,30.350603],[111.512295,30.318201],[111.537823,30.287196],[111.570792,30.287221],[111.612288,30.310889],[111.735588,30.389334],[111.818271,30.425998],[111.860335,30.420831],[111.910513,30.386673],[111.968701,30.323421],[112.058101,30.292725],[112.178765,30.294559],[112.246927,30.277506],[112.26274,30.241565],[112.252094,30.190767],[112.214991,30.125138],[112.251836,30.067674],[112.362527,30.018375],[112.405573,29.926907],[112.380975,29.793324],[112.409707,29.738495],[112.491873,29.762421],[112.543653,29.792342],[112.569388,29.784151],[112.593417,29.765677],[112.604476,29.752448],[112.628712,29.752448],[112.631968,29.764928],[112.657031,29.787975],[112.706537,29.799396],[112.738938,29.785521],[112.732323,29.772292],[112.744674,29.753688],[112.781881,29.743947],[112.81883,29.73741],[112.884614,29.760277],[112.94182,29.740252],[112.955101,29.69072],[112.939908,29.668577],[112.916963,29.599641],[112.924095,29.529981],[112.950605,29.507708],[112.988587,29.505202],[113.016544,29.494376],[113.030962,29.480836],[113.052666,29.46908],[113.096849,29.456445],[113.1277,29.462776]]]},"properties":{"kind":"river","name":"Chang Jiang","label":null}},{"type":"Feature","geometry":{"type":"MultiLineString","coordinates":[[[100.070202,33.00566],[100.165184,32.895693],[100.240424,32.839055],[100.371269,32.779111],[100.508728,32.627182],[100.615905,32.546231],[100.738585,32.48564],[100.800804,32.426884],[100.802457,32.369962],[100.842455,32.326089],[100.921003,32.295264],[100.969837,32.212091],[100.998828,32.008796],[101.214318,31.836558],[101.422264,31.799661],[101.694393,31.840615],[101.879498,31.823458],[101.977373,31.748192],[102.038971,31.646363],[102.064189,31.517999],[102.054784,31.432294],[102.010756,31.389195],[102.003728,31.350386],[102.0337,31.315763],[102.009619,31.257576],[101.931587,31.175772],[101.887352,31.104949],[101.875518,30.984982],[101.882443,30.924728],[101.928177,30.845818],[102.012719,30.748149],[102.058401,30.655493],[102.065326,30.567747],[102.102326,30.446307],[102.169402,30.291123],[102.19493,30.174799],[102.178704,30.097362],[102.18506,30.032095],[102.213896,29.978997],[102.212914,29.8396],[102.182115,29.6138],[102.206196,29.439159],[102.285054,29.315653],[102.397295,29.2778],[102.61568,29.349501],[102.759702,29.313017],[102.8182,29.279402],[102.839232,29.23651],[102.876801,29.23713],[102.931061,29.281262],[102.979482,29.288264],[103.022063,29.258111],[103.060924,29.258214],[103.096167,29.288497],[103.150841,29.289169],[103.225152,29.260126],[103.277862,29.261263],[103.309074,29.292528],[103.35889,29.310821],[103.427413,29.316144],[103.50591,29.291546],[103.594483,29.237027],[103.644299,29.236097],[103.655358,29.288704],[103.639235,29.321156],[103.595879,29.333352],[103.569213,29.359604],[103.559188,29.399911],[103.594638,29.454792],[103.641767,29.495228],[103.676804,29.525175],[103.71923,29.537035]]]},"properties":{"kind":"river","name":"Dadu","label":null}},{"type":"Feature","geometry":{"type":"MultiLineString","coordinates":[[[94.356029,29.309529],[94.525734,29.438746],[94.641025,29.484299],[94.758537,29.48926],[94.843958,29.521196],[94.897391,29.580107],[94.91894,29.636176],[94.908657,29.689403],[94.958783,29.728082],[95.069267,29.752189],[95.125491,29.793246],[95.127713,29.851227],[95.17076,29.875954],[95.254579,29.867428],[95.294473,29.850194],[95.290339,29.824201],[95.312198,29.801179],[95.36005,29.781128],[95.395139,29.691082],[95.417566,29.53104],[95.385217,29.41035],[95.29809,29.329063],[95.19112,29.258369],[95.064306,29.19827],[94.944004,29.089801],[94.830315,28.93286],[94.808921,28.846069],[94.879925,28.829352],[94.961005,28.750597],[95.052266,28.609753],[95.096552,28.505961],[95.093865,28.439143],[95.067614,28.375917],[95.017901,28.316256],[95.002708,28.258224],[95.022242,28.201819],[95.087767,28.172234],[95.199388,28.169444],[95.290546,28.126759],[95.396482,28.002916]]]},"properties":{"kind":"river","name":"Dihang","label":null}},{"type":"Feature","geometry":{"type":"MultiLineString","coordinates":[[[89.483148,22.27554],[89.425271,22.495526],[89.372147,22.58118],[89.299697,22.618852]],[[89.299697,22.618852],[89.260785,22.573558],[89.255462,22.445349],[89.286468,22.307579],[89.35375,22.160301],[89.378555,22.058085],[89.3522,21.972303],[89.350547,21.885641],[89.335819,21.788386],[89.35375,21.721103]],[[88.439749,22.986478],[88.385024,22.867958],[88.34668,22.735253],[88.343786,22.629265],[88.290043,22.549399],[88.185346,22.495604],[88.117547,22.410234],[88.087058,22.217714]],[[88.439749,22.986478],[88.518453,22.975342],[88.597931,22.974774],[88.682164,22.953793],[88.756268,22.914984],[88.82045,22.858373],[88.842619,22.802846],[88.822878,22.748328],[88.845254,22.700243],[88.909643,22.65854],[88.971448,22.510926],[89.049945,22.274636],[89.055836,22.186243],[89.051443,22.093174]],[[90.074378,23.573419],[90.096031,23.340307],[90.127243,23.25194],[90.180883,23.205922],[90.228426,23.178482],[90.243619,23.138252],[90.265219,23.115592],[90.298757,23.088074],[90.302116,23.05451],[90.315242,23.015598],[90.361648,22.961054],[90.361338,22.875865],[90.394307,22.774838],[90.435028,22.751919]],[[89.109373,23.991921],[89.218565,23.80847],[89.301764,23.732505],[89.381242,23.6938],[89.447181,23.640185],[89.499581,23.571662],[89.520045,23.524766],[89.508676,23.499444],[89.526866,23.483373],[89.574719,23.476552],[89.598335,23.443091],[89.597818,23.383043],[89.615026,23.336974],[89.632493,23.301084],[89.637557,23.252483],[89.659727,23.222924],[89.709491,23.192331],[89.718638,23.133394],[89.765353,23.020068],[89.926274,22.840182],[90.007561,22.685231],[90.013555,22.563481],[89.985133,22.466381]],[[89.109373,23.991921],[89.199755,23.932648],[89.280887,23.930788],[89.37995,23.901125],[89.497049,23.843558],[89.604019,23.823094],[89.749282,23.848054]],[[88.396961,24.389261],[88.510133,24.261388],[88.533749,24.208471],[88.526928,24.165554],[88.554213,24.128863],[88.615708,24.098478],[88.642993,24.059359],[88.636172,24.011584],[88.690225,23.967762],[88.805257,23.92792],[88.864426,23.855909],[88.867837,23.751729],[88.837193,23.665791],[88.772391,23.598095],[88.763709,23.530657],[88.811045,23.463478],[88.852799,23.440714],[88.884683,23.423454],[88.905509,23.389942],[88.925973,23.363484],[88.988915,23.332788],[89.001731,23.263361],[89.027517,23.186079],[89.088754,23.112595],[89.112938,23.04048],[89.099812,22.969684],[89.113455,22.892556],[89.153866,22.809125],[89.208436,22.748741],[89.268433,22.707503],[89.275512,22.702671],[89.270861,22.678952],[89.299697,22.618852]],[[88.396961,24.389261],[88.498557,24.346628],[88.642321,24.325957],[88.723505,24.274901],[88.742212,24.193407],[88.769755,24.144289],[88.806239,24.127494],[88.858277,24.131086],[88.925973,24.155063],[89.009637,24.108684],[89.109373,23.991921]],[[87.919833,24.825048],[87.940193,24.666014],[88.018845,24.542533],[88.174598,24.388796],[88.238056,24.234258],[88.209014,24.07897],[88.205397,23.944689],[88.226998,23.831414],[88.215422,23.739637],[88.183383,23.700104],[88.213717,23.636749],[88.271853,23.587346],[88.303789,23.542672],[88.344613,23.530321],[88.360736,23.460558],[88.352158,23.333356],[88.375206,23.255428],[88.429983,23.226774],[88.46688,23.18613],[88.486051,23.133524],[88.458715,23.027484],[88.439749,22.986478]],[[87.919833,24.825048],[87.946291,24.753166],[87.999363,24.661441],[88.079048,24.549923],[88.145452,24.485793],[88.225034,24.460626],[88.287149,24.479746],[88.337533,24.453857],[88.396961,24.389261]],[[79.840739,30.888477],[79.820276,30.836826],[79.828802,30.78701],[79.859498,30.72182],[79.864614,30.679006],[79.833918,30.648285],[79.744931,30.543201],[79.667107,30.522117],[79.570782,30.550022],[79.470219,30.515993],[79.313123,30.372074],[79.232094,30.30089],[79.158921,30.284767],[79.066523,30.300063],[78.939296,30.291846],[78.777238,30.260065],[78.668718,30.201361],[78.613838,30.115733],[78.519786,30.089817],[78.386565,30.12364],[78.281041,30.092892],[78.203113,29.997601],[78.17035,29.889132],[78.182856,29.767537],[78.139448,29.673073],[78.040126,29.605687],[78.022194,29.491844],[78.085549,29.331543],[78.106013,29.180881],[78.083586,29.03983],[78.098313,28.882113],[78.176035,28.620501],[78.242491,28.521722],[78.271016,28.443329],[78.283728,28.352378],[78.336852,28.253418],[78.430386,28.146422],[78.60314,28.026429],[78.855218,27.893492],[79.02482,27.824762],[79.111947,27.820214],[79.167499,27.786289],[79.19158,27.722985],[79.255142,27.680171],[79.358392,27.657795],[79.44619,27.620356],[79.51864,27.567775],[79.590574,27.466489],[79.661991,27.316498],[79.732787,27.217435],[79.838052,27.145243],[79.922491,27.12558],[79.998352,27.024862],[80.093851,26.836553],[80.237718,26.648038],[80.429851,26.459264],[80.543901,26.317309],[80.579764,26.222172],[80.651749,26.138353],[80.75996,26.065954],[80.868687,26.037532],[80.978138,26.05319],[81.122832,25.988776],[81.302769,25.844366],[81.394598,25.745509],[81.398215,25.692256],[81.45754,25.645851],[81.572572,25.606344],[81.648743,25.563608],[81.686053,25.517668],[81.755558,25.498935],[81.857154,25.50741],[81.906815,25.48692],[81.903249,25.412764],[82.042052,25.312357],[82.11998,25.284659],[82.183129,25.296234],[82.215168,25.272463],[82.217028,25.258924],[82.225865,25.243498],[82.239094,25.241302],[82.254494,25.245694],[82.274286,25.261766],[82.299866,25.260474],[82.318366,25.230192],[82.344979,25.226523],[82.379809,25.249364],[82.43562,25.235049],[82.512618,25.183579],[82.55215,25.183967],[82.563467,25.202777],[82.584965,25.218409],[82.619588,25.219701],[82.785934,25.144021],[82.878797,25.141618],[82.965096,25.187662],[83.016618,25.238796],[83.033258,25.294968],[83.07403,25.330134],[83.138936,25.344241],[83.159297,25.376539],[83.135215,25.426975],[83.138729,25.47152],[83.170045,25.510174],[83.241565,25.518856],[83.353497,25.497591],[83.439589,25.465707],[83.489251,25.444158],[83.513487,25.461779],[83.513487,25.497074],[83.518138,25.533842],[83.59958,25.584072],[83.669653,25.607016],[83.712751,25.590325],[83.752232,25.54162],[83.803392,25.518934],[83.86623,25.522318],[83.959093,25.577044],[84.081979,25.683187],[84.171018,25.7221],[84.226208,25.693833],[84.283517,25.701041],[84.342894,25.743752],[84.42847,25.747163],[84.539987,25.711247],[84.634142,25.708328],[84.710933,25.738326],[84.826688,25.747008],[84.981408,25.734399],[85.11897,25.682567],[85.23917,25.591565],[85.338492,25.543971],[85.412441,25.534798],[85.456107,25.53777],[85.500807,25.544901],[85.555119,25.543635],[85.617751,25.493741],[85.696609,25.473794],[85.78601,25.494568],[85.880061,25.462219],[85.978969,25.376694],[86.097825,25.323623],[86.236731,25.303004],[86.370728,25.340805],[86.499816,25.437104],[86.571026,25.447672],[86.584359,25.372534],[86.61676,25.315354],[86.668126,25.27608],[86.74285,25.279827],[86.840932,25.32662],[86.964956,25.320083],[87.115127,25.260241],[87.218584,25.266985],[87.275324,25.340366],[87.350462,25.382715],[87.443893,25.394006],[87.517635,25.366436],[87.571689,25.299981],[87.643726,25.25696],[87.733746,25.2374],[87.779325,25.193191],[87.780461,25.124358],[87.824335,25.064362],[87.911048,25.013202],[87.942415,24.955945],[87.918541,24.892641],[87.919833,24.825048]]]},"properties":{"kind":"river","name":"Ganges","label":null}},{"type":"Feature","geometry":{"type":"MultiLineString","coordinates":[[[81.738815,16.942248],[81.832556,16.669164],[81.855655,16.552943],[81.839429,16.502533],[81.79969,16.465326],[81.736334,16.441296],[81.706414,16.400033],[81.711736,16.334455]],[[81.738815,16.942248],[81.88816,16.776547],[82.034094,16.713037],[82.338675,16.706526]],[[73.652487,20.012784],[73.888648,19.990201],[73.98983,19.998883],[74.034686,20.031336],[74.083571,20.036348],[74.162946,20.002862],[74.422465,19.917673],[74.588967,19.834862],[74.748957,19.72598],[74.916906,19.652134],[75.092915,19.613325],[75.197405,19.57865],[75.246911,19.532865],[75.472789,19.425326],[75.591231,19.380135],[75.677531,19.361506],[75.76905,19.361402],[75.845531,19.37582],[75.905062,19.362591],[75.916586,19.325901],[75.940512,19.314119],[75.986711,19.332593],[76.011309,19.326288],[76.027432,19.310165],[76.091769,19.290968],[76.318991,19.257171],[76.347206,19.241255],[76.353304,19.202291],[76.337284,19.140279],[76.346637,19.123898],[76.367773,19.119867],[76.395885,19.111134],[76.426788,19.076872],[76.47309,19.072738],[76.534585,19.098835],[76.581713,19.086303],[76.614476,19.035221],[76.657264,19.001631],[76.710181,18.985508],[76.74775,18.996412],[76.769971,19.034265],[76.855599,19.070413],[77.004737,19.104881],[77.092897,19.108317],[77.120079,19.080748],[77.195526,19.089274],[77.319136,19.133923],[77.404816,19.120229],[77.452668,19.048243],[77.578914,18.965794],[77.783656,18.872931],[77.968347,18.870399],[78.132988,18.958171],[78.235359,18.984113],[78.27546,18.948249],[78.319385,18.945666],[78.367238,18.976387],[78.428836,18.979824],[78.50418,18.955898],[78.575494,18.966491],[78.642776,19.011501],[78.701171,19.027444],[78.750883,19.01424],[78.834806,19.0261],[78.952938,19.062997],[79.049625,19.033412],[79.124762,18.937372],[79.201037,18.870916],[79.317154,18.815622],[79.401025,18.843243],[79.496264,18.809214],[79.630933,18.722733],[79.727155,18.690074],[79.785032,18.711261],[79.821619,18.761853],[79.874484,18.801953],[79.925127,18.807405],[80.029048,18.743611],[80.1416,18.70152],[80.243609,18.709478],[80.318643,18.686147],[80.366495,18.631576],[80.39006,18.572613],[80.389336,18.509258],[80.40825,18.463034],[80.447007,18.43394],[80.472742,18.387612],[80.485455,18.32405],[80.540748,18.260565],[80.687509,18.165532],[80.839903,17.995543],[80.892148,17.864595],[80.895042,17.716051],[80.986044,17.621715],[81.165155,17.581614],[81.266802,17.543064],[81.29109,17.506064],[81.352068,17.482344],[81.449737,17.471802],[81.527975,17.447824],[81.586576,17.410359],[81.646624,17.279282],[81.738815,16.942248]]]},"properties":{"kind":"river","name":"God\u00e4vari","label":null}},{"type":"Feature","geometry":{"type":"MultiLineString","coordinates":[[[111.477671,32.567806],[111.602212,32.467579],[111.642157,32.407428],[111.638953,32.353994],[111.68479,32.265111],[111.779668,32.140881],[111.918575,32.064555],[112.101406,32.036184],[112.188946,31.965801],[112.181194,31.853457],[112.225429,31.771084],[112.321651,31.718684],[112.390484,31.656931],[112.431722,31.585824],[112.440403,31.496088],[112.416529,31.387697],[112.433582,31.307753],[112.520605,31.230497],[112.555848,31.21918],[112.571765,31.183084],[112.580136,31.118463],[112.568561,31.096345],[112.539467,31.077483],[112.523086,31.039036],[112.555848,30.938784],[112.598843,30.874808],[112.633725,30.847911],[112.632019,30.815355],[112.621943,30.786545],[112.604838,30.712984],[112.627265,30.67017],[112.688967,30.658077],[112.713048,30.62702],[112.707364,30.601182],[112.715942,30.575473],[112.753666,30.572036],[112.797177,30.56413],[112.848854,30.518758],[112.885647,30.515347],[112.972981,30.530927],[113.072613,30.474962],[113.209659,30.430443],[113.380914,30.406826],[113.511707,30.442845],[113.601934,30.538446],[113.672369,30.596634],[113.768798,30.62609],[113.801457,30.622343],[113.837992,30.630017],[113.860472,30.644435],[113.900469,30.636683],[113.925687,30.644331],[113.938555,30.659834],[113.964135,30.657406],[114.009403,30.614514],[114.096426,30.58635],[114.288456,30.572088]],[[106.398498,33.067723],[106.676207,33.142215],[106.831702,33.134102],[106.931024,33.101675],[107.026005,33.042221],[107.188838,33.063202],[107.419624,33.164617],[107.596048,33.200454],[107.718108,33.17074],[107.806578,33.177794],[107.861355,33.221642],[107.905486,33.234302],[107.938973,33.215699],[107.955974,33.17503],[107.956491,33.112191],[108.036331,33.062013],[108.195494,33.024444],[108.265671,32.964112],[108.247016,32.880991],[108.287685,32.810685],[108.387731,32.753221],[108.410778,32.734126],[108.410778,32.709167],[108.425144,32.665448],[108.512168,32.549771],[108.650919,32.506233],[108.71784,32.527576],[108.759078,32.599277],[108.782332,32.613513],[108.797732,32.617389],[108.818609,32.608811],[108.835765,32.602506],[108.854731,32.607571],[108.922168,32.635889],[109.063245,32.734591],[109.17497,32.774925],[109.257342,32.756864],[109.324728,32.778],[109.377231,32.838332],[109.487405,32.885538],[109.715505,32.934062],[109.739276,32.93675],[109.766768,32.934062],[110.140492,32.824896],[110.305133,32.806938],[110.366835,32.840993],[110.47458,32.843422],[110.628266,32.814225],[110.715341,32.815103],[110.735804,32.846161],[110.807841,32.848021],[110.931348,32.820684],[110.966901,32.787663],[110.968607,32.771075],[111.000078,32.740689]]]},"properties":{"kind":"river","name":"Han","label":null}},{"type":"Feature","geometry":{"type":"MultiLineString","coordinates":[[[106.517974,20.288891],[106.387078,20.348267],[106.328632,20.356251],[106.287807,20.339741],[106.270341,20.346769],[106.276335,20.377258],[106.264346,20.397773],[106.234374,20.408315],[106.195823,20.466451],[106.148591,20.572181],[106.108593,20.622928],[106.075831,20.61869],[106.023224,20.664811],[105.95098,20.761317],[105.908812,20.861001],[105.89672,20.96394],[105.835535,21.050912],[105.725154,21.122019],[105.626039,21.161577],[105.538189,21.169613],[105.477211,21.203202],[105.425948,21.292034],[105.325075,21.272965],[105.274742,21.301181],[105.241256,21.370427],[105.215521,21.389341],[105.197435,21.357973],[105.117801,21.429545],[104.976518,21.60403],[104.692349,21.874505],[104.051768,22.424161],[103.478883,22.902272],[103.160711,23.121199],[102.90636,23.240287],[102.614181,23.353407],[102.119173,23.514095],[101.892417,23.699381],[101.745035,23.85702],[101.601272,24.048817],[101.50722,24.208187],[101.462882,24.335104],[101.410172,24.434168],[101.349297,24.505326],[101.291833,24.540104],[101.237986,24.538451],[101.11758,24.655395],[100.930822,24.890936],[100.811656,25.003435],[100.760083,24.992893],[100.642415,25.021212],[100.458551,25.088443],[100.350702,25.150196],[100.302953,25.234636],[100.182857,25.44315]]]},"properties":{"kind":"river","name":"Hong","label":null}},{"type":"Feature","geometry":{"type":"MultiLineString","coordinates":[[[106.943633,25.224688],[106.96265,25.222776],[106.97438,25.199961],[106.981925,25.134306],[107.019339,25.06059],[107.06285,25.02917],[107.155971,25.008706],[107.276584,24.874709],[107.315031,24.79642],[107.311672,24.72924],[107.362419,24.602607],[107.467322,24.41652],[107.541943,24.318361],[107.586281,24.308129],[107.60845,24.280637],[107.60845,24.235963],[107.577754,24.18886],[107.516259,24.139354],[107.494349,24.086566],[107.511919,24.030549],[107.547472,23.986262],[107.601112,23.953706],[107.643177,23.945412],[107.673769,23.961432],[107.73299,23.904898],[107.820944,23.77581],[107.901662,23.722015],[107.975146,23.743512],[108.039225,23.781546],[108.093692,23.836116],[108.131416,23.85658],[108.152293,23.843015],[108.22278,23.889214],[108.342772,23.995202],[108.452533,24.034606],[108.551855,24.007475],[108.631488,23.959623],[108.69133,23.8911],[108.758354,23.850017],[108.832665,23.836271],[108.864859,23.805679],[108.855041,23.75824],[108.873179,23.710491],[108.919275,23.662432],[108.998856,23.662845],[109.112028,23.711783],[109.191713,23.722532],[109.238015,23.69504],[109.281423,23.687598],[109.321834,23.700207],[109.368963,23.745941],[109.422603,23.824799],[109.469267,23.847227],[109.528643,23.796377]]]},"properties":{"kind":"river","name":"Hongshui","label":null}},{"type":"Feature","geometry":{"type":"MultiLineString","coordinates":[[[94.703295,16.511938],[94.728306,16.673246],[94.744326,16.782929],[94.742259,16.90809],[94.795175,17.035162],[94.903076,17.164146],[94.953925,17.257267],[94.947724,17.314525],[94.977231,17.352481],[95.042447,17.371111],[95.120168,17.472371],[95.210344,17.656235],[95.304395,17.766254],[95.454877,17.856094],[95.482059,17.879788],[95.520092,17.907564],[95.574973,17.904153],[95.633057,17.809818],[95.694242,17.624532],[95.783022,17.438316],[95.899397,17.251092],[95.95557,17.129833],[95.951539,17.074488],[96.041921,16.969275],[96.089618,16.846672],[96.189095,16.768331]],[[95.481438,16.813909],[95.323464,16.328203],[95.236802,16.132995],[95.132519,16.024862],[95.098619,15.957812],[95.078362,15.839137]],[[95.599571,16.901734],[95.64918,16.767504],[95.71853,16.709394],[95.828911,16.653377],[95.871751,16.593329],[95.847049,16.52925],[95.845447,16.478064],[95.866841,16.439772],[95.909836,16.412306],[95.994275,16.390344],[96.042851,16.339933]],[[95.472498,17.743672],[95.405784,17.717937],[95.355968,17.665795],[95.296023,17.554174],[95.290752,17.502239],[95.322895,17.467668],[95.339587,17.431184],[95.335142,17.378784],[95.317004,17.347753],[95.27618,17.322819],[95.263467,17.301683],[95.252822,17.224014],[95.248171,17.178487],[95.213341,17.144277],[95.186056,17.077718],[95.166109,16.978706],[95.175101,16.903439],[95.213031,16.851917],[95.221713,16.79621],[95.175721,16.674409],[95.145128,16.610485],[95.106784,16.574234],[95.060586,16.565604],[95.01449,16.503412],[94.968291,16.387605],[94.907365,16.287792],[94.793728,16.162037],[94.74784,16.080414],[94.656217,15.988792]]]},"properties":{"kind":"river","name":"Irrawaddy Delta","label":null}},{"type":"Feature","geometry":{"type":"MultiLineString","coordinates":[[[99.398615,28.119602],[99.430655,27.842384],[99.494217,27.641905],[99.600153,27.425742],[99.726761,27.245624],[99.874142,27.101499],[99.954344,26.993676],[99.96747,26.922078],[99.996305,26.904301],[100.041057,26.940268],[100.063381,27.012124],[100.063381,27.119818],[100.10865,27.220535],[100.19929,27.314276],[100.231691,27.398586],[100.205956,27.473517],[100.218617,27.554132],[100.26957,27.64038],[100.296235,27.720686],[100.298405,27.794945],[100.329721,27.833702],[100.390079,27.836906],[100.42739,27.753655],[100.441756,27.583872],[100.472452,27.483956],[100.519477,27.45388],[100.545419,27.393005],[100.550173,27.301331],[100.522888,27.237588],[100.46346,27.201802],[100.449611,27.168962],[100.48134,27.139093],[100.485887,27.049719],[100.463253,26.900839],[100.437467,26.816606],[100.408425,26.796969],[100.410595,26.691239],[100.443978,26.499339],[100.44868,26.377563],[100.424806,26.325887],[100.428062,26.278784],[100.458551,26.236228],[100.581799,26.202794],[100.797703,26.178454],[100.960691,26.211036],[101.070761,26.30054],[101.200056,26.357255],[101.348677,26.381129],[101.446862,26.442469],[101.494611,26.541274],[101.590316,26.593364],[101.733873,26.598739],[101.841257,26.5544],[101.91226,26.460349],[101.940166,26.362629],[101.924869,26.26124],[101.899031,26.192717],[101.862754,26.157163],[101.847148,26.098356],[101.852212,26.016397],[101.912054,25.981464],[102.026672,25.993504],[102.125994,26.056859],[102.209813,26.171478],[102.330839,26.266227],[102.488866,26.341131],[102.582504,26.370174],[102.611649,26.35343],[102.622088,26.32382],[102.61382,26.281342],[102.635007,26.252351],[102.685547,26.236745],[102.752623,26.262945],[102.836132,26.330951],[102.905481,26.365006],[102.960672,26.365084],[102.990076,26.395159],[102.993693,26.455285],[103.011005,26.498073],[103.042114,26.523498],[103.018498,26.63331],[102.94026,26.827562],[102.89742,27.012667],[102.889978,27.188677],[102.903311,27.3127],[102.937521,27.384711],[102.969147,27.412022],[102.998292,27.394659],[103.046403,27.39807],[103.147017,27.434346],[103.200192,27.533669],[103.237451,27.572038],[103.276415,27.582529],[103.293003,27.600951],[103.28706,27.627255],[103.325921,27.670301],[103.409585,27.730039],[103.479245,27.813806],[103.534952,27.921552],[103.532317,27.992168],[103.471442,28.025602],[103.444415,28.065212],[103.45134,28.110998],[103.483947,28.161175],[103.589471,28.249956],[103.625541,28.263598],[103.663161,28.256673],[103.702435,28.229182],[103.761553,28.243031],[103.840515,28.298118],[103.858705,28.377028],[103.816227,28.479761],[103.808889,28.565337],[103.850747,28.668044]],[[98.54151,31.689797],[98.798962,31.437952],[98.855393,31.323075],[98.796843,31.261219],[98.73788,31.251865],[98.678556,31.295041],[98.637525,31.279848],[98.614891,31.206364],[98.653338,31.124948],[98.75297,31.035574],[98.798962,30.963382],[98.791211,30.90832],[98.83064,30.842381],[98.917146,30.765538],[98.94655,30.711252],[98.918955,30.679575],[98.942829,30.47659],[99.018277,30.102349],[99.038637,29.849134],[99.003911,29.716946],[99.014039,29.550755],[99.096412,29.250489],[99.145866,28.641198],[99.221365,28.360181],[99.398615,28.126423]]]},"properties":{"kind":"river","name":"Jinsha","label":null}},{"type":"Feature","geometry":{"type":"MultiLineString","coordinates":[[[96.941298,31.965543],[97.055192,31.691916],[97.120512,31.576574],[97.175185,31.528308],[97.206811,31.463093],[97.215183,31.380824],[97.203917,31.32522],[97.172808,31.296178],[97.167537,31.232564],[97.187898,31.134353],[97.242881,31.049707],[97.332282,30.978626],[97.377447,30.890311],[97.37817,30.784685],[97.495476,30.618338],[97.846255,30.277739],[97.962734,30.162397],[98.037251,30.046022],[98.108565,29.890166],[98.160655,29.810222],[98.193624,29.806243],[98.242355,29.762886],[98.306951,29.680204],[98.363278,29.568221],[98.411337,29.426938],[98.484408,29.307152],[98.582489,29.20876],[98.619438,29.125664],[98.59515,29.057865],[98.59329,29.008721],[98.623986,28.963116],[98.670081,28.772249],[98.726718,28.631844],[98.809297,28.478262],[98.863144,28.303854],[98.888517,28.108621],[98.938023,27.959482],[99.011714,27.85644],[99.035795,27.76828],[99.010267,27.695002],[99.005151,27.622862],[99.028095,27.516279],[99.088402,27.376805],[99.103646,27.308385],[99.093828,27.264512],[99.109744,27.215109],[99.151292,27.160177],[99.175477,27.071113],[99.182298,26.947916],[99.165245,26.801491],[99.124317,26.631889],[99.114085,26.530887],[99.134549,26.498435],[99.141267,26.379992],[99.134135,26.17556],[99.139303,26.021461],[99.156563,25.917746],[99.213355,25.792018],[99.309577,25.644275],[99.341255,25.521207],[99.308492,25.422764],[99.341255,25.315018],[99.439646,25.197997],[99.525481,25.129319],[99.598758,25.109062],[99.699682,25.017026],[99.828357,24.853289],[99.938634,24.7619],[100.030618,24.742883],[100.086532,24.717794],[100.106272,24.686581],[100.139707,24.689708],[100.186733,24.727199],[100.250656,24.747172],[100.331633,24.749652],[100.418346,24.682215],[100.510899,24.544859],[100.547692,24.387788],[100.528986,24.210977],[100.485164,24.107624],[100.416228,24.07773],[100.388219,24.026079],[100.401035,23.952647],[100.35556,23.854126],[100.251793,23.730464],[100.184511,23.619747],[100.138519,23.473115],[100.066792,23.277598],[100.106221,23.14913],[100.232828,23.022523],[100.313185,22.887337],[100.347395,22.743677],[100.415297,22.635621],[100.516997,22.563171],[100.566916,22.501573],[100.565056,22.450826],[100.587897,22.397806],[100.635542,22.342538],[100.646808,22.305822],[100.621797,22.28758],[100.631822,22.26815],[100.676884,22.247428],[100.704737,22.205182],[100.715383,22.141388],[100.770005,22.047337],[100.868603,21.923107],[100.983738,21.844972],[101.11541,21.812958],[101.165588,21.78942],[101.134272,21.774382],[101.128174,21.70511],[101.147294,21.581629],[101.080373,21.468664],[100.927514,21.366216],[100.819511,21.314203],[100.75662,21.312653],[100.703135,21.25139],[100.65921,21.13039],[100.613683,21.059335],[100.566658,21.038174],[100.536169,20.992388],[100.522216,20.921927],[100.549346,20.884229],[100.617662,20.879269],[100.622933,20.859554],[100.565159,20.825112],[100.493329,20.812993],[100.407443,20.823225],[100.326104,20.795682],[100.249313,20.73026],[100.18389,20.589105],[100.12963,20.372219],[100.114954,20.257679],[100.139759,20.245431],[100.174124,20.272768],[100.218049,20.339586],[100.266004,20.377309],[100.317991,20.385888],[100.37313,20.340361],[100.431524,20.240729],[100.491572,20.184091],[100.553274,20.170449],[100.588517,20.0734],[100.597302,19.89305],[100.652699,19.825173],[100.754812,19.869769],[100.856718,19.877547],[100.95852,19.848556],[101.036655,19.847833],[101.091329,19.87548],[101.153444,19.872302],[101.223103,19.838324],[101.333278,19.821891],[101.484069,19.822976],[101.699353,19.889768],[101.979233,20.022267],[102.137053,20.086578],[102.172813,20.08265],[102.204646,20.057562],[102.232551,20.011259],[102.14098,19.903488],[101.92983,19.7343],[101.82348,19.604049],[101.821723,19.512789],[101.842239,19.451164],[101.884924,19.419228],[101.885802,19.372229],[101.844771,19.310165],[101.819036,19.180742],[101.808494,18.98401],[101.815987,18.855077],[101.841464,18.793944],[101.826374,18.69811],[101.77046,18.567549],[101.657702,18.422235],[101.4881,18.262245],[101.408312,18.118894],[101.418544,17.992261],[101.458645,17.901828],[101.563651,17.820515]]]},"properties":{"kind":"river","name":"Lancang","label":null}},{"type":"Feature","geometry":{"type":"MultiLineString","coordinates":[[[80.625291,20.599027],[80.630407,20.714808],[80.664875,20.764624],[80.76306,20.798266],[80.888789,20.970271],[81.00594,21.046235],[81.156421,21.083468],[81.271091,21.219997],[81.34995,21.455797],[81.427723,21.58814],[81.542651,21.631548],[81.641146,21.589897],[81.680679,21.621575],[81.694011,21.71268],[81.745274,21.764072],[81.834468,21.775751],[81.920354,21.808798],[82.002933,21.863162],[82.114347,21.847556],[82.254597,21.761876],[82.376192,21.72777],[82.479028,21.745133],[82.722786,21.739138],[83.29965,21.695162]],[[83.856618,21.520444],[83.949222,21.453859],[83.942608,21.337432],[83.829953,21.054736],[83.83202,20.96177],[83.865713,20.907045],[83.931756,20.859606],[84.046374,20.846118],[84.209775,20.866582],[84.309717,20.846945],[84.346304,20.787233],[84.444179,20.729536],[84.603343,20.673881],[84.707522,20.61484],[84.756615,20.552441],[84.92198,20.480094],[85.344383,20.356691],[85.665448,20.442732],[85.832208,20.445212],[85.951581,20.392864],[86.048164,20.310802],[86.1587,20.143138],[86.17658,20.093787],[86.245206,20.05304]]]},"properties":{"kind":"river","name":"Mah\u00e4na Nad\u00ef","label":null}},{"type":"Feature","geometry":{"type":"MultiLineString","coordinates":[[[82.40048,30.411477],[82.722734,30.365046],[82.825157,30.371015],[82.885773,30.335668],[82.938793,30.261047],[83.164257,30.12612],[83.761017,29.833321],[83.925348,29.76069],[83.982502,29.710642],[83.987153,29.658965],[84.013921,29.617417],[84.062704,29.585921],[84.188691,29.555276],[84.391779,29.525459],[84.501127,29.451949],[84.51663,29.334747],[84.634245,29.253667],[84.85387,29.208605],[85.014067,29.220956],[85.114629,29.290719],[85.225837,29.312785],[85.408668,29.274389],[85.591913,29.204058],[85.867142,29.195247],[86.295332,29.224547],[86.734479,29.208863],[87.184374,29.148195],[87.472108,29.126284],[87.66021,29.151528]]]},"properties":{"kind":"river","name":"Maquan","label":null}},{"type":"Feature","geometry":{"type":"MultiLineString","coordinates":[[[104.951145,11.590921],[104.9513,11.50829],[104.976156,11.471548],[105.025662,11.453229],[105.041268,11.427675],[105.022872,11.394912],[105.044059,11.211874],[105.104934,10.878561],[105.311019,10.535171],[105.830988,10.000734]],[[104.951145,11.590921],[105.181053,11.446278],[105.266164,11.356413],[105.282184,11.274144],[105.266061,11.180351],[105.217795,11.074983],[105.199088,10.978038],[105.210044,10.889517],[105.248594,10.825128],[105.314843,10.784846],[105.357683,10.723325],[105.377217,10.640591],[105.49013,10.529332],[105.696526,10.389599],[105.87946,10.299191],[105.930981,10.28361],[106.136395,10.221702]],[[101.563651,17.820515],[101.687468,17.889399],[101.744105,17.952703],[101.774801,18.033422],[101.818623,18.064634],[101.875467,18.046418],[101.947452,18.081481],[102.034578,18.169847],[102.101499,18.210646],[102.148215,18.203876],[102.231672,18.14897],[102.351872,18.045927],[102.45879,17.984639],[102.552531,17.965105],[102.598213,17.926761],[102.596043,17.869607],[102.616817,17.83333],[102.660638,17.817957],[102.680069,17.824106],[102.675211,17.851753],[102.717638,17.892242],[102.807451,17.945572],[102.89866,17.976888],[102.991368,17.986241],[103.051312,18.028512],[103.0912,18.138253]],[[103.09038,18.137059],[103.0912,18.138253]],[[103.0912,18.138253],[103.092343,18.141399]],[[103.0912,18.138253],[103.148516,18.22173],[103.199675,18.259454],[103.263186,18.278471],[103.279619,18.304981],[103.248923,18.338984],[103.251713,18.373478],[103.288249,18.408412],[103.366952,18.42332],[103.487978,18.418153],[103.629675,18.382548],[103.792249,18.316479],[103.898857,18.295292],[103.949552,18.319011],[104.048719,18.216718],[104.196204,17.98836],[104.322656,17.815812],[104.428179,17.698972],[104.539232,17.609287],[104.655917,17.546733],[104.739685,17.461673],[104.816062,17.300288],[104.759012,17.077149],[104.743509,16.88437],[104.75064,16.647537],[104.81937,16.466075],[104.949904,16.339933],[105.025765,16.238001],[105.047159,16.160254],[105.148755,16.09354],[105.330656,16.03791],[105.406311,15.987448],[105.375615,15.94218],[105.373186,15.889676],[105.398921,15.829861],[105.462018,15.780407],[105.562373,15.741262],[105.622111,15.699972],[105.641025,15.656538],[105.638906,15.585948],[105.615652,15.488254],[105.573742,15.41322],[105.513178,15.360871],[105.520309,15.331054],[105.59524,15.323794],[105.66614,15.273332],[105.781688,15.120524],[105.868091,15.032855],[105.906539,14.944359],[105.925866,14.825762],[105.914755,14.712901],[105.873311,14.605724],[105.859513,14.494619],[105.873259,14.379691],[105.864112,14.267372],[105.831969,14.157715],[105.855172,14.070098],[105.93372,14.00452],[105.980539,13.947934],[105.995732,13.900289],[105.996249,13.852023],[105.982296,13.803085],[105.990668,13.751771],[106.021467,13.698105],[106.00462,13.60935],[105.940025,13.485534],[105.918166,13.405229],[105.949327,13.35009],[106.022655,13.195836],[106.025033,13.060753],[105.980901,12.893374],[105.978369,12.68256],[106.01754,12.428311],[105.98457,12.289431],[105.879667,12.265892],[105.763395,12.26411],[105.635754,12.284108],[105.543357,12.20432],[105.486099,12.024796],[105.388947,11.936378],[105.252005,11.938961],[105.168031,11.9201],[105.137128,11.879792],[105.089586,11.8546],[105.025352,11.844523],[105.000031,11.821553],[105.013363,11.785689],[105.001788,11.747061],[104.965097,11.705694],[104.948199,11.662493],[104.951145,11.590921]]]},"properties":{"kind":"river","name":"Mekong","label":null}},{"type":"Feature","geometry":{"type":"MultiLineString","coordinates":[[[103.71923,29.537035],[103.767134,29.516519],[103.83173,29.386062],[103.865888,29.315782],[103.857103,29.290461],[103.925729,29.223927],[104.144786,29.062335],[104.250516,28.996292],[104.291185,28.948208],[104.302037,28.89604],[104.38043,28.848575],[104.620364,28.779355]]]},"properties":{"kind":"river","name":"Min","label":null}},{"type":"Feature","geometry":{"type":"MultiLineString","coordinates":[[[103.921647,25.878912],[103.854571,25.801164],[103.835657,25.72489],[103.845889,25.57384],[103.882993,25.341451],[103.866766,25.218874],[103.809612,25.128544],[103.712719,25.047825],[103.487771,24.939098],[103.447567,24.934964],[103.415631,24.955273],[103.39217,24.999973],[103.326438,25.012789],[103.218537,24.993669],[103.164742,24.943723],[103.165052,24.863005],[103.131514,24.77394],[103.064025,24.676582],[103.052811,24.608653],[103.097769,24.570128],[103.104849,24.519951],[103.074153,24.458146],[103.080458,24.321384],[103.14557,24.003806],[103.16929,23.87012],[103.195283,23.817823],[103.231611,23.802372],[103.262359,23.809684],[103.287577,23.83976],[103.375737,23.863247],[103.526735,23.880196],[103.610245,23.915905],[103.626264,23.970372],[103.61934,24.02011],[103.589677,24.065146],[103.590814,24.109588],[103.62275,24.153461],[103.674478,24.184881],[103.745895,24.203846],[103.825012,24.270457],[103.911828,24.384739],[103.987328,24.441738],[104.05151,24.441454],[104.150935,24.471582],[104.352938,24.562429],[104.53732,24.741177],[104.681187,24.658805],[104.799939,24.672861],[104.941429,24.755879],[105.056255,24.850215],[105.144415,24.955893],[105.20808,24.991059],[105.247354,24.95579],[105.307919,24.937135],[105.389671,24.935067],[105.450029,24.904863],[105.488993,24.846546],[105.582631,24.789805],[105.731149,24.734615],[105.833055,24.712445],[105.888452,24.723246],[105.942195,24.706942],[105.994388,24.663534],[106.065082,24.688829],[106.154482,24.782803],[106.188175,24.86241],[106.166368,24.927678],[106.230653,24.979225],[106.381238,25.017078],[106.508982,25.070356],[106.613989,25.139086],[106.742456,25.188747],[106.873921,25.215205],[106.943633,25.224688]]]},"properties":{"kind":"river","name":"Nanpan","label":null}},{"type":"Feature","geometry":{"type":"MultiLineString","coordinates":[[[81.574277,22.753754],[81.280135,22.87726],[81.096477,22.955705],[81.026713,22.968986],[81.009557,22.943251],[80.97297,22.936068],[80.917056,22.947333],[80.877265,22.978598],[80.853701,23.029783],[80.8321,23.040351],[80.81236,23.010224],[80.731693,22.984644],[80.589996,22.96356],[80.508554,22.925319],[80.487367,22.870026],[80.483956,22.787627],[80.498322,22.678151],[80.486488,22.611075],[80.448351,22.586374],[80.410679,22.583531],[80.373368,22.602445],[80.333216,22.657842],[80.290324,22.749645],[80.216582,22.790392],[80.059847,22.774838],[79.962592,22.851655],[79.932723,22.933898],[79.937788,23.047172],[79.83428,23.112078],[79.622096,23.128563],[79.418595,23.121612],[79.223774,23.091175],[79.116236,23.060789],[79.095875,23.030481],[78.99707,23.023608],[78.819613,23.040248],[78.671715,23.037871],[78.553273,23.016477],[78.442013,22.970226],[78.337937,22.899145],[78.257167,22.868346],[78.199806,22.877777],[78.158413,22.85907],[78.133092,22.812174],[78.074904,22.793648],[77.98385,22.803415],[77.91879,22.824628],[77.879722,22.857236],[77.790219,22.825325],[77.650279,22.728949],[77.456751,22.639084],[77.086075,22.514156],[76.884021,22.457699],[76.803199,22.406643],[76.77643,22.342202],[76.713592,22.289157],[76.614786,22.247583],[76.529727,22.254094],[76.45831,22.308664],[76.305555,22.298923],[76.071357,22.224897],[75.607509,22.14609],[74.567366,22.020723],[74.466442,22.034779],[74.38686,22.012068],[74.29498,21.957239],[74.202014,21.93246],[74.108066,21.937731],[73.984818,21.914218],[73.832372,21.861922],[73.702923,21.87174],[73.596469,21.943751],[73.518335,21.981449],[73.468519,21.98486],[73.416894,21.961373],[73.36346,21.911014],[73.310544,21.896803],[73.258144,21.918714],[73.235251,21.908379],[73.241866,21.86572],[73.217888,21.844274],[73.163421,21.844016],[73.134999,21.821356],[73.137324,21.783477],[73.112468,21.750456]]]},"properties":{"kind":"river","name":"Narmada","label":null}},{"type":"Feature","geometry":{"type":"MultiLineString","coordinates":[[[97.983198,28.424984],[98.192074,28.24993],[98.296874,28.131823],[98.335114,28.008317],[98.341832,27.839955],[98.301731,27.730039],[98.214915,27.678518],[98.153627,27.673557],[98.117763,27.715208],[98.079781,27.726215],[98.039577,27.706681],[98.042109,27.629425],[98.087481,27.494394],[98.17192,27.329082],[98.29553,27.133383],[98.362451,26.973548],[98.372683,26.849576],[98.353615,26.701394],[98.280957,26.442882],[98.157968,26.030143],[98.096266,25.866794],[98.055028,25.815298],[97.976325,25.739876],[97.86026,25.640554],[97.774735,25.62009],[97.719855,25.678433],[97.640842,25.705899],[97.557901,25.70316],[97.51904,25.701016]]]},"properties":{"kind":"river","name":"Nmai","label":null}},{"type":"Feature","geometry":{"type":"MultiLineString","coordinates":[[[96.595582,30.447909],[96.675267,30.44331],[96.706893,30.405612],[96.717125,30.333265],[96.853603,30.245234],[97.116429,30.14152],[97.290424,30.032405],[97.375483,29.91789],[97.424162,29.81663],[97.436358,29.728677],[97.477131,29.635039],[97.54648,29.535717],[97.660324,29.446523],[97.818557,29.367355],[97.949091,29.226227],[98.051928,29.023087],[98.163342,28.870021],[98.343486,28.715457],[98.366637,28.577248],[98.390563,28.521619],[98.422913,28.502498],[98.450663,28.402117],[98.473917,28.220474],[98.535516,28.087562],[98.635458,28.003407],[98.68238,27.913387],[98.676179,27.817475],[98.708942,27.722494],[98.816429,27.581469],[98.868674,27.341122],[98.889189,27.059486],[98.895287,26.656409],[98.884538,26.362267],[98.856943,26.176981],[98.856013,25.931079],[98.881851,25.624534],[98.881851,25.371733],[98.856013,25.172753],[98.871206,24.991446],[98.927326,24.827839],[98.980243,24.722987],[99.029852,24.676918],[99.035795,24.594261],[98.998071,24.475044],[99.015693,24.382595],[99.088763,24.317043],[99.057654,24.247978],[98.922469,24.175476],[98.76439,24.116074],[98.58342,24.069797],[98.472574,24.025872],[98.432008,23.984273],[98.420019,23.932958],[98.436659,23.87198],[98.495931,23.783329],[98.597941,23.667031],[98.638352,23.563265],[98.617371,23.472108],[98.635148,23.416917],[98.691888,23.397694],[98.721241,23.356663],[98.723204,23.293772],[98.654061,23.248142],[98.513708,23.21972],[98.473814,23.173263],[98.534482,23.108693],[98.548435,23.067946],[98.515879,23.050945],[98.504096,23.024383],[98.513088,22.988261],[98.554481,22.952915],[98.628171,22.918395],[98.629257,22.871266],[98.557736,22.811502],[98.55262,22.706211],[98.613909,22.555419],[98.625639,22.432068],[98.587709,22.336156],[98.58745,22.251045],[98.624761,22.176631],[98.676179,22.114619],[98.741601,22.06501],[98.718037,21.994989],[98.605279,21.904555],[98.573859,21.789833],[98.623676,21.650875],[98.628637,21.56442],[98.588742,21.530521],[98.59484,21.48272],[98.647033,21.420967],[98.680623,21.337199],[98.695609,21.231392],[98.72646,21.14473],[98.773072,21.077163],[98.724238,21.020371],[98.50792,20.951254]]]},"properties":{"kind":"river","name":"Nu","label":null}},{"type":"Feature","geometry":{"type":"MultiLineString","coordinates":[[[91.518373,31.943038],[91.545658,31.814854],[91.600022,31.746745],[91.690559,31.695998],[91.755103,31.606521],[91.793602,31.478363],[91.862848,31.417876],[91.962687,31.425111],[92.031933,31.395655],[92.070587,31.329509],[92.133529,31.29902],[92.220759,31.304188],[92.282461,31.347493],[92.318737,31.429012],[92.428291,31.48552],[92.702693,31.532753],[92.86873,31.562622],[92.958285,31.559728],[93.026601,31.534045],[93.156102,31.528929],[93.346788,31.544328],[93.523522,31.536215],[93.686509,31.504486],[93.819318,31.500868],[93.921947,31.525363],[94.106019,31.523347],[94.371429,31.494822],[94.527853,31.467899],[94.575292,31.442577],[94.575654,31.386922],[94.528835,31.30088],[94.531212,31.250754],[94.582785,31.236543],[94.628674,31.196081],[94.669085,31.129341],[94.710116,31.090687],[94.751767,31.080067],[94.821324,31.102365],[94.918682,31.157556],[95.03852,31.186107],[95.180837,31.187967],[95.300881,31.171379],[95.398653,31.13642],[95.486038,31.07415],[95.563036,30.984595],[95.66737,30.956509],[95.799042,30.989892],[95.962443,30.978058],[96.15747,30.920929],[96.28325,30.873335],[96.339577,30.83525],[96.410942,30.720528],[96.497242,30.529196],[96.554189,30.437109],[96.595582,30.447909]]]},"properties":{"kind":"river","name":"Nu","label":null}},{"type":"Feature","geometry":{"type":"MultiLineString","coordinates":[[[98.50792,20.951254],[98.502339,20.828367],[98.537789,20.711785],[98.612513,20.560554],[98.659746,20.414051],[98.679486,20.272303],[98.552259,20.14859],[98.140811,19.99002],[97.942994,19.960617],[97.865169,19.928603],[97.841398,19.884161],[97.809875,19.858116],[97.770704,19.850365],[97.696084,19.717556],[97.531029,19.330681],[97.457287,18.851614],[97.440234,18.830841],[97.40561,18.82805],[97.353417,18.843243],[97.331868,18.778492],[97.340963,18.633902],[97.380651,18.494298],[97.450827,18.359655],[97.523794,18.295886],[97.599345,18.302966],[97.632263,18.290357],[97.622445,18.258033],[97.65159,18.173723],[97.7197,18.037401],[97.739957,17.935314],[97.698564,17.833537],[97.755408,17.57146],[97.749414,17.443923],[97.699701,17.363592],[97.658567,17.251299],[97.62601,17.107121],[97.608647,16.947364],[97.606477,16.772],[97.622393,16.651981],[97.668437,16.551626]]]},"properties":{"kind":"river","name":"Salween","label":null}},{"type":"Feature","geometry":{"type":"MultiLineString","coordinates":[[[81.639803,31.449579],[81.5488,31.404466],[81.50038,31.400048],[81.446119,31.431829],[81.29295,31.535233],[81.225048,31.602257],[81.191355,31.667318],[81.187427,31.742662],[81.213162,31.82829],[81.268094,31.899862],[81.35212,31.957481],[81.365918,32.001897],[81.30959,32.033187],[81.281892,32.07998],[81.282822,32.142302],[81.251506,32.223873],[81.187841,32.324642],[81.028884,32.419624],[80.774739,32.508817],[80.534651,32.553],[80.308618,32.552148],[80.080415,32.524733],[79.734596,32.443937]]]},"properties":{"kind":"river","name":"Shiquan","label":null}},{"type":"Feature","geometry":{"type":"MultiLineString","coordinates":[[[81.375736,30.758149],[81.293777,30.792281]],[[81.199313,30.852096],[80.873958,31.05397],[80.731228,31.121253],[80.628392,31.121253],[80.53403,31.066373],[80.474499,31.05335],[80.418172,31.063892],[80.295595,31.124612],[80.106563,31.235406],[79.980421,31.335917],[79.917065,31.426196],[79.795471,31.480869],[79.61574,31.500041],[79.455595,31.550374],[79.315138,31.63192],[79.170806,31.669773],[79.022701,31.663882],[78.922139,31.69698],[78.869119,31.769121],[78.811345,31.815733],[78.74861,31.836894],[78.651665,31.804467],[78.52051,31.718426],[78.45178,31.656673],[78.445476,31.619156],[78.404806,31.600423],[78.329669,31.600423],[78.284452,31.580605],[78.269052,31.540969],[78.153401,31.531822],[77.937393,31.553216],[77.756526,31.511514],[77.610798,31.406817],[77.495456,31.355502],[77.410603,31.357569],[77.352984,31.337984],[77.322702,31.29672],[77.270457,31.267239],[77.196146,31.249566],[77.0899,31.272743],[76.951613,31.33677],[76.882884,31.38023],[76.883711,31.403122],[76.854255,31.41307],[76.764648,31.408626]],[[76.435056,31.422268],[76.383793,31.407386],[76.369582,31.38656],[76.375266,31.354882],[76.534998,31.143681],[76.566934,31.05335],[76.52611,31.003017],[76.360022,30.989013],[76.06867,31.011363],[75.791116,31.013198],[75.527463,30.994491],[75.304996,31.034695],[75.123818,31.133785],[74.983982,31.177115],[74.88559,31.164765],[74.727511,31.092263],[74.509747,30.959661],[74.380401,30.893412],[74.33937,30.893567],[74.215605,30.768975],[74.009002,30.519688],[73.805656,30.363367],[73.505415,30.268308],[73.381805,30.229266],[73.325375,30.194436],[73.294989,30.150744],[73.268117,30.139349],[73.24476,30.160227],[73.157943,30.12364],[73.007771,30.029589],[72.858323,29.960084],[72.709805,29.915022],[72.631257,29.875851],[72.622679,29.842546],[72.554362,29.829032],[72.426102,29.835285],[72.308589,29.793711],[72.201619,29.70426],[72.15263,29.639509],[72.161518,29.599486],[72.120539,29.557473],[72.029692,29.513444],[71.9051,29.486986],[71.746866,29.478098],[71.650128,29.452156],[71.614988,29.409161],[71.56481,29.382393],[71.499595,29.371851],[71.418101,29.382083],[71.320433,29.413089],[71.209122,29.413089],[71.014146,29.326246]]]},"properties":{"kind":"river","name":"Sutlej","label":null}},{"type":"Feature","geometry":{"type":"MultiLineString","coordinates":[[[92.992805,34.100296],[93.094504,34.194502],[93.262039,34.222356],[93.529206,34.215225],[93.70656,34.23897],[93.837611,34.320903],[94.010469,34.501254],[94.117181,34.566986],[94.215469,34.578148],[94.338046,34.628791],[94.48491,34.718966],[94.660713,34.74067],[94.865249,34.693955],[95.018159,34.62445],[95.119342,34.532156],[95.212049,34.485983],[95.296282,34.485932],[95.398291,34.442213],[95.518077,34.354854],[95.575386,34.293101],[95.570322,34.257031],[95.59585,34.229436],[95.652177,34.210367],[95.756977,34.111407],[95.910456,33.932606],[96.023007,33.823621],[96.094734,33.78445],[96.152509,33.770239],[96.19633,33.781039],[96.222375,33.769334],[96.23054,33.735073],[96.276015,33.724996],[96.358801,33.739104],[96.418125,33.715281],[96.454092,33.653502],[96.52923,33.603789],[96.643538,33.566143],[96.701881,33.516327],[96.704258,33.454367],[96.7225,33.406488],[96.756709,33.37264],[96.780584,33.364269],[96.794227,33.381322],[96.807869,33.37078],[96.821512,33.332591],[96.873033,33.320499],[96.962433,33.334451],[97.011268,33.309698],[97.019691,33.24624],[97.084751,33.143662],[97.206501,33.001965],[97.290734,32.92259],[97.337346,32.905511],[97.37817,32.847763],[97.413,32.749423],[97.624253,32.614056],[98.011723,32.441741],[98.209127,32.329707],[98.216362,32.278004],[98.278167,32.185116],[98.394542,32.051016],[98.445909,31.941306],[98.432266,31.855989],[98.454487,31.782427],[98.54151,31.689797]]]},"properties":{"kind":"river","name":"Tongtian","label":null}},{"type":"Feature","geometry":{"type":"MultiLineString","coordinates":[[[78.339952,30.915168],[78.072372,30.737659],[77.986692,30.567695],[77.942199,30.517905],[77.910263,30.531573],[77.814713,30.511006],[77.655446,30.456203],[77.574418,30.391169],[77.570077,30.278281],[77.527754,30.202653],[77.442746,30.127257],[77.300843,30.026901],[77.187,29.871407],[77.101113,29.660851],[77.073673,29.537629],[77.104782,29.501765],[77.106643,29.469106],[77.094344,29.450399],[77.092742,29.427481],[77.120544,29.401281],[77.144625,29.340328],[77.137494,29.191061],[77.155632,29.065926],[77.19904,28.964951],[77.221261,28.858032],[77.222191,28.745171],[77.248856,28.64652],[77.327404,28.519758],[77.454632,28.424932],[77.489358,28.373824],[77.474062,28.334782],[77.484449,28.281685],[77.520519,28.214609],[77.520881,28.147481],[77.485638,28.080405],[77.49587,27.98452],[77.55168,27.859798],[77.607181,27.797425],[77.662268,27.797322],[77.681233,27.749211],[77.663973,27.653093],[77.667952,27.60077],[77.693067,27.592244],[77.700405,27.569713],[77.689863,27.533152],[77.711464,27.466903],[77.765311,27.370991],[77.821431,27.305104],[77.879929,27.26924],[77.92003,27.262936],[77.941734,27.28619],[77.966435,27.289833],[77.994237,27.273891],[78.01222,27.244539],[78.020489,27.201854],[78.068444,27.183147],[78.156088,27.188418],[78.203423,27.164931],[78.210348,27.112686],[78.249105,27.096072],[78.292048,27.106046],[78.308637,27.095427],[78.312926,27.079019],[78.326982,27.061863],[78.383102,27.057935],[78.436897,27.024346],[78.488264,26.961068],[78.507591,26.953316],[78.521802,26.960422],[78.543764,26.957967],[78.60898,26.910192],[78.663395,26.894483],[78.707113,26.910838],[78.778995,26.879807],[78.878938,26.801362],[78.947874,26.762139],[78.985804,26.762139],[79.024407,26.721186],[79.063784,26.639253],[79.135769,26.579515],[79.240363,26.541972],[79.262532,26.511302],[79.261963,26.48536],[79.251473,26.471614],[79.265839,26.445931],[79.280205,26.432857],[79.311004,26.427509],[79.401851,26.436475],[79.47301,26.416166],[79.493784,26.371853],[79.518278,26.359167],[79.5359,26.354748],[79.544737,26.334904],[79.537812,26.306121],[79.592072,26.243928],[79.712272,26.155768],[79.804256,26.107554],[79.868025,26.099363],[79.91226,26.112102],[79.931587,26.125098],[79.947348,26.125098],[79.956288,26.094997],[79.988999,26.072001],[80.049874,26.071122],[80.080311,26.052725],[80.080415,26.01681],[80.113126,25.979241],[80.211259,25.920485],[80.44215,25.889324],[80.524315,25.869997],[80.534754,25.852143],[80.522765,25.83509],[80.488555,25.818786],[80.524264,25.781424],[80.629994,25.72303],[80.7165,25.702411],[80.783783,25.719516],[80.843934,25.717449],[80.896954,25.696158],[80.930389,25.667684],[80.944341,25.632079],[80.969249,25.617145],[81.005216,25.622829],[81.021753,25.604897],[81.018859,25.563298],[81.059063,25.530561],[81.142262,25.50666],[81.181226,25.465629],[81.175852,25.407442],[81.221534,25.367237],[81.318375,25.344913],[81.37739,25.318739],[81.398577,25.288741],[81.472061,25.294839],[81.597738,25.337033],[81.69427,25.351089],[81.761656,25.337007],[81.803617,25.351579],[81.82005,25.394781],[81.847025,25.415968],[81.903146,25.414625]]]},"properties":{"kind":"river","name":"Yamuna","label":null}},{"type":"Feature","geometry":{"type":"MultiLineString","coordinates":[[[87.66021,29.151528],[87.747234,29.288187],[87.823301,29.349062],[87.917249,29.379706],[88.015434,29.380533],[88.11765,29.351594],[88.181936,29.34733],[88.208187,29.367743],[88.25666,29.36627],[88.32725,29.342964],[88.429672,29.336142],[88.630797,29.350664],[89.403618,29.366011],[89.698794,29.359035],[89.77388,29.334851],[89.862143,29.33392],[89.963326,29.356348],[90.081975,29.359707],[90.217987,29.344101],[90.32134,29.315472],[90.392033,29.273924],[90.505618,29.278497],[90.662094,29.329244],[90.74643,29.339863],[90.758626,29.310408],[90.785911,29.307875],[90.828389,29.332267],[90.896705,29.337434],[91.037989,29.316505],[92.076168,29.281159],[92.46524,29.231343],[92.551281,29.155275],[92.694528,29.101325],[92.89493,29.069492],[93.02288,29.072541],[93.078381,29.110472],[93.116932,29.106518],[93.138326,29.06063],[93.182664,29.029288],[93.24974,29.012545],[93.33113,29.049597],[93.426732,29.140444],[93.568119,29.178323],[93.755291,29.163233],[93.931559,29.171062],[94.096923,29.201784],[94.223737,29.240231],[94.356029,29.309529]]]},"properties":{"kind":"river","name":"Yarlung","label":null}},{"type":"Feature","geometry":{"type":"MultiLineString","coordinates":[[[107.504787,26.337592],[107.50086,26.238502],[107.518998,26.191477],[107.557962,26.16352],[107.61,26.166672],[107.707772,26.218116],[107.779809,26.357952],[107.800273,26.431514],[107.793245,26.485386],[107.826318,26.529544],[107.899595,26.564012],[107.95923,26.616774],[108.005222,26.68788],[108.071833,26.752889],[108.158908,26.8118],[108.250892,26.83906],[108.34763,26.834667],[108.395999,26.816761],[108.396102,26.78529],[108.453463,26.725036],[108.568081,26.635997],[108.644769,26.617704],[108.683423,26.670259],[108.71784,26.695994],[108.747915,26.695012],[108.76192,26.67925],[108.759749,26.648761],[108.795354,26.614138],[108.868632,26.575381],[108.961287,26.573365],[109.073219,26.608195],[109.194297,26.678682],[109.38984,26.837871],[109.437796,26.893553],[109.443894,26.954221],[109.42405,27.038402],[109.440638,27.079898],[109.493658,27.078683],[109.556032,27.107105],[109.627758,27.165138],[109.667343,27.177334],[109.674887,27.143692],[109.691941,27.128319],[109.718709,27.131212],[109.739793,27.151883],[109.755296,27.190382],[109.822992,27.188832],[109.942985,27.147206],[110.050523,27.190356],[110.216818,27.422719],[110.263844,27.503722],[110.283791,27.566406],[110.276608,27.61077],[110.299035,27.653454],[110.350815,27.694408],[110.366731,27.72929],[110.346784,27.758048],[110.348335,27.79081],[110.371382,27.827501],[110.346836,27.862744],[110.274592,27.896489],[110.250666,27.92721],[110.275161,27.954909],[110.252113,27.980721],[110.18173,28.004596],[110.135479,28.036429],[110.113465,28.076142],[110.12809,28.128438],[110.179249,28.193318],[110.194752,28.242049],[110.174598,28.274605],[110.181523,28.289178],[110.215733,28.285793],[110.27206,28.320236],[110.350505,28.392557],[110.418925,28.486375],[110.477216,28.601717],[110.633072,28.690032],[110.886596,28.751346],[111.040075,28.803074],[111.093612,28.845216],[111.149423,28.837878],[111.207404,28.78106],[111.27851,28.762147],[111.404601,28.790569],[111.522423,28.986086],[111.55932,29.005],[111.592703,28.99022],[111.626499,28.995879],[111.65456,29.012674],[111.678796,29.012674],[111.705151,28.992443],[111.744425,28.98774],[111.796412,29.009599],[111.865038,29.011614],[111.992885,28.984846]],[[112.904871,29.031381],[112.993548,29.147446]],[[113.069305,29.387664],[113.1277,29.462776]]]},"properties":{"kind":"river","name":"Yuan","label":null}},{"type":"Feature","geometry":{"type":"MultiLineString","coordinates":[[[94.084004,33.155858],[94.447703,33.163299],[94.506614,33.204278],[94.609864,33.205467],[94.777089,33.180611],[94.915788,33.139631],[95.026066,33.08258],[95.089421,33.024755],[95.106061,32.966153],[95.225227,32.914632],[95.446919,32.87019],[95.580864,32.814612],[95.627166,32.747924],[95.727625,32.672218],[95.882344,32.587494],[96.010708,32.552484],[96.112718,32.56716],[96.182688,32.562354],[96.239325,32.52587],[96.381177,32.433318],[96.454609,32.343401],[96.506906,32.225191],[96.585454,32.155014],[96.690357,32.132871],[96.769887,32.085355],[96.824147,32.012491],[96.873808,31.973449],[96.941298,31.965543]]]},"properties":{"kind":"river","name":"Za","label":null}},{"type":"Feature","geometry":{"type":"MultiLineString","coordinates":[[[106.464024,10.298312],[106.385372,10.330016],[106.137584,10.306141]],[[106.137584,10.306141],[105.930981,10.28361]],[[106.137584,10.306141],[106.183834,10.253431],[106.222075,10.244698],[106.292045,10.261751],[106.329769,10.247411],[106.359948,10.210876],[106.407593,10.117161],[106.467951,10.05042],[106.518801,10.015487],[106.579159,9.978952],[106.658121,9.948721]]]},"properties":{"kind":"river","name":null,"label":null}}]}